Sygnatura czasowa;Polityka RODO: ;Jestem: ;Sta¿ pracy: ;Szko³a:;Co jest prawd¹ o emocjach?;Z psychologicznego punktu widzenia emocje:;Co mo¿e pomóc w KONSTRUKTYWNYM ukojeniu nieprzyjemnych emocji? ;Jak wykonuje siê poprawny oddech przeponowy?;Co jest sposobem na zmniejszenie podatnoœci na odczuwanie nieprzyjemnych stanów emocjonalnych?;Czy forma przekazywania treœci podczas spotkania by³a dla Pani/Pana odpowiednia?;Jeœli nie, co nale¿a³oby zmieniæ?;Czy treœci przekazywane by³y w sposób zrozumia³y?;Czy æwiczenia realizowane w trakcie szkolenia pozwala³y na praktyczne wykorzystywanie zdobytej wiedzy? ;Czy prowadz¹cy zachêca³ do interakcji? Dawa³ mo¿liwoœæ zadawania pytañ i dyskusji? ;Czy udzia³ w szkoleniu pozwoli³ Pani/Panu na zdobycie lub uporz¹dkowanie wiedzy? ;Dziêki spotkaniu lepiej rozumiem to, co siê ze mn¹ dzieje.;Dziêki wiedzy zdobytej na szkoleniu jestem lepiej przygotowana/y na zauwa¿enie swoich emocji i zaopiekowania siê nimi.;Jakie treœci przekazane w ramach spotkania bêd¹ dla Pani/Pana najbardziej przydatne? Dlaczego?;Czy spotkanie zmieni³o sposób postrzegania przez Pani¹/Pana pewnych zagadnieñ? Jakich?;Czy jest Pani/Pan w stanie wskazaæ treœci, które uwa¿a Pani/Pan za zbêdne w agendzie szkolenia? Jakie?;Czy w Pani/Pana odczuciu w agendzie spotkania zabrak³o jakichœ istotnych treœci? Jakich?;Ogólna ocena spotkania ;Czy ma Pani/Pan dodatkowe uwagi dotycz¹ce szkolenia?
4.7.2025 17:49:32;Akceptujê;nauczycielem;16-20 lat;Zespó³ Szkó³ Budowlano-Technicznych w Stargardzie;Obie odpowiedzi s¹ poprawne.;s¹ normalne i potrzebne, poniewa¿ realizuj¹ szereg wa¿nych funkcji.;Przyjêcie odpowiedniej postawy cia³a lub wykonanie prostych ruchów.;Wdech odbywa siê przez nos, a wydech – przez usta.;Codzienna troska o fizycznoœæ, opieraj¹ca siê na trzech g³ównych filarach: w³aœciwej diecie, odpowiedniej iloœci snu i ruchu.;Tak;;Zdecydowanie tak;Zdecydowanie tak;Tak;Zdecydowanie tak;5;5;"aplikacja ""nie panikuj"", pomo¿e w opanowaniu leku";nie, wszystko juz wiem;nie ma takich;nie;10;nie mam
4.7.2025 17:49:58;Akceptujê;nauczycielem;21 lat i wiêcej;Zespó³ Szkó³ Budowlano-Technicznych w Stargardzie;Obie odpowiedzi s¹ poprawne.;s¹ normalne i potrzebne, poniewa¿ realizuj¹ szereg wa¿nych funkcji.;Przyjêcie odpowiedniej postawy cia³a lub wykonanie prostych ruchów.;Wdech odbywa siê przez nos, a wydech – przez usta.;Codzienna troska o fizycznoœæ, opieraj¹ca siê na trzech g³ównych filarach: w³aœciwej diecie, odpowiedniej iloœci snu i ruchu.;Tak;;Zdecydowanie tak;Raczej tak;Tak;Raczej tak;5;5;bez uwag;bez uwag;bez uwag;bez uwag;10;nie
4.7.2025 17:50:07;Akceptujê;pedagogiem;16-20 lat;Zespó³ Szkó³ Budowlano-Technicznych w Stargardzie;Obie odpowiedzi s¹ poprawne.;s¹ normalne i potrzebne, poniewa¿ realizuj¹ szereg wa¿nych funkcji.;Przyjêcie odpowiedniej postawy cia³a lub wykonanie prostych ruchów.;Wdech odbywa siê przez nos, a wydech – przez usta.;Codzienna troska o fizycznoœæ, opieraj¹ca siê na trzech g³ównych filarach: w³aœciwej diecie, odpowiedniej iloœci snu i ruchu.;Tak;;Zdecydowanie tak;Zdecydowanie tak;Tak;Zdecydowanie tak;5;5;Sposoby radzenia sobie ;Nie;Nie;Nie;10;Nie
4.7.2025 17:50:31;Akceptujê;nauczycielem;6-10 lat;Zespó³ Szkó³ Budowlano-Technicznych w Stargardzie;Obie odpowiedzi s¹ poprawne.;s¹ normalne i potrzebne, poniewa¿ realizuj¹ szereg wa¿nych funkcji.;Przyjêcie odpowiedniej postawy cia³a lub wykonanie prostych ruchów.;Wdech odbywa siê przez nos, a wydech – przez usta.;Codzienna troska o fizycznoœæ, opieraj¹ca siê na trzech g³ównych filarach: w³aœciwej diecie, odpowiedniej iloœci snu i ruchu.;Tak;nic;Zdecydowanie tak;Raczej tak;Tak;Raczej tak;4;4;wszystkie;tak;nie;nie;8;nie
4.7.2025 17:50:47;Akceptujê;nauczycielem;21 lat i wiêcej;Zespó³ Szkó³ Budowlano-Technicznych w Stargardzie;Obie odpowiedzi s¹ poprawne.;s¹ normalne i potrzebne, poniewa¿ realizuj¹ szereg wa¿nych funkcji.;Przyjêcie odpowiedniej postawy cia³a lub wykonanie prostych ruchów.;Wdech odbywa siê przez nos, a wydech – przez usta.;Codzienna troska o fizycznoœæ, opieraj¹ca siê na trzech g³ównych filarach: w³aœciwej diecie, odpowiedniej iloœci snu i ruchu.;Tak;;Zdecydowanie tak;Zdecydowanie tak;Tak;Zdecydowanie tak;5;5;konkretne æwiczenia; wp³yw emocji na potrzeby;brak;nie;10;nie
4.7.2025 17:50:50;Akceptujê;nauczycielem;21 lat i wiêcej;Zespó³ Szkó³ Budowlano-Technicznych w Stargardzie;Obie odpowiedzi s¹ poprawne.;s¹ normalne i potrzebne, poniewa¿ realizuj¹ szereg wa¿nych funkcji.;Przyjêcie odpowiedniej postawy cia³a lub wykonanie prostych ruchów.;Wdech odbywa siê przez nos, a wydech – przez usta.;Optymistyczne nastawienie do codziennoœci i koncentrowanie siê na pozytywnych aspektach w³asnego ¿ycia.;Tak;-;Zdecydowanie tak;Zdecydowanie tak;Tak;Zdecydowanie tak;5;5;-;-;-;-;10;-
4.7.2025 17:51:12;Akceptujê;nauczycielem;21 lat i wiêcej;Zespó³ Szkó³ Budowlano-Technicznych w Stargardzie;Obie odpowiedzi s¹ poprawne.;s¹ normalne i potrzebne, poniewa¿ realizuj¹ szereg wa¿nych funkcji.;Przyjêcie odpowiedniej postawy cia³a lub wykonanie prostych ruchów.;Wdech odbywa siê przez nos, a wydech – przez usta.;Codzienna troska o fizycznoœæ, opieraj¹ca siê na trzech g³ównych filarach: w³aœciwej diecie, odpowiedniej iloœci snu i ruchu.;Tak;Nic;Zdecydowanie nie;Zdecydowanie tak;Tak;Zdecydowanie tak;5;5;Oddech;Tak wielu;Nie;Nie;10;Nie
4.7.2025 17:51:20;Akceptujê;nauczycielem;1-5 lat;Zespó³ Szkó³ Budowlano-Technicznych w Stargardzie;Obie odpowiedzi s¹ poprawne.;s¹ normalne i potrzebne, poniewa¿ realizuj¹ szereg wa¿nych funkcji.;Przyjêcie odpowiedniej postawy cia³a lub wykonanie prostych ruchów.;Wdech odbywa siê przez nos, a wydech – przez usta.;Optymistyczne nastawienie do codziennoœci i koncentrowanie siê na pozytywnych aspektach w³asnego ¿ycia.;Tak;;Zdecydowanie tak;Zdecydowanie tak;Tak;Raczej tak;5;5;cwiczenia ;nie;nie;nie;10;nie
4.7.2025 17:51:48;Akceptujê;pedagogiem;21 lat i wiêcej;Zespó³ Szkó³ Budowlano-Technicznych w Stargardzie;Obie odpowiedzi s¹ poprawne.;s¹ normalne i potrzebne, poniewa¿ realizuj¹ szereg wa¿nych funkcji.;Przyjêcie odpowiedniej postawy cia³a lub wykonanie prostych ruchów.;Wdech odbywa siê przez nos, a wydech – przez usta.;Codzienna troska o fizycznoœæ, opieraj¹ca siê na trzech g³ównych filarach: w³aœciwej diecie, odpowiedniej iloœci snu i ruchu.;Tak;;Zdecydowanie tak;Zdecydowanie tak;Tak;Zdecydowanie tak;5;5;TIPP, body2brain;utrwali³o moj¹ wiedzê;nie by³o takich;nie;10;Super, wiele z niego wynios³am. Dziêkujê :)
4.7.2025 17:52:04;Akceptujê;nauczycielem;21 lat i wiêcej;Zespó³ Szkó³ Budowlano-Technicznych w Stargardzie;Obie odpowiedzi s¹ poprawne.;s¹ normalne i potrzebne, poniewa¿ realizuj¹ szereg wa¿nych funkcji.;Przyjêcie odpowiedniej postawy cia³a lub wykonanie prostych ruchów.;Wdech odbywa siê przez nos, a wydech – przez usta.;Codzienna troska o fizycznoœæ, opieraj¹ca siê na trzech g³ównych filarach: w³aœciwej diecie, odpowiedniej iloœci snu i ruchu.;Tak;;Zdecydowanie tak;Zdecydowanie tak;Tak;Zdecydowanie tak;4;4;Jak radziæ sobie z atakami paniki;raczej nie;Nie by³o zbêdnych treœci;nie;9;nie
4.7.2025 17:52:48;Akceptujê;nauczycielem;21 lat i wiêcej;Zespó³ Szkó³ Budowlano-Technicznych w Stargardzie;Obie odpowiedzi s¹ poprawne.;s¹ normalne i potrzebne, poniewa¿ realizuj¹ szereg wa¿nych funkcji.;Przyjêcie odpowiedniej postawy cia³a lub wykonanie prostych ruchów.;Wdech odbywa siê przez nos, a wydech – przez usta.;Codzienna troska o fizycznoœæ, opieraj¹ca siê na trzech g³ównych filarach: w³aœciwej diecie, odpowiedniej iloœci snu i ruchu.;Tak;Nic;Zdecydowanie tak;Zdecydowanie tak;Tak;Raczej tak;5;4;Wszystkie ;Tak;Nie;Nie;9;Nie
4.7.2025 17:53:06;Akceptujê;Doradca zawodowy;1-5 lat;Zespó³ Szkó³ Budowlano-Technicznych w Stargardzie;Obie odpowiedzi s¹ poprawne.;s¹ normalne i potrzebne, poniewa¿ realizuj¹ szereg wa¿nych funkcji.;Przyjêcie odpowiedniej postawy cia³a lub wykonanie prostych ruchów.;Wdech odbywa siê przez nos, a wydech – przez usta.;Codzienna troska o fizycznoœæ, opieraj¹ca siê na trzech g³ównych filarach: w³aœciwej diecie, odpowiedniej iloœci snu i ruchu.;Tak;;Zdecydowanie tak;Zdecydowanie tak;Tak;Zdecydowanie tak;5;5;Wszystkie treœci by³y bardzo przydatne.;Jak najbardziej;Nie by³o takich;Nie zabrak³o;10;Brak
4.7.2025 17:54:01;Akceptujê;nauczycielem;21 lat i wiêcej;Zespó³ Szkó³ Budowlano-Technicznych w Stargardzie;Obie odpowiedzi s¹ poprawne.;s¹ normalne i potrzebne, poniewa¿ realizuj¹ szereg wa¿nych funkcji.;Przyjêcie odpowiedniej postawy cia³a lub wykonanie prostych ruchów.;Wdech odbywa siê przez nos, a wydech – przez usta.;Codzienna troska o fizycznoœæ, opieraj¹ca siê na trzech g³ównych filarach: w³aœciwej diecie, odpowiedniej iloœci snu i ruchu.;Tak;;Zdecydowanie tak;Zdecydowanie tak;Tak;Zdecydowanie tak;5;5;Wszystkie treœci bêd¹ przydatne.;Nie.;Wszystkie treœci by³y wa¿ne.; Myœlê, ¿e nie.;10; Bardzo dziêkujê za profesjonalne przedstawienie tematu.
4.7.2025 17:55:02;Akceptujê;nauczycielem;21 lat i wiêcej;Zespó³ Szkó³ Budowlano-Technicznych w Stargardzie;To reakcje, które pojawiaj¹ siê w odpowiedzi na subiektywnie wa¿n¹ dla danej osoby sytuacjê.;mo¿na podzieliæ na dobre (pozytywne) i z³e (negatywne).;Przyjêcie odpowiedniej postawy cia³a lub wykonanie prostych ruchów.;Wdech odbywa siê przez nos, a wydech – przez usta.;Optymistyczne nastawienie do codziennoœci i koncentrowanie siê na pozytywnych aspektach w³asnego ¿ycia.;Tak;Nic;Zdecydowanie tak;Zdecydowanie tak;Tak;Raczej tak;5;5;Wiêkszoœæ mi siê przyda .;Tak;Nie ;Nie ;9;Nie 
4.7.2025 17:55:34;Akceptujê;terapeuta pedagogicznym;11-15 lat;Zespó³ Szkó³ Budowlano-Technicznych w Stargardzie;Obie odpowiedzi s¹ poprawne.;s¹ normalne i potrzebne, poniewa¿ realizuj¹ szereg wa¿nych funkcji.;Przyjêcie odpowiedniej postawy cia³a lub wykonanie prostych ruchów.;Wdech odbywa siê przez nos, a wydech – przez usta.;Codzienna troska o fizycznoœæ, opieraj¹ca siê na trzech g³ównych filarach: w³aœciwej diecie, odpowiedniej iloœci snu i ruchu.;Tak;;Zdecydowanie tak;Zdecydowanie tak;Tak;Zdecydowanie tak;5;5;Sposoby radzenia sobie ze stresem ;Nie;Nie;Nie;10;Nie
4.7.2025 17:59:07;Akceptujê;psychologiem;11-15 lat;Zespó³ Szkó³ Budowlano-Technicznych w Stargardzie;Obie odpowiedzi s¹ poprawne.;s¹ normalne i potrzebne, poniewa¿ realizuj¹ szereg wa¿nych funkcji.;Przyjêcie odpowiedniej postawy cia³a lub wykonanie prostych ruchów.;Wdech odbywa siê przez nos, a wydech – przez usta.;Codzienna troska o fizycznoœæ, opieraj¹ca siê na trzech g³ównych filarach: w³aœciwej diecie, odpowiedniej iloœci snu i ruchu.;Tak;;Zdecydowanie tak;Zdecydowanie tak;Tak;Zdecydowanie tak;5;5;Myœlê, ¿e bardzo istotne w mojej pracy bêd¹ narzêdzia do regulowania silnych emocji.;Nie zmieni³o, a wzmocni³o sposób postrzegania podejmowanych zagadnieñ.;Wszystkie by³y potrzebne i wa¿ne.;Nie by³o takich.;10;Nie mam uwag.
4.24.2025 18:01:56;Akceptujê;nauczycielem;1-5 lat;Zespó³ Szkó³ Ogólnokszta³c¹cych nr 18 w Krakowie;Obie odpowiedzi s¹ poprawne.;s¹ normalne i potrzebne, poniewa¿ realizuj¹ szereg wa¿nych funkcji.;Przyjêcie odpowiedniej postawy cia³a lub wykonanie prostych ruchów.;Wdech odbywa siê przez nos, a wydech – przez usta.;Codzienna troska o fizycznoœæ, opieraj¹ca siê na trzech g³ównych filarach: w³aœciwej diecie, odpowiedniej iloœci snu i ruchu.;Tak;Nic;Raczej tak;Raczej tak;Tak;Raczej tak;4;4;Ca³oœæ ;Ca³oœæ materia³u ;Brak;Nie;8;Nie
4.24.2025 18:02:00;Akceptujê;nauczycielem;1-5 lat;Zespó³ Szkó³ Ogólnokszta³c¹cych nr 18 w Krakowie;Obie odpowiedzi s¹ poprawne.;s¹ normalne i potrzebne, poniewa¿ realizuj¹ szereg wa¿nych funkcji.;Przyjêcie odpowiedniej postawy cia³a lub wykonanie prostych ruchów.;Wdech odbywa siê przez nos, a wydech – przez usta.;Codzienna troska o fizycznoœæ, opieraj¹ca siê na trzech g³ównych filarach: w³aœciwej diecie, odpowiedniej iloœci snu i ruchu.;Tak;;Zdecydowanie tak;Zdecydowanie tak;Tak;Zdecydowanie tak;5;5;Praktyczne sposoby na radzenie sobie w trudnych momentach ;¯e wszystkie emocje s¹ potrzebne :);Brak;Brak;10;By³o super!:)
4.24.2025 18:02:04;Akceptujê;nauczycielem;21 lat i wiêcej;Zespó³ Szkó³ Ogólnokszta³c¹cych nr 18 w Krakowie;Obie odpowiedzi s¹ poprawne.;s¹ normalne i potrzebne, poniewa¿ realizuj¹ szereg wa¿nych funkcji.;Przyjêcie odpowiedniej postawy cia³a lub wykonanie prostych ruchów.;Nie wiem;Codzienna troska o fizycznoœæ, opieraj¹ca siê na trzech g³ównych filarach: w³aœciwej diecie, odpowiedniej iloœci snu i ruchu.;Tak;-;Zdecydowanie tak;Raczej tak;Tak;Raczej tak;4;4;-;-;-;-;6;-
4.24.2025 18:02:25;Akceptujê;nauczycielem;11-15 lat;Zespó³ Szkó³ Ogólnokszta³c¹cych nr 18 w Krakowie;Obie odpowiedzi s¹ poprawne.;s¹ normalne i potrzebne, poniewa¿ realizuj¹ szereg wa¿nych funkcji.;Przyjêcie odpowiedniej postawy cia³a lub wykonanie prostych ruchów.;Wdech odbywa siê przez nos, a wydech – przez usta.;Codzienna troska o fizycznoœæ, opieraj¹ca siê na trzech g³ównych filarach: w³aœciwej diecie, odpowiedniej iloœci snu i ruchu.;Tak;;Zdecydowanie tak;Raczej tak;Tak;Zdecydowanie tak;4;5;Techniki relaksacyjne;tak, negatywnych emocji;nie;nie;8;nie
4.24.2025 18:02:46;Akceptujê;nauczycielem;1-5 lat;Zespó³ Szkó³ Ogólnokszta³c¹cych nr 18 w Krakowie;Obie odpowiedzi s¹ poprawne.;s¹ normalne i potrzebne, poniewa¿ realizuj¹ szereg wa¿nych funkcji.;Przyjêcie odpowiedniej postawy cia³a lub wykonanie prostych ruchów.;Wdech odbywa siê przez nos, a wydech – przez usta.;Codzienna troska o fizycznoœæ, opieraj¹ca siê na trzech g³ównych filarach: w³aœciwej diecie, odpowiedniej iloœci snu i ruchu.;Tak;;Zdecydowanie tak;Raczej tak;Tak;Zdecydowanie nie;1;1;¯adne, wiedza ogólna, któr¹ posiada³am wczeœniej.;Nie.;Nie.;Technik skierowanych dla nauczycieli.;2;By³o to szkolenie z metodami relaksacyjnymi, skierowane do ogó³u, a nie stricte do nauczycieli.
4.24.2025 18:02:54;Akceptujê;nauczycielem;1-5 lat;Zespó³ Szkó³ Ogólnokszta³c¹cych nr 18 w Krakowie;Obie odpowiedzi s¹ poprawne.;s¹ normalne i potrzebne, poniewa¿ realizuj¹ szereg wa¿nych funkcji.;Przyjêcie odpowiedniej postawy cia³a lub wykonanie prostych ruchów.;Wdech odbywa siê przez usta, a wydech – przez nos.;Codzienna troska o fizycznoœæ, opieraj¹ca siê na trzech g³ównych filarach: w³aœciwej diecie, odpowiedniej iloœci snu i ruchu.;Tak;;Raczej tak;Raczej tak;Tak;Raczej tak;5;5;Jak radziæ sobie ze stresem oraz jakie techniki wykonywaæ w celu uspokojenia emocji;Jak radziæ sobie z emocjami i je kontrolowac;Nie;Nie;9;Nie
4.24.2025 18:02:55;Akceptujê;nauczycielem;6-10 lat;Zespó³ Szkó³ Ogólnokszta³c¹cych nr 18 w Krakowie;Obie odpowiedzi s¹ poprawne.;s¹ normalne i potrzebne, poniewa¿ realizuj¹ szereg wa¿nych funkcji.;Przyjêcie odpowiedniej postawy cia³a lub wykonanie prostych ruchów.;Wdech i wydech odbywaj¹ siê przez nos.;Optymistyczne nastawienie do codziennoœci i koncentrowanie siê na pozytywnych aspektach w³asnego ¿ycia.;Tak;;Zdecydowanie tak;Zdecydowanie tak;Tak;Zdecydowanie tak;4;4;Techniki/æwiczenia relaksacyjne;Nie;Nie ;Nie;10;Nie
4.24.2025 18:03:06;Akceptujê;nauczycielem;mniej ni¿ rok;Zespó³ Szkó³ Ogólnokszta³c¹cych nr 18 w Krakowie;Obie odpowiedzi s¹ poprawne.;s¹ normalne i potrzebne, poniewa¿ realizuj¹ szereg wa¿nych funkcji.;Przyjêcie odpowiedniej postawy cia³a lub wykonanie prostych ruchów.;Nie wiem;Codzienna troska o fizycznoœæ, opieraj¹ca siê na trzech g³ównych filarach: w³aœciwej diecie, odpowiedniej iloœci snu i ruchu.;Tak;;Raczej tak;Raczej tak;Tak;Raczej nie;4;4;Odœwie¿enie wiadomoœci na temat emocji.;Nie dotyczy;Szkolenie mog³oby nie mieæ dygresji i byæ krótsze.;Nie dotyczy;7;Nie dotyczy
4.24.2025 18:03:08;Akceptujê;nauczycielem;16-20 lat;Zespó³ Szkó³ Ogólnokszta³c¹cych nr 18 w Krakowie;Obie odpowiedzi s¹ poprawne.;s¹ normalne i potrzebne, poniewa¿ realizuj¹ szereg wa¿nych funkcji.;Przyjêcie odpowiedniej postawy cia³a lub wykonanie prostych ruchów.;Wdech odbywa siê przez nos, a wydech – przez usta.;Codzienna troska o fizycznoœæ, opieraj¹ca siê na trzech g³ównych filarach: w³aœciwej diecie, odpowiedniej iloœci snu i ruchu.;Tak;;Zdecydowanie tak;Zdecydowanie tak;Tak;Zdecydowanie tak;4;3;informacje  o emocjach;nie;nie;nie;9;nie
4.24.2025 18:03:17;Akceptujê;nauczycielem;1-5 lat;Zespó³ Szkó³ Ogólnokszta³c¹cych nr 18 w Krakowie;Obie odpowiedzi s¹ poprawne.;s¹ normalne i potrzebne, poniewa¿ realizuj¹ szereg wa¿nych funkcji.;Przyjêcie odpowiedniej postawy cia³a lub wykonanie prostych ruchów.;Wdech odbywa siê przez nos, a wydech – przez usta.;Codzienna troska o fizycznoœæ, opieraj¹ca siê na trzech g³ównych filarach: w³aœciwej diecie, odpowiedniej iloœci snu i ruchu.;Tak;;Zdecydowanie tak;Zdecydowanie tak;Tak;Zdecydowanie tak;5;5;informacje o rozumieniu swoich emocji i ich akceptowanie, poniewa¿ to przepis na poznanie siebie :D;Chyba nie;Wszystkie s¹ potrzebne :D;Nie, temat jest wyczerpany ;10;Nie mam:D
4.24.2025 18:03:18;Akceptujê;pedagog, psycholog, nauczyciel;21 lat i wiêcej;Zespó³ Szkó³ Ogólnokszta³c¹cych nr 18 w Krakowie;Obie odpowiedzi s¹ poprawne.;s¹ normalne i potrzebne, poniewa¿ realizuj¹ szereg wa¿nych funkcji.;Przyjêcie odpowiedniej postawy cia³a lub wykonanie prostych ruchów.;Wdech i wydech odbywaj¹ siê przez nos.;Codzienna troska o fizycznoœæ, opieraj¹ca siê na trzech g³ównych filarach: w³aœciwej diecie, odpowiedniej iloœci snu i ruchu.;Tak;;Zdecydowanie tak;Zdecydowanie tak;Tak;Zdecydowanie tak;5;5;æwiczenia, s¹ przydatne;koniecznoœæ czuwania nad sob¹;nie;ogólnego dobrostanu, nie wszyscy zrozumieli, po co te æwiczenia;10;brak :-)
4.24.2025 18:03:52;Akceptujê;nauczycielem;1-5 lat;Zespó³ Szkó³ Ogólnokszta³c¹cych nr 18 w Krakowie;Obie odpowiedzi s¹ poprawne.;s¹ normalne i potrzebne, poniewa¿ realizuj¹ szereg wa¿nych funkcji.;Przyjêcie odpowiedniej postawy cia³a lub wykonanie prostych ruchów.;Wdech i wydech odbywaj¹ siê przez nos.;Codzienna troska o fizycznoœæ, opieraj¹ca siê na trzech g³ównych filarach: w³aœciwej diecie, odpowiedniej iloœci snu i ruchu.;Tak;Mo¿e wiêcej skupienia siê na kwestiach prawnych, historii z ¿ycia nauczycieli, którzy jak wiemy s¹ prze³adowani godzinami w szkole. Znacznie mniej o technikach relaksacji.;Raczej tak;Raczej tak;Tak;Raczej tak;4;3;O emocjach, teraz bardziej je rozumiem.;Mam podobny stosunek do tych zagadnieñ.;Za du¿o informacji o technikach relaksacyjnych.;Pisa³em ju¿ wczeœniej.;6;Brak.
4.24.2025 18:03:54;Akceptujê;nauczycielem;mniej ni¿ rok;Zespó³ Szkó³ Ogólnokszta³c¹cych nr 18 w Krakowie;Obie odpowiedzi s¹ poprawne.;s¹ normalne i potrzebne, poniewa¿ realizuj¹ szereg wa¿nych funkcji.;Przyjêcie odpowiedniej postawy cia³a lub wykonanie prostych ruchów.;Wdech odbywa siê przez nos, a wydech – przez usta.;¯adna z powy¿szych.;Tak;Nic;Zdecydowanie tak;Raczej tak;Tak;Zdecydowanie tak;4;4;Metody oddechowe, relaksacyjne, uspokajaj¹ce.;Tak, lepsze zrozumienie swoich emocji.;Nie;Nie;7;Nie
4.24.2025 18:03:58;Akceptujê;nauczycielem;mniej ni¿ rok;Zespó³ Szkó³ Ogólnokszta³c¹cych nr 18 w Krakowie;Obie odpowiedzi s¹ poprawne.;s¹ normalne i potrzebne, poniewa¿ realizuj¹ szereg wa¿nych funkcji.;Przyjêcie odpowiedniej postawy cia³a lub wykonanie prostych ruchów.;Wdech odbywa siê przez nos, a wydech – przez usta.;Codzienna troska o fizycznoœæ, opieraj¹ca siê na trzech g³ównych filarach: w³aœciwej diecie, odpowiedniej iloœci snu i ruchu.;Tak;-;Zdecydowanie tak;Zdecydowanie tak;Tak;Zdecydowanie tak;5;5;Sposoby regulacji emocji.;¯e ka¿da emocja jest dobra;-;-;10;-
4.24.2025 18:04:16;Akceptujê;nauczycielem;21 lat i wiêcej;Zespó³ Szkó³ Ogólnokszta³c¹cych nr 18 w Krakowie;Obie odpowiedzi s¹ poprawne.;s¹ normalne i potrzebne, poniewa¿ realizuj¹ szereg wa¿nych funkcji.;Przyjêcie odpowiedniej postawy cia³a lub wykonanie prostych ruchów.;Wdech odbywa siê przez nos, a wydech – przez usta.;Codzienna troska o fizycznoœæ, opieraj¹ca siê na trzech g³ównych filarach: w³aœciwej diecie, odpowiedniej iloœci snu i ruchu.;Tak;;Zdecydowanie tak;Zdecydowanie tak;Tak;Zdecydowanie tak;5;5;Wszystkie æwiczenia;Raczej nie;Nie;Nie zabrak³o;10;Nie mam uwag
4.24.2025 18:04:19;Akceptujê;nauczycielem;1-5 lat;Zespó³ Szkó³ Ogólnokszta³c¹cych nr 18 w Krakowie;Obie odpowiedzi s¹ poprawne.;s¹ normalne i potrzebne, poniewa¿ realizuj¹ szereg wa¿nych funkcji.;Przyjêcie odpowiedniej postawy cia³a lub wykonanie prostych ruchów.;Wdech i wydech odbywaj¹ siê przez nos.;Codzienna troska o fizycznoœæ, opieraj¹ca siê na trzech g³ównych filarach: w³aœciwej diecie, odpowiedniej iloœci snu i ruchu.;Tak;;Zdecydowanie tak;Zdecydowanie tak;Tak;Raczej tak;3;3;5-4-3-2-1;Nie;Nie;Nie wiem;5;Nie
4.24.2025 18:04:28;Akceptujê;nauczycielem;6-10 lat;Zespó³ Szkó³ Ogólnokszta³c¹cych nr 18 w Krakowie;To reakcje, które pojawiaj¹ siê w odpowiedzi na subiektywnie wa¿n¹ dla danej osoby sytuacjê.;s¹ normalne i potrzebne, poniewa¿ realizuj¹ szereg wa¿nych funkcji.;Przyjêcie odpowiedniej postawy cia³a lub wykonanie prostych ruchów.;Wdech odbywa siê przez nos, a wydech – przez usta.;Codzienna troska o fizycznoœæ, opieraj¹ca siê na trzech g³ównych filarach: w³aœciwej diecie, odpowiedniej iloœci snu i ruchu.;Tak;;Zdecydowanie tak;Zdecydowanie tak;Tak;Zdecydowanie tak;5;5;Radzenie sobie z trudnymi emocjami;Tak, ataku paniki;Nie;Nie;9;Nie
4.24.2025 18:04:36;Akceptujê;nauczycielem;11-15 lat;Zespó³ Szkó³ Ogólnokszta³c¹cych nr 18 w Krakowie;Obie odpowiedzi s¹ poprawne.;s¹ normalne i potrzebne, poniewa¿ realizuj¹ szereg wa¿nych funkcji.;Przyjêcie odpowiedniej postawy cia³a lub wykonanie prostych ruchów.;Wdech odbywa siê przez nos, a wydech – przez usta.;Codzienna troska o fizycznoœæ, opieraj¹ca siê na trzech g³ównych filarach: w³aœciwej diecie, odpowiedniej iloœci snu i ruchu.;Tak;;Zdecydowanie tak;Zdecydowanie tak;Tak;Zdecydowanie tak;5;5;Techniki relaksacyjne, refleksja o naturze emocji;Pozwoli³o uœwiadomiæ, ¿e konieczne jest uwa¿ne przygl¹danie siê swoim emocjom;Nie;Nie;10;Dziêkujê za wartoœciowe szkolenie
4.24.2025 18:04:52;Akceptujê;nauczycielem;11-15 lat;Zespó³ Szkó³ Ogólnokszta³c¹cych nr 18 w Krakowie;Obie odpowiedzi s¹ poprawne.;s¹ normalne i potrzebne, poniewa¿ realizuj¹ szereg wa¿nych funkcji.;Przyjêcie odpowiedniej postawy cia³a lub wykonanie prostych ruchów.;Wdech odbywa siê przez nos, a wydech – przez usta.;Codzienna troska o fizycznoœæ, opieraj¹ca siê na trzech g³ównych filarach: w³aœciwej diecie, odpowiedniej iloœci snu i ruchu.;Tak;;Zdecydowanie tak;Zdecydowanie tak;Tak;Raczej tak;5;5;Jak opanowaæ emocje, æwiczenia;Chyba nie;Nie;Mo¿e czegoœ konkretnego w odniesieniu do nauczycieli. ;8;Nie mam
4.24.2025 18:05:32;Akceptujê;nauczycielem;21 lat i wiêcej;Zespó³ Szkó³ Ogólnokszta³c¹cych nr 18 w Krakowie;Uruchamiaj¹ ca³y zespó³ zmian w ciele, w sposobie myœlenia i zachowaniu cz³owieka.;s¹ normalne i potrzebne, poniewa¿ realizuj¹ szereg wa¿nych funkcji.;Przyjêcie odpowiedniej postawy cia³a lub wykonanie prostych ruchów.;Wdech odbywa siê przez nos, a wydech – przez usta.;Optymistyczne nastawienie do codziennoœci i koncentrowanie siê na pozytywnych aspektach w³asnego ¿ycia.;Tak;;Zdecydowanie tak;Zdecydowanie tak;Tak;Raczej tak;4;5;Kontrolowanie swoich emocji ;TAK - ¿e muszê dbaæ o swój komfort psychiczny ;nie ;raczej nie ;10;nie 
4.24.2025 18:05:50;Akceptujê;nauczycielem;6-10 lat;Zespó³ Szkó³ Ogólnokszta³c¹cych nr 18 w Krakowie;Obie odpowiedzi s¹ poprawne.;s¹ normalne i potrzebne, poniewa¿ realizuj¹ szereg wa¿nych funkcji.;Przyjêcie odpowiedniej postawy cia³a lub wykonanie prostych ruchów.;Wdech odbywa siê przez nos, a wydech – przez usta.;Codzienna troska o fizycznoœæ, opieraj¹ca siê na trzech g³ównych filarach: w³aœciwej diecie, odpowiedniej iloœci snu i ruchu.;Nie;Mniej mówienia, wiêcej praktyki;Raczej tak;Zdecydowanie nie;Tak;Zdecydowanie nie;1;2;Nie dowiedzia³am siê wiele nowego;Nie zmieni³o;Zbyt du¿o psychologii, teorii, æwiczenia które niekoniecznie przydadz¹ siê w pracy nauczyciela;wg mnie niewiele mia³o wspólnego ze szko³¹, zbyt ogólne, niewiele wnios³o;3;Szkolenie powinno byæ ukierunkowane bardziej na pracê w szkole, a nie na dobrostan ka¿dego cz³owieka. Mog³yby byæ pokazane inne sposoby radzenia sobie ze stresem, na mnie wskazane tutaj nie dzia³aj¹, nie lubiê tego typu æwiczeñ oddechowych.
4.24.2025 18:06:14;Akceptujê;nauczycielem;21 lat i wiêcej;Zespó³ Szkó³ Ogólnokszta³c¹cych nr 18 w Krakowie;Obie odpowiedzi s¹ poprawne.;s¹ normalne i potrzebne, poniewa¿ realizuj¹ szereg wa¿nych funkcji.;Przyjêcie odpowiedniej postawy cia³a lub wykonanie prostych ruchów.;Wdech odbywa siê przez nos, a wydech – przez usta.;Codzienna troska o fizycznoœæ, opieraj¹ca siê na trzech g³ównych filarach: w³aœciwej diecie, odpowiedniej iloœci snu i ruchu.;Tak;;Zdecydowanie tak;Raczej tak;Tak;Raczej tak;5;5;Praktyczne æwiczenia;Nie;Nie;Nie;8;Nie
4.24.2025 18:06:15;Akceptujê;nauczycielem;11-15 lat;Zespó³ Szkó³ Ogólnokszta³c¹cych nr 18 w Krakowie;Obie odpowiedzi s¹ poprawne.;s¹ normalne i potrzebne, poniewa¿ realizuj¹ szereg wa¿nych funkcji.;Przyjêcie odpowiedniej postawy cia³a lub wykonanie prostych ruchów.;Wdech odbywa siê przez nos, a wydech – przez usta.;Codzienna troska o fizycznoœæ, opieraj¹ca siê na trzech g³ównych filarach: w³aœciwej diecie, odpowiedniej iloœci snu i ruchu.;Tak;;Zdecydowanie tak;Raczej tak;Tak;Raczej tak;3;3;Pokazanie mapy emocji w ciele cz³owieka ;Nie;Trudno powiedzieæ ;Wiêcej nawi¹zañ  do  specyfiki  pracy nauczyciela.;7;Nie.
4.24.2025 18:06:16;Akceptujê;nauczycielem;11-15 lat;Zespó³ Szkó³ Ogólnokszta³c¹cych nr 18 w Krakowie;Obie odpowiedzi s¹ poprawne.;s¹ normalne i potrzebne, poniewa¿ realizuj¹ szereg wa¿nych funkcji.;Przyjêcie odpowiedniej postawy cia³a lub wykonanie prostych ruchów.;Wdech odbywa siê przez nos, a wydech – przez usta.;Codzienna troska o fizycznoœæ, opieraj¹ca siê na trzech g³ównych filarach: w³aœciwej diecie, odpowiedniej iloœci snu i ruchu.;Tak;;Zdecydowanie tak;Zdecydowanie tak;Tak;Zdecydowanie tak;5;5;sposoby na wyciszenie siê;nie;nie;nie;10;nie
4.24.2025 18:07:23;Akceptujê;dyrektorem/wicedyrektorem;11-15 lat;Zespó³ Szkó³ Ogólnokszta³c¹cych nr 18 w Krakowie;Obie odpowiedzi s¹ poprawne.;s¹ normalne i potrzebne, poniewa¿ realizuj¹ szereg wa¿nych funkcji.;Przyjêcie odpowiedniej postawy cia³a lub wykonanie prostych ruchów.;Wdech odbywa siê przez nos, a wydech – przez usta.;Codzienna troska o fizycznoœæ, opieraj¹ca siê na trzech g³ównych filarach: w³aœciwej diecie, odpowiedniej iloœci snu i ruchu.;Tak;;Raczej tak;Raczej tak;Tak;Raczej tak;3;3;Techniki roz³adowania emocji. ;Sposoby radzenia sobie ze stresem. ;Treœci bazuj¹ce na anegdotach.;Nie;7;Nie
4.24.2025 18:07:25;Akceptujê;nauczycielem;21 lat i wiêcej;Zespó³ Szkó³ Ogólnokszta³c¹cych nr 18 w Krakowie;Obie odpowiedzi s¹ poprawne.;s¹ abstrakcyjnym, metafizycznym doœwiadczeniem.;Przyjêcie odpowiedniej postawy cia³a lub wykonanie prostych ruchów.;Wdech odbywa siê przez nos, a wydech – przez usta.;Codzienna troska o fizycznoœæ, opieraj¹ca siê na trzech g³ównych filarach: w³aœciwej diecie, odpowiedniej iloœci snu i ruchu.;Tak;;Zdecydowanie tak;Zdecydowanie tak;Tak;Zdecydowanie tak;3;5;Ogólna wiedza dotycz¹ca emocji i sposoby panowania nad nimi ;Nie;Nie. Szkolenie by³o dobrze przygotowane i spójne;Nie potrafiê tego oceniæ.;10;Nie
4.24.2025 18:08:34;Akceptujê;nauczycielem;16-20 lat;Zespó³ Szkó³ Ogólnokszta³c¹cych nr 18 w Krakowie;Obie odpowiedzi s¹ poprawne.;s¹ normalne i potrzebne, poniewa¿ realizuj¹ szereg wa¿nych funkcji.;Przyjêcie odpowiedniej postawy cia³a lub wykonanie prostych ruchów.;Wdech odbywa siê przez nos, a wydech – przez usta.;Codzienna troska o fizycznoœæ, opieraj¹ca siê na trzech g³ównych filarach: w³aœciwej diecie, odpowiedniej iloœci snu i ruchu.;Tak;;Raczej tak;Zdecydowanie tak;Tak;Raczej tak;3;4;Æwiczenia relaksacyjne;Nie;-;Nie;7;Za d³ugie jak na spotkanie po 8 godzinach pracy.
4.24.2025 18:08:45;Akceptujê;nauczycielem;21 lat i wiêcej;Zespó³ Szkó³ Ogólnokszta³c¹cych nr 18 w Krakowie;Obie odpowiedzi s¹ poprawne.;s¹ normalne i potrzebne, poniewa¿ realizuj¹ szereg wa¿nych funkcji.;Przyjêcie odpowiedniej postawy cia³a lub wykonanie prostych ruchów.;Wdech odbywa siê przez nos, a wydech – przez usta.;Codzienna troska o fizycznoœæ, opieraj¹ca siê na trzech g³ównych filarach: w³aœciwej diecie, odpowiedniej iloœci snu i ruchu.;Tak;;Zdecydowanie tak;Zdecydowanie tak;Tak;Raczej tak;5;5;Techniki relaksacyjne, wykorzystywane w sytuacjach stresogennych;Trudnoœæ nazywania w³asnych emocji;Nie;Nie;9;Nie
4.24.2025 18:09:16;Akceptujê;nauczycielem;1-5 lat;Zespó³ Szkó³ Ogólnokszta³c¹cych nr 18 w Krakowie;Obie odpowiedzi s¹ poprawne.;s¹ normalne i potrzebne, poniewa¿ realizuj¹ szereg wa¿nych funkcji.;Przyjêcie odpowiedniej postawy cia³a lub wykonanie prostych ruchów.;Wdech odbywa siê przez nos, a wydech – przez usta.;Codzienna troska o fizycznoœæ, opieraj¹ca siê na trzech g³ównych filarach: w³aœciwej diecie, odpowiedniej iloœci snu i ruchu.;Tak;;Raczej tak;Raczej tak;Tak;Raczej nie;1;1;znam te techniki;nie;brak;brak;6;nie
4.24.2025 18:12:39;Akceptujê;nauczycielem;21 lat i wiêcej;Zespó³ Szkó³ Ogólnokszta³c¹cych nr 18 w Krakowie;To reakcje, które pojawiaj¹ siê w odpowiedzi na subiektywnie wa¿n¹ dla danej osoby sytuacjê.;mo¿na podzieliæ na dobre (pozytywne) i z³e (negatywne).;Przyjêcie odpowiedniej postawy cia³a lub wykonanie prostych ruchów.;Wdech odbywa siê przez nos, a wydech – przez usta.;Optymistyczne nastawienie do codziennoœci i koncentrowanie siê na pozytywnych aspektach w³asnego ¿ycia.;Tak;;Raczej tak;Raczej tak;Tak;Raczej tak;3;3;Analiza emocji;Skupieni na sobie;Nie ma;Nie;8;Nie
4.24.2025 18:13:47;Akceptujê;nauczycielem;16-20 lat;Zespó³ Szkó³ Ogólnokszta³c¹cych nr 18 w Krakowie;Obie odpowiedzi s¹ poprawne.;s¹ normalne i potrzebne, poniewa¿ realizuj¹ szereg wa¿nych funkcji.;Przyjêcie odpowiedniej postawy cia³a lub wykonanie prostych ruchów.;Wdech odbywa siê przez nos, a wydech – przez usta.;Codzienna troska o fizycznoœæ, opieraj¹ca siê na trzech g³ównych filarach: w³aœciwej diecie, odpowiedniej iloœci snu i ruchu.;Tak;;Zdecydowanie tak;Raczej tak;Tak;Raczej tak;5;5;Sposoby uspokojenia siê, które mo¿na wykorzystaæ w kryzysowych sytuacjach zarówno w pracy jak i w ¿yciu prywatnym;Raczej nie;Raczej nie;Nie;10;Spotkanie przeprowadzone w bardzo mi³y i profesjonalny sposób.
4.24.2025 18:13:49;Akceptujê;nauczycielem;21 lat i wiêcej;Zespó³ Szkó³ Ogólnokszta³c¹cych nr 18 w Krakowie;To reakcje, które pojawiaj¹ siê w odpowiedzi na subiektywnie wa¿n¹ dla danej osoby sytuacjê.;s¹ normalne i potrzebne, poniewa¿ realizuj¹ szereg wa¿nych funkcji.;Przyjêcie odpowiedniej postawy cia³a lub wykonanie prostych ruchów.;Wdech odbywa siê przez nos, a wydech – przez usta.;Codzienna troska o fizycznoœæ, opieraj¹ca siê na trzech g³ównych filarach: w³aœciwej diecie, odpowiedniej iloœci snu i ruchu.;Tak;;Zdecydowanie tak;Raczej tak;Tak;Raczej tak;4;4;Wa¿noœæ radzenia sobie z emocjami.;Zaakceptowanie, ¿e moje w³asne emocje s¹ wspólne tak¿e dla innych.;Nie znajdujê zbêdnych treœci w tych przedstawionych.;Zabrak³o jednak przyk³adów jak postêpowaæ, aby zmniejszyæ trudne emocje w kontakcie z uczniami, rodzicami, dyrekcj¹ np schematy zachowañ, filmiki.;8;Nie mam dodatkowych uwag.
4.24.2025 18:15:16;Akceptujê;nauczycielem;21 lat i wiêcej;Zespó³ Szkó³ Ogólnokszta³c¹cych nr 18 w Krakowie;Obie odpowiedzi s¹ poprawne.;s¹ normalne i potrzebne, poniewa¿ realizuj¹ szereg wa¿nych funkcji.;Przyjêcie odpowiedniej postawy cia³a lub wykonanie prostych ruchów.;Wdech odbywa siê przez nos, a wydech – przez usta.;Codzienna troska o fizycznoœæ, opieraj¹ca siê na trzech g³ównych filarach: w³aœciwej diecie, odpowiedniej iloœci snu i ruchu.;Tak;;Zdecydowanie tak;Raczej tak;Tak;Raczej tak;4;4;Mapy cia³a - odczuwanie emocji;Spróbujê jeszcze przeanalizowaæ wiele rzeczy;Nie ma takich;nie;9;Brak uwag, jednak zmêczenie po ca³ym, trudnym dziœ dniu pracy, nie pozwoli³o mi do koñca siê skoncentrowaæ
4.24.2025 18:17:38;Akceptujê;pedagogiem;1-5 lat;Zespó³ Szkó³ Ogólnokszta³c¹cych nr 18 w Krakowie;Obie odpowiedzi s¹ poprawne.;s¹ normalne i potrzebne, poniewa¿ realizuj¹ szereg wa¿nych funkcji.;Przyjêcie odpowiedniej postawy cia³a lub wykonanie prostych ruchów.;Wdech odbywa siê przez nos, a wydech – przez usta.;Codzienna troska o fizycznoœæ, opieraj¹ca siê na trzech g³ównych filarach: w³aœciwej diecie, odpowiedniej iloœci snu i ruchu.;Tak;;Raczej tak;Raczej tak;Tak;Raczej tak;4;4;Nie wiem;Nie wiem;Nie wiem;Nie wiem;7;Nie
4.24.2025 18:17:58;Akceptujê;nauczycielem;1-5 lat;Zespó³ Szkó³ Ogólnokszta³c¹cych nr 18 w Krakowie;Obie odpowiedzi s¹ poprawne.;s¹ normalne i potrzebne, poniewa¿ realizuj¹ szereg wa¿nych funkcji.;Przyjêcie odpowiedniej postawy cia³a lub wykonanie prostych ruchów.;Wdech odbywa siê przez nos, a wydech – przez usta.;Codzienna troska o fizycznoœæ, opieraj¹ca siê na trzech g³ównych filarach: w³aœciwej diecie, odpowiedniej iloœci snu i ruchu.;Tak;;Zdecydowanie tak;Raczej tak;Tak;Raczej tak;4;4;Radzenie sobie ze z³ymi emocjami;Nie;Nie;Nie;7;Nie
4.24.2025 18:19:37;Akceptujê;psychologiem;mniej ni¿ rok;Zespó³ Szkó³ Ogólnokszta³c¹cych nr 18 w Krakowie;Obie odpowiedzi s¹ poprawne.;s¹ normalne i potrzebne, poniewa¿ realizuj¹ szereg wa¿nych funkcji.;Przyjêcie odpowiedniej postawy cia³a lub wykonanie prostych ruchów.;Wdech odbywa siê przez nos, a wydech – przez usta.;Codzienna troska o fizycznoœæ, opieraj¹ca siê na trzech g³ównych filarach: w³aœciwej diecie, odpowiedniej iloœci snu i ruchu.;Tak;;Zdecydowanie tak;Raczej tak;Tak;Zdecydowanie tak;4;4;Wszelkie treœci bêd¹ przydatne ze wzglêdu na pe³nienie przeze mnie funkcji psychologa - pomog³y uporz¹dkowaæ wiedzê;Uporz¹dkowa³o posiadana wiedzê;brak uwag;brak uwag;8;brak uwag
4.24.2025 18:22:49;Akceptujê;pedagogiem;1-5 lat;Zespó³ Szkó³ Ogólnokszta³c¹cych nr 18 w Krakowie;Obie odpowiedzi s¹ poprawne.;s¹ normalne i potrzebne, poniewa¿ realizuj¹ szereg wa¿nych funkcji.;Przyjêcie odpowiedniej postawy cia³a lub wykonanie prostych ruchów.;Wdech odbywa siê przez nos, a wydech – przez usta.;Codzienna troska o fizycznoœæ, opieraj¹ca siê na trzech g³ównych filarach: w³aœciwej diecie, odpowiedniej iloœci snu i ruchu.;Tak;-;Raczej tak;Raczej tak;Tak;Zdecydowanie tak;4;4;Zdecydowanie te zwi¹zane z kryzysem ucznia i dzia³aniom profilaktycznym;Raczej nie;-;-;7;brak
4.24.2025 18:25:33;Akceptujê;nauczycielem;21 lat i wiêcej;Zespó³ Szkó³ Ogólnokszta³c¹cych nr 18 w Krakowie;Obie odpowiedzi s¹ poprawne.;s¹ normalne i potrzebne, poniewa¿ realizuj¹ szereg wa¿nych funkcji.;Przyjêcie odpowiedniej postawy cia³a lub wykonanie prostych ruchów.;Wdech i wydech odbywaj¹ siê przez nos.;Optymistyczne nastawienie do codziennoœci i koncentrowanie siê na pozytywnych aspektach w³asnego ¿ycia.;Tak;;Zdecydowanie tak;Zdecydowanie tak;Tak;Zdecydowanie tak;5;5;  ;   ;  ;  ;10;  
4.24.2025 18:33:11;Akceptujê;nauczycielem;1-5 lat;Zespó³ Szkó³ Ogólnokszta³c¹cych nr 18 w Krakowie;Obie odpowiedzi s¹ poprawne.;s¹ normalne i potrzebne, poniewa¿ realizuj¹ szereg wa¿nych funkcji.;Przyjêcie odpowiedniej postawy cia³a lub wykonanie prostych ruchów.;Wdech i wydech odbywaj¹ siê przez nos.;Codzienna troska o fizycznoœæ, opieraj¹ca siê na trzech g³ównych filarach: w³aœciwej diecie, odpowiedniej iloœci snu i ruchu.;Tak;;Zdecydowanie tak;Zdecydowanie tak;Tak;Zdecydowanie tak;5;5;.;.;.;.;10;Nie
4.24.2025 18:37:58;Akceptujê;pedagogiem;21 lat i wiêcej;Zespó³ Szkó³ Ogólnokszta³c¹cych nr 18 w Krakowie;Obie odpowiedzi s¹ poprawne.;s¹ normalne i potrzebne, poniewa¿ realizuj¹ szereg wa¿nych funkcji.;Przyjêcie odpowiedniej postawy cia³a lub wykonanie prostych ruchów.;Wdech odbywa siê przez nos, a wydech – przez usta.;Codzienna troska o fizycznoœæ, opieraj¹ca siê na trzech g³ównych filarach: w³aœciwej diecie, odpowiedniej iloœci snu i ruchu.;Tak;;Zdecydowanie tak;Zdecydowanie tak;Tak;Zdecydowanie tak;5;5;Przerywanie ataku paniki. Pomocne spodoby do radzenia sobie w powyzszych sytuacjach.;Utwierdzi³o waznosc zauwazania zmian w zachowaniu/ emocji uczniów. ;Brak;Brak;10;Nie mam uwag.
4.24.2025 18:42:53;Akceptujê;nauczycielem;21 lat i wiêcej;Zespó³ Szkó³ Ogólnokszta³c¹cych nr 18 w Krakowie;Obie odpowiedzi s¹ poprawne.;s¹ normalne i potrzebne, poniewa¿ realizuj¹ szereg wa¿nych funkcji.;Przyjêcie odpowiedniej postawy cia³a lub wykonanie prostych ruchów.;Wdech odbywa siê przez nos, a wydech – przez usta.;Codzienna troska o fizycznoœæ, opieraj¹ca siê na trzech g³ównych filarach: w³aœciwej diecie, odpowiedniej iloœci snu i ruchu.;Tak;;Zdecydowanie tak;Raczej tak;Tak;Raczej tak;4;4;Konkretne sposoby radzenia sobie z panik¹ lêkiem;Mia³am ju¿ pewn¹ wiedzê w tym zakresie;Odwo³anie do osobistych doœwiadczeñ ;Nie;9;Inna pora szkoleñ proszê 
4.24.2025 20:09:38;Akceptujê;nauczycielem;6-10 lat;Zespó³ Szkó³ Ogólnokszta³c¹cych nr 18 w Krakowie;Obie odpowiedzi s¹ poprawne.;s¹ normalne i potrzebne, poniewa¿ realizuj¹ szereg wa¿nych funkcji.;Przyjêcie odpowiedniej postawy cia³a lub wykonanie prostych ruchów.;Wdech odbywa siê przez nos, a wydech – przez usta.;Codzienna troska o fizycznoœæ, opieraj¹ca siê na trzech g³ównych filarach: w³aœciwej diecie, odpowiedniej iloœci snu i ruchu.;Tak;;Zdecydowanie tak;Zdecydowanie tak;Tak;Zdecydowanie tak;5;4;Techniki oddechowe ;Porównanie emocji do wody;Nie;Nie;9;Nie
4.25.2025 21:08:30;Akceptujê;nauczycielem;21 lat i wiêcej;Zespó³ Szkó³ Ogólnokszta³c¹cych nr 18 w Krakowie;Obie odpowiedzi s¹ poprawne.;mo¿na podzieliæ na dobre (pozytywne) i z³e (negatywne).;Przyjêcie odpowiedniej postawy cia³a lub wykonanie prostych ruchów.;Wdech odbywa siê przez nos, a wydech – przez usta.;Codzienna troska o fizycznoœæ, opieraj¹ca siê na trzech g³ównych filarach: w³aœciwej diecie, odpowiedniej iloœci snu i ruchu.;Tak;;Zdecydowanie tak;Zdecydowanie tak;Tak;Zdecydowanie tak;5;5;Koniecznoœæ zweryfikowania dotychczasowych opinii.;Uporz¹dkowa³o moje opinie.;Nie.;Nie zabrak³o ;9;Nie
4.28.2025 7:41:30;Akceptujê;nauczycielem;mniej ni¿ rok;Zespó³ Szkó³ Ogólnokszta³c¹cych nr 18 w Krakowie;Obie odpowiedzi s¹ poprawne.;s¹ normalne i potrzebne, poniewa¿ realizuj¹ szereg wa¿nych funkcji.;Przyjêcie odpowiedniej postawy cia³a lub wykonanie prostych ruchów.;Wdech i wydech odbywaj¹ siê przez nos.;Codzienna troska o fizycznoœæ, opieraj¹ca siê na trzech g³ównych filarach: w³aœciwej diecie, odpowiedniej iloœci snu i ruchu.;Tak;;Zdecydowanie tak;Zdecydowanie tak;Tak;Zdecydowanie tak;5;5;o emocjach - to informacja o nas co siê dzieje.;tak;-;-;9;-
5.6.2025 18:25:37;Akceptujê;nauczycielem;21 lat i wiêcej;Szko³a Podstawowa nr 4 im. Stefana ¯eromskiego w Be³chatowie;Obie odpowiedzi s¹ poprawne.;mo¿na podzieliæ na dobre (pozytywne) i z³e (negatywne).;Przyjêcie odpowiedniej postawy cia³a lub wykonanie prostych ruchów.;Wdech odbywa siê przez nos, a wydech – przez usta.;Codzienna troska o fizycznoœæ, opieraj¹ca siê na trzech g³ównych filarach: w³aœciwej diecie, odpowiedniej iloœci snu i ruchu.;Tak;;Zdecydowanie tak;Zdecydowanie tak;Tak;Zdecydowanie tak;5;5;Wszystkie;Na temat radzenia sobie z emocjami;Nie ma;Nie;10;Nie
5.6.2025 18:25:43;Akceptujê;nauczycielem;21 lat i wiêcej;Szko³a Podstawowa nr 4 im. Stefana ¯eromskiego w Be³chatowie;Obie odpowiedzi s¹ poprawne.;s¹ normalne i potrzebne, poniewa¿ realizuj¹ szereg wa¿nych funkcji.;Przyjêcie odpowiedniej postawy cia³a lub wykonanie prostych ruchów.;Wdech odbywa siê przez usta, a wydech – przez nos.;Optymistyczne nastawienie do codziennoœci i koncentrowanie siê na pozytywnych aspektach w³asnego ¿ycia.;Tak;;Zdecydowanie tak;Zdecydowanie tak;Tak;Zdecydowanie tak;5;5;Wszystko bardzo pomocne;raczej nie;nie;nie;10;nie
5.6.2025 18:25:44;Akceptujê;nauczycielem;16-20 lat;Szko³a Podstawowa nr 4 im. Stefana ¯eromskiego w Be³chatowie;Obie odpowiedzi s¹ poprawne.;s¹ normalne i potrzebne, poniewa¿ realizuj¹ szereg wa¿nych funkcji.;Przyjêcie odpowiedniej postawy cia³a lub wykonanie prostych ruchów.;Wdech odbywa siê przez nos, a wydech – przez usta.;Codzienna troska o fizycznoœæ, opieraj¹ca siê na trzech g³ównych filarach: w³aœciwej diecie, odpowiedniej iloœci snu i ruchu.;Tak;nic;Raczej tak;Raczej tak;Tak;Raczej tak;4;4;-;-;-;-;8;-
5.6.2025 18:26:12;Akceptujê;nauczycielem;1-5 lat;Szko³a Podstawowa nr 4 im. Stefana ¯eromskiego w Be³chatowie;Obie odpowiedzi s¹ poprawne.;s¹ normalne i potrzebne, poniewa¿ realizuj¹ szereg wa¿nych funkcji.;Przyjêcie odpowiedniej postawy cia³a lub wykonanie prostych ruchów.;Wdech odbywa siê przez nos, a wydech – przez usta.;Codzienna troska o fizycznoœæ, opieraj¹ca siê na trzech g³ównych filarach: w³aœciwej diecie, odpowiedniej iloœci snu i ruchu.;Tak;;Zdecydowanie tak;Zdecydowanie tak;Tak;Zdecydowanie tak;5;5;Konkretne przyk³ady na uspokojenie emocji;Nie;Nie;Nie;10;Nie
5.6.2025 18:27:07;Akceptujê;nauczycielem;21 lat i wiêcej;Szko³a Podstawowa nr 4 im. Stefana ¯eromskiego w Be³chatowie;Obie odpowiedzi s¹ poprawne.;s¹ normalne i potrzebne, poniewa¿ realizuj¹ szereg wa¿nych funkcji.;Przyjêcie odpowiedniej postawy cia³a lub wykonanie prostych ruchów.;Wdech odbywa siê przez nos, a wydech – przez usta.;Codzienna troska o fizycznoœæ, opieraj¹ca siê na trzech g³ównych filarach: w³aœciwej diecie, odpowiedniej iloœci snu i ruchu.;Tak;;Raczej tak;Raczej tak;Tak;Raczej tak;4;4;.;Tak;.;.;8;.
5.6.2025 18:27:17;Akceptujê;nauczycielem;6-10 lat;Szko³a Podstawowa nr 4 im. Stefana ¯eromskiego w Be³chatowie;Obie odpowiedzi s¹ poprawne.;s¹ normalne i potrzebne, poniewa¿ realizuj¹ szereg wa¿nych funkcji.;Przyjêcie odpowiedniej postawy cia³a lub wykonanie prostych ruchów.;Wdech odbywa siê przez nos, a wydech – przez usta.;Optymistyczne nastawienie do codziennoœci i koncentrowanie siê na pozytywnych aspektach w³asnego ¿ycia.;Tak;;Zdecydowanie tak;Zdecydowanie tak;Tak;Zdecydowanie tak;5;5;Wszystko jest przydatne;zdecydowanie tak;wszystko by³o potrzebne;nie brakowa³o nic;10;nie
5.6.2025 18:27:29;Akceptujê;nauczycielem;16-20 lat;Szko³a Podstawowa nr 4 im. Stefana ¯eromskiego w Be³chatowie;Obie odpowiedzi s¹ poprawne.;s¹ normalne i potrzebne, poniewa¿ realizuj¹ szereg wa¿nych funkcji.;Przyjêcie odpowiedniej postawy cia³a lub wykonanie prostych ruchów.;Wdech odbywa siê przez nos, a wydech – przez usta.;Codzienna troska o fizycznoœæ, opieraj¹ca siê na trzech g³ównych filarach: w³aœciwej diecie, odpowiedniej iloœci snu i ruchu.;Tak;;Zdecydowanie tak;Zdecydowanie tak;Tak;Zdecydowanie tak;5;5;æwiczenia oddechowe;tak, sposób postrzegania emocji;brak;nie;10;nie
5.6.2025 18:27:43;Akceptujê;pedagogiem;21 lat i wiêcej;Szko³a Podstawowa nr 4 im. Stefana ¯eromskiego w Be³chatowie;Obie odpowiedzi s¹ poprawne.;s¹ normalne i potrzebne, poniewa¿ realizuj¹ szereg wa¿nych funkcji.;Przyjêcie odpowiedniej postawy cia³a lub wykonanie prostych ruchów.;Wdech odbywa siê przez nos, a wydech – przez usta.;Optymistyczne nastawienie do codziennoœci i koncentrowanie siê na pozytywnych aspektach w³asnego ¿ycia.;Tak;Nie dotyczy ;Zdecydowanie tak;Zdecydowanie tak;Tak;Zdecydowanie tak;5;5;Dotycz¹ce prostych odreagowuj¹cych napiêcia æwiczeñ ;Trudne emocje mo¿na odreagowaæ ;Nie dotyczy ;Nie dotyczy ;10;Nie dotyczy 
5.6.2025 18:27:47;Akceptujê;nauczycielem;1-5 lat;Szko³a Podstawowa nr 4 im. Stefana ¯eromskiego w Be³chatowie;Obie odpowiedzi s¹ poprawne.;s¹ normalne i potrzebne, poniewa¿ realizuj¹ szereg wa¿nych funkcji.;Przyjêcie odpowiedniej postawy cia³a lub wykonanie prostych ruchów.;Wdech odbywa siê przez nos, a wydech – przez usta.;Codzienna troska o fizycznoœæ, opieraj¹ca siê na trzech g³ównych filarach: w³aœciwej diecie, odpowiedniej iloœci snu i ruchu.;Tak;;Zdecydowanie tak;Zdecydowanie tak;Tak;Zdecydowanie tak;5;5;Æwiczenia praktyczne;Postrzeganie w³asnych emocji;-;-;10;-
5.6.2025 18:28:24;Akceptujê;nauczycielem;1-5 lat;Szko³a Podstawowa nr 4 im. Stefana ¯eromskiego w Be³chatowie;Obie odpowiedzi s¹ poprawne.;s¹ normalne i potrzebne, poniewa¿ realizuj¹ szereg wa¿nych funkcji.;Przyjêcie odpowiedniej postawy cia³a lub wykonanie prostych ruchów.;Wdech odbywa siê przez nos, a wydech – przez usta.;Codzienna troska o fizycznoœæ, opieraj¹ca siê na trzech g³ównych filarach: w³aœciwej diecie, odpowiedniej iloœci snu i ruchu.;Tak;;Zdecydowanie tak;Zdecydowanie tak;Tak;Zdecydowanie tak;5;5;Praktyczne sposoby radzenia sobie ze stresem w pracy nauczyciela (np. techniki oddechowe, krótkie æwiczenia relaksacyjne).;Zrozumia³am,  ¿e reagowanie na stres i emocje to nie tylko kwestia odpornoœci, ale równie¿ umiejêtnoœæ, któr¹ mo¿na rozwijaæ.;Nie;Nie;10;Nie
5.6.2025 18:28:24;Akceptujê;nauczycielem;6-10 lat;Szko³a Podstawowa nr 4 im. Stefana ¯eromskiego w Be³chatowie;Obie odpowiedzi s¹ poprawne.;s¹ normalne i potrzebne, poniewa¿ realizuj¹ szereg wa¿nych funkcji.;Przyjêcie odpowiedniej postawy cia³a lub wykonanie prostych ruchów.;Wdech odbywa siê przez nos, a wydech – przez usta.;Codzienna troska o fizycznoœæ, opieraj¹ca siê na trzech g³ównych filarach: w³aœciwej diecie, odpowiedniej iloœci snu i ruchu.;Tak;;Raczej tak;Raczej tak;Tak;Raczej tak;3;3;Jak radziæ sobie z emocjami;nie wiem;-;-;7;-
5.6.2025 18:28:50;Akceptujê;nauczycielem;21 lat i wiêcej;Szko³a Podstawowa nr 4 im. Stefana ¯eromskiego w Be³chatowie;To reakcje, które pojawiaj¹ siê w odpowiedzi na subiektywnie wa¿n¹ dla danej osoby sytuacjê.;mo¿na podzieliæ na dobre (pozytywne) i z³e (negatywne).;Przyjêcie odpowiedniej postawy cia³a lub wykonanie prostych ruchów.;Wdech odbywa siê przez nos, a wydech – przez usta.;Optymistyczne nastawienie do codziennoœci i koncentrowanie siê na pozytywnych aspektach w³asnego ¿ycia.;Tak;;Zdecydowanie tak;Zdecydowanie tak;Tak;Zdecydowanie tak;5;5;brak;brak;brak;brak;10;brak
5.6.2025 18:28:50;Akceptujê;nauczycielem;11-15 lat;Szko³a Podstawowa nr 4 im. Stefana ¯eromskiego w Be³chatowie;Obie odpowiedzi s¹ poprawne.;s¹ normalne i potrzebne, poniewa¿ realizuj¹ szereg wa¿nych funkcji.;Przyjêcie odpowiedniej postawy cia³a lub wykonanie prostych ruchów.;Wdech odbywa siê przez nos, a wydech – przez usta.;Codzienna troska o fizycznoœæ, opieraj¹ca siê na trzech g³ównych filarach: w³aœciwej diecie, odpowiedniej iloœci snu i ruchu.;Tak;;Zdecydowanie tak;Raczej tak;Tak;Raczej tak;4;4;proste æwiczenia ;Raczej nie ;nie;nie;9;nie
5.6.2025 18:29:00;Akceptujê;nauczycielem;21 lat i wiêcej;Szko³a Podstawowa nr 4 im. Stefana ¯eromskiego w Be³chatowie;Obie odpowiedzi s¹ poprawne.;s¹ normalne i potrzebne, poniewa¿ realizuj¹ szereg wa¿nych funkcji.;Przyjêcie odpowiedniej postawy cia³a lub wykonanie prostych ruchów.;Wdech odbywa siê przez nos, a wydech – przez usta.;Codzienna troska o fizycznoœæ, opieraj¹ca siê na trzech g³ównych filarach: w³aœciwej diecie, odpowiedniej iloœci snu i ruchu.;Tak;;Raczej tak;Raczej tak;Tak;Raczej tak;4;4;Æwiczenia oddechowe;Nie;Nie wyst¹pi³y;Nie;8;Nie
5.6.2025 18:29:02;Akceptujê;nauczycielem;11-15 lat;Szko³a Podstawowa nr 4 im. Stefana ¯eromskiego w Be³chatowie;To reakcje, które pojawiaj¹ siê w odpowiedzi na subiektywnie wa¿n¹ dla danej osoby sytuacjê.;s¹ normalne i potrzebne, poniewa¿ realizuj¹ szereg wa¿nych funkcji.;Przyjêcie odpowiedniej postawy cia³a lub wykonanie prostych ruchów.;Wdech odbywa siê przez nos, a wydech – przez usta.;Codzienna troska o fizycznoœæ, opieraj¹ca siê na trzech g³ównych filarach: w³aœciwej diecie, odpowiedniej iloœci snu i ruchu.;Tak;;Raczej tak;Raczej tak;Tak;Zdecydowanie tak;4;4;Sposoby odreagowania ;Raczej nie;techniki radzenia sobie z emocjami;nie;10;nie mam uwag
5.6.2025 18:29:22;Akceptujê;nauczycielem;6-10 lat;Szko³a Podstawowa nr 4 im. Stefana ¯eromskiego w Be³chatowie;Obie odpowiedzi s¹ poprawne.;s¹ normalne i potrzebne, poniewa¿ realizuj¹ szereg wa¿nych funkcji.;Przyjêcie odpowiedniej postawy cia³a lub wykonanie prostych ruchów.;Wdech odbywa siê przez nos, a wydech – przez usta.;Codzienna troska o fizycznoœæ, opieraj¹ca siê na trzech g³ównych filarach: w³aœciwej diecie, odpowiedniej iloœci snu i ruchu.;Tak;;Zdecydowanie tak;Zdecydowanie tak;Tak;Zdecydowanie tak;5;5;wszystko;nie;nie;nie;9;nie
5.6.2025 18:29:25;Akceptujê;nauczycielem;6-10 lat;Szko³a Podstawowa nr 4 im. Stefana ¯eromskiego w Be³chatowie;Obie odpowiedzi s¹ poprawne.;s¹ normalne i potrzebne, poniewa¿ realizuj¹ szereg wa¿nych funkcji.;Przyjêcie odpowiedniej postawy cia³a lub wykonanie prostych ruchów.;Wdech odbywa siê przez nos, a wydech – przez usta.;Codzienna troska o fizycznoœæ, opieraj¹ca siê na trzech g³ównych filarach: w³aœciwej diecie, odpowiedniej iloœci snu i ruchu.;Tak;;Raczej tak;Raczej tak;Tak;Raczej tak;5;4;Przypomnienie jak wiele emocji kryje siê w cz³owieku i jak one kumuluj¹ siê w organizmie ;Nie tyle zmieni³o co przypomnia³o ;nie;nie;9;nie
5.6.2025 18:29:54;Akceptujê;nauczycielem;6-10 lat;Szko³a Podstawowa nr 4 im. Stefana ¯eromskiego w Be³chatowie;Obie odpowiedzi s¹ poprawne.;s¹ normalne i potrzebne, poniewa¿ realizuj¹ szereg wa¿nych funkcji.;Przyjêcie odpowiedniej postawy cia³a lub wykonanie prostych ruchów.;Wdech odbywa siê przez nos, a wydech – przez usta.;Optymistyczne nastawienie do codziennoœci i koncentrowanie siê na pozytywnych aspektach w³asnego ¿ycia.;Tak;;Raczej tak;Zdecydowanie tak;Tak;Raczej tak;4;4;Wszystkie by³y bardzo przydatne i na pewno z nich skorzystam;Tak;Nie by³o takich;Myœlê ¿e nie;9;Nie
5.6.2025 18:30:13;Akceptujê;nauczycielem;1-5 lat;Szko³a Podstawowa nr 4 im. Stefana ¯eromskiego w Be³chatowie;Obie odpowiedzi s¹ poprawne.;s¹ normalne i potrzebne, poniewa¿ realizuj¹ szereg wa¿nych funkcji.;Przyjêcie odpowiedniej postawy cia³a lub wykonanie prostych ruchów.;Wdech odbywa siê przez nos, a wydech – przez usta.;Codzienna troska o fizycznoœæ, opieraj¹ca siê na trzech g³ównych filarach: w³aœciwej diecie, odpowiedniej iloœci snu i ruchu.;Tak;;Zdecydowanie tak;Raczej tak;Tak;Raczej tak;4;4;Wiedza na temat jak zapanowaæ nad negatywnymi emocjami.;Raczej nie.;Nie by³o takich treœci.;Raczej nie.;9;Nie mam uwag.
5.6.2025 18:30:31;Akceptujê;nauczycielem;6-10 lat;Szko³a Podstawowa nr 4 im. Stefana ¯eromskiego w Be³chatowie;Obie odpowiedzi s¹ poprawne.;s¹ normalne i potrzebne, poniewa¿ realizuj¹ szereg wa¿nych funkcji.;Przyjêcie odpowiedniej postawy cia³a lub wykonanie prostych ruchów.;Wdech odbywa siê przez nos, a wydech – przez usta.;Codzienna troska o fizycznoœæ, opieraj¹ca siê na trzech g³ównych filarach: w³aœciwej diecie, odpowiedniej iloœci snu i ruchu.;Tak;NIC Nie trzeba zmieniaæ;Zdecydowanie tak;Zdecydowanie tak;Tak;Zdecydowanie tak;5;5;Jak radziæ sobie z trudnymi emocjami wynikaj¹cymi z pracy. ;Na w¹¿noœæ w³asnego samopoczucia;-;-;10;Bardzo interesuj¹ce szkolenie. Konstruktywnie spêdzony czas:)
5.6.2025 18:30:57;Akceptujê;nauczycielem;16-20 lat;Szko³a Podstawowa nr 4 im. Stefana ¯eromskiego w Be³chatowie;Obie odpowiedzi s¹ poprawne.;s¹ normalne i potrzebne, poniewa¿ realizuj¹ szereg wa¿nych funkcji.;Przyjêcie odpowiedniej postawy cia³a lub wykonanie prostych ruchów.;Wdech odbywa siê przez nos, a wydech – przez usta.;Codzienna troska o fizycznoœæ, opieraj¹ca siê na trzech g³ównych filarach: w³aœciwej diecie, odpowiedniej iloœci snu i ruchu.;Tak;Nic ,wszystko okej.;Zdecydowanie tak;Zdecydowanie tak;Tak;Zdecydowanie tak;5;5;Panowanie nad negatywnymi emocjami by nie zara¿aæ nimi innych.;Swoich negatywnych emocji. Stanów emocjonalnych wywo³anych stresem.;Nie.;Nie.;10;Nie
5.6.2025 18:31:43;Akceptujê;nauczycielem;11-15 lat;Szko³a Podstawowa nr 4 im. Stefana ¯eromskiego w Be³chatowie;Obie odpowiedzi s¹ poprawne.;s¹ normalne i potrzebne, poniewa¿ realizuj¹ szereg wa¿nych funkcji.;Przyjêcie odpowiedniej postawy cia³a lub wykonanie prostych ruchów.;Wdech odbywa siê przez nos, a wydech – przez usta.;Codzienna troska o fizycznoœæ, opieraj¹ca siê na trzech g³ównych filarach: w³aœciwej diecie, odpowiedniej iloœci snu i ruchu.;Tak;;Zdecydowanie tak;Zdecydowanie tak;Tak;Zdecydowanie tak;5;5;Trening relaksacyjny.;Tak. Mam praw do odczuwania emocji.;Wszystkie by³y wa¿ne.;Nie ;10;Nie. To by³ mi³o spêdzony czas.
5.6.2025 18:31:53;Akceptujê;nauczycielem;1-5 lat;Szko³a Podstawowa nr 4 im. Stefana ¯eromskiego w Be³chatowie;Obie odpowiedzi s¹ poprawne.;mo¿na podzieliæ na dobre (pozytywne) i z³e (negatywne).;Przyjêcie odpowiedniej postawy cia³a lub wykonanie prostych ruchów.;Wdech odbywa siê przez nos, a wydech – przez usta.;Nie wiem;Tak;Wszystko dobrze ;Raczej tak;Raczej tak;Tak;Zdecydowanie tak;5;4;Tak;Bardzo dobre spotkanie ;Tak;Nie;10;Nie 
5.6.2025 18:31:56;Akceptujê;nauczycielem;16-20 lat;Szko³a Podstawowa nr 4 im. Stefana ¯eromskiego w Be³chatowie;Uruchamiaj¹ ca³y zespó³ zmian w ciele, w sposobie myœlenia i zachowaniu cz³owieka.;s¹ normalne i potrzebne, poniewa¿ realizuj¹ szereg wa¿nych funkcji.;Przyjêcie odpowiedniej postawy cia³a lub wykonanie prostych ruchów.;Wdech odbywa siê przez nos, a wydech – przez usta.;Codzienna troska o fizycznoœæ, opieraj¹ca siê na trzech g³ównych filarach: w³aœciwej diecie, odpowiedniej iloœci snu i ruchu.;Tak;;Zdecydowanie tak;Zdecydowanie tak;Tak;Raczej tak;4;4;proste æwiczenia;Raczej nie;Nie;Nie;9;Nie
5.6.2025 18:32:20;Akceptujê;nauczycielem;1-5 lat;Szko³a Podstawowa nr 4 im. Stefana ¯eromskiego w Be³chatowie;Obie odpowiedzi s¹ poprawne.;s¹ normalne i potrzebne, poniewa¿ realizuj¹ szereg wa¿nych funkcji.;Przyjêcie odpowiedniej postawy cia³a lub wykonanie prostych ruchów.;Wdech odbywa siê przez nos, a wydech – przez usta.;Optymistyczne nastawienie do codziennoœci i koncentrowanie siê na pozytywnych aspektach w³asnego ¿ycia.;Tak;;Raczej tak;Raczej tak;Tak;Raczej tak;5;5;Wszystkie treœci przekazane w ramach spotkania ;S;Nie;Nie;10;Nie
5.6.2025 18:38:58;Akceptujê;nauczycielem;21 lat i wiêcej;Szko³a Podstawowa nr 4 im. Stefana ¯eromskiego w Be³chatowie;To reakcje, które pojawiaj¹ siê w odpowiedzi na subiektywnie wa¿n¹ dla danej osoby sytuacjê.;s¹ normalne i potrzebne, poniewa¿ realizuj¹ szereg wa¿nych funkcji.;Przyjêcie odpowiedniej postawy cia³a lub wykonanie prostych ruchów.;Wdech odbywa siê przez nos, a wydech – przez usta.;Codzienna troska o fizycznoœæ, opieraj¹ca siê na trzech g³ównych filarach: w³aœciwej diecie, odpowiedniej iloœci snu i ruchu.;Tak;;Zdecydowanie tak;Zdecydowanie tak;Tak;Zdecydowanie tak;5;5;Praktyczne æwiczenia postawy i oddechu, metoda5-4-3-2-1 do stosowania w szkole i w ¿yciu  na co dzieñ - super;Bêdê bardziej uwa¿na na swoje cia³o i w³asne emocje;nie ;nie;10;Bardzo dobry merytorycznie przekaz- czytelny i konkretny. Prowadzony spokojnie i z du¿¹ ¿yczliwoœci¹ dla nas - s³uchaczy. Dziêkujê! 
5.7.2025 17:23:18;Akceptujê;nauczycielem;1-5 lat;Szko³a Podstawowa nr 2 im. hr. Edwarda Raczyñskiego w Komornikach;Obie odpowiedzi s¹ poprawne.;s¹ normalne i potrzebne, poniewa¿ realizuj¹ szereg wa¿nych funkcji.;Przyjêcie odpowiedniej postawy cia³a lub wykonanie prostych ruchów.;Wdech odbywa siê przez nos, a wydech – przez usta.;Codzienna troska o fizycznoœæ, opieraj¹ca siê na trzech g³ównych filarach: w³aœciwej diecie, odpowiedniej iloœci snu i ruchu.;Tak;Nic;Zdecydowanie tak;Zdecydowanie tak;Tak;Zdecydowanie tak;5;5;Wszystkie;Tak;Tak;Nie;10;Nie
5.7.2025 17:24:59;Akceptujê;dyrektorem/wicedyrektorem;21 lat i wiêcej;Szko³a Podstawowa nr 2 im. hr. Edwarda Raczyñskiego w Komornikach;Obie odpowiedzi s¹ poprawne.;mo¿na podzieliæ na dobre (pozytywne) i z³e (negatywne).;Przyjêcie odpowiedniej postawy cia³a lub wykonanie prostych ruchów.;Wdech odbywa siê przez nos, a wydech – przez usta.;Codzienna troska o fizycznoœæ, opieraj¹ca siê na trzech g³ównych filarach: w³aœciwej diecie, odpowiedniej iloœci snu i ruchu.;Tak;;Zdecydowanie tak;Zdecydowanie tak;Tak;Zdecydowanie tak;5;5;konkretne æwiczenia;nie;wszystko by³o potrzebne;nie, wszystko by³o;10;nie
5.7.2025 17:25:30;Akceptujê;nauczycielem;1-5 lat;Szko³a Podstawowa nr 2 im. hr. Edwarda Raczyñskiego w Komornikach;Obie odpowiedzi s¹ poprawne.;s¹ normalne i potrzebne, poniewa¿ realizuj¹ szereg wa¿nych funkcji.;Przyjêcie odpowiedniej postawy cia³a lub wykonanie prostych ruchów.;Wdech odbywa siê przez nos, a wydech – przez usta.;Codzienna troska o fizycznoœæ, opieraj¹ca siê na trzech g³ównych filarach: w³aœciwej diecie, odpowiedniej iloœci snu i ruchu.;Tak;;Zdecydowanie tak;Zdecydowanie tak;Tak;Zdecydowanie tak;5;5;Æwiczenia praktyczne;Spotkanie zmieni³o moje postrzeganie æwiczeñ relaksacyjnych. Do tej pory wydawa³y mi siê one skomplikowane i ma³o skuteczne, jednak dziêki udzia³owi w zajêciach przekona³am siê, ¿e s¹ one proste do wykonania i jednoczeœnie bardzo efektywne ;Nie widzê zbêdnych treœci;Spotkanie zawiera³o wszystkie istotne treœci;10;Brak
5.7.2025 17:25:37;Akceptujê;nauczycielem;16-20 lat;Szko³a Podstawowa nr 2 im. hr. Edwarda Raczyñskiego w Komornikach;Obie odpowiedzi s¹ poprawne.;s¹ normalne i potrzebne, poniewa¿ realizuj¹ szereg wa¿nych funkcji.;Przyjêcie odpowiedniej postawy cia³a lub wykonanie prostych ruchów.;Wdech odbywa siê przez nos, a wydech – przez usta.;Optymistyczne nastawienie do codziennoœci i koncentrowanie siê na pozytywnych aspektach w³asnego ¿ycia.;Tak;;Zdecydowanie tak;Zdecydowanie tak;Tak;Zdecydowanie tak;5;5;Sposoby radzenia sobie z trudnymi emocjami;Tak, podejœcie do samego sobie ; Nie by³o takich;Nie, wszystko by³o ok;10;Nie, dziêkujê 
5.7.2025 17:25:51;Akceptujê;nauczycielem;16-20 lat;Szko³a Podstawowa nr 2 im. hr. Edwarda Raczyñskiego w Komornikach;To reakcje, które pojawiaj¹ siê w odpowiedzi na subiektywnie wa¿n¹ dla danej osoby sytuacjê.;s¹ normalne i potrzebne, poniewa¿ realizuj¹ szereg wa¿nych funkcji.;Przyjêcie odpowiedniej postawy cia³a lub wykonanie prostych ruchów.;Wdech odbywa siê przez nos, a wydech – przez usta.;Codzienna troska o fizycznoœæ, opieraj¹ca siê na trzech g³ównych filarach: w³aœciwej diecie, odpowiedniej iloœci snu i ruchu.;Tak;-;Zdecydowanie tak;Raczej tak;Tak;Raczej tak;5;5;-;-;-;-;9;-
5.7.2025 17:27:48;Akceptujê;nauczycielem;11-15 lat;Szko³a Podstawowa nr 2 im. hr. Edwarda Raczyñskiego w Komornikach;Obie odpowiedzi s¹ poprawne.;s¹ normalne i potrzebne, poniewa¿ realizuj¹ szereg wa¿nych funkcji.;Przyjêcie odpowiedniej postawy cia³a lub wykonanie prostych ruchów.;Wdech odbywa siê przez nos, a wydech – przez usta.;Codzienna troska o fizycznoœæ, opieraj¹ca siê na trzech g³ównych filarach: w³aœciwej diecie, odpowiedniej iloœci snu i ruchu.;Tak;..;Zdecydowanie tak;Raczej tak;Tak;Zdecydowanie tak;4;4;.;.;.;.;8;.
5.7.2025 17:30:14;Akceptujê;dyrektorem/wicedyrektorem;6-10 lat;Szko³a Podstawowa nr 2 im. hr. Edwarda Raczyñskiego w Komornikach;Obie odpowiedzi s¹ poprawne.;s¹ normalne i potrzebne, poniewa¿ realizuj¹ szereg wa¿nych funkcji.;Przyjêcie odpowiedniej postawy cia³a lub wykonanie prostych ruchów.;Wdech odbywa siê przez nos, a wydech – przez usta.;Codzienna troska o fizycznoœæ, opieraj¹ca siê na trzech g³ównych filarach: w³aœciwej diecie, odpowiedniej iloœci snu i ruchu.;Tak;;Zdecydowanie tak;Zdecydowanie tak;Tak;Zdecydowanie tak;5;5;Æwiczenia oddechowe;Tak, ró¿ne rodzaje oddychania i ich wp³yw na samopoczucie;Nie by³o takowych;Nie;10;Nie
5.7.2025 17:30:47;Akceptujê;nauczycielem;21 lat i wiêcej;Szko³a Podstawowa nr 2 im. hr. Edwarda Raczyñskiego w Komornikach;Obie odpowiedzi s¹ poprawne.;s¹ normalne i potrzebne, poniewa¿ realizuj¹ szereg wa¿nych funkcji.;Przyjêcie odpowiedniej postawy cia³a lub wykonanie prostych ruchów.;Wdech odbywa siê przez nos, a wydech – przez usta.;Optymistyczne nastawienie do codziennoœci i koncentrowanie siê na pozytywnych aspektach w³asnego ¿ycia.;Tak;nic;Zdecydowanie tak;Zdecydowanie tak;Tak;Zdecydowanie tak;5;5;wszystkie;nie;nie bylo takowych;nie;10;nie mam uwag
5.7.2025 17:31:31;Akceptujê;nauczycielem;11-15 lat;Szko³a Podstawowa nr 2 im. hr. Edwarda Raczyñskiego w Komornikach;Obie odpowiedzi s¹ poprawne.;mo¿na podzieliæ na dobre (pozytywne) i z³e (negatywne).;Przyjêcie odpowiedniej postawy cia³a lub wykonanie prostych ruchów.;Wdech odbywa siê przez usta, a wydech – przez nos.;Codzienna troska o fizycznoœæ, opieraj¹ca siê na trzech g³ównych filarach: w³aœciwej diecie, odpowiedniej iloœci snu i ruchu.;Tak;;Raczej tak;Raczej tak;Tak;Zdecydowanie tak;5;5;Wszystkie ;.;.;.;8;.
5.7.2025 17:41:06;Akceptujê;nauczycielem;1-5 lat;Szko³a Podstawowa nr 2 im. hr. Edwarda Raczyñskiego w Komornikach;Obie odpowiedzi s¹ poprawne.;s¹ normalne i potrzebne, poniewa¿ realizuj¹ szereg wa¿nych funkcji.;Przyjêcie odpowiedniej postawy cia³a lub wykonanie prostych ruchów.;Wdech odbywa siê przez usta, a wydech – przez nos.;Codzienna troska o fizycznoœæ, opieraj¹ca siê na trzech g³ównych filarach: w³aœciwej diecie, odpowiedniej iloœci snu i ruchu.;Tak;;Zdecydowanie tak;Zdecydowanie tak;Tak;Zdecydowanie tak;5;5;æwiczenia oddechowe, æwiczenia na koncentracje, ;¿e nasza postawa, szczególnie dominacji mo¿e pomóc. ;Nie ;Nie;10;Nie 
5.7.2025 17:48:29;Akceptujê;pedagogiem;21 lat i wiêcej;Szko³a Podstawowa nr 2 im. hr. Edwarda Raczyñskiego w Komornikach;Uruchamiaj¹ ca³y zespó³ zmian w ciele, w sposobie myœlenia i zachowaniu cz³owieka.;s¹ normalne i potrzebne, poniewa¿ realizuj¹ szereg wa¿nych funkcji.;Przyjêcie odpowiedniej postawy cia³a lub wykonanie prostych ruchów.;Wdech i wydech odbywaj¹ siê przez nos.;Codzienna troska o fizycznoœæ, opieraj¹ca siê na trzech g³ównych filarach: w³aœciwej diecie, odpowiedniej iloœci snu i ruchu.;Tak;Nic;Zdecydowanie tak;Zdecydowanie tak;Tak;Zdecydowanie tak;5;5;Æwiczenia ;Kolor emocji;Brak;Nie;10;Brak
5.7.2025 17:53:27;Akceptujê;nauczycielem;1-5 lat;Szko³a Podstawowa nr 2 im. hr. Edwarda Raczyñskiego w Komornikach;Obie odpowiedzi s¹ poprawne.;s¹ normalne i potrzebne, poniewa¿ realizuj¹ szereg wa¿nych funkcji.;Przyjêcie odpowiedniej postawy cia³a lub wykonanie prostych ruchów.;Wdech odbywa siê przez nos, a wydech – przez usta.;Codzienna troska o fizycznoœæ, opieraj¹ca siê na trzech g³ównych filarach: w³aœciwej diecie, odpowiedniej iloœci snu i ruchu.;Tak;;Zdecydowanie tak;Zdecydowanie tak;Tak;Zdecydowanie tak;5;5;Jak zapanowaæ nad emocjami. Mam ogromn¹ trudnoœæ w radzeniu sobie zw³aszcza z negatywnymi emocjami, z ogromnym stresem.;Tak, zazwyczaj przyjmujê, tak mnie siê wydawa³o, pozycjê dominacji. Jednak obola³a szyja ewidentnie wskazuje, ¿e bardzo siê spinam w trudnych momentach.;nie;nie;10;nie
5.7.2025 17:55:37;Akceptujê;nauczycielem;6-10 lat;Szko³a Podstawowa nr 2 im. hr. Edwarda Raczyñskiego w Komornikach;Obie odpowiedzi s¹ poprawne.;s¹ normalne i potrzebne, poniewa¿ realizuj¹ szereg wa¿nych funkcji.;Przyjêcie odpowiedniej postawy cia³a lub wykonanie prostych ruchów.;Wdech odbywa siê przez nos, a wydech – przez usta.;Optymistyczne nastawienie do codziennoœci i koncentrowanie siê na pozytywnych aspektach w³asnego ¿ycia.;Tak;Nic;Zdecydowanie tak;Zdecydowanie tak;Tak;Zdecydowanie tak;5;5;Formy oddychania, bo ciê¿ko mi to praktykowac;Nie;Brak;Nie;10;Brak
5.7.2025 17:57:17;Akceptujê;Nauczycielem wspó³organizuj¹cym kszta³cenie ;21 lat i wiêcej;Szko³a Podstawowa nr 2 im. hr. Edwarda Raczyñskiego w Komornikach;Obie odpowiedzi s¹ poprawne.;s¹ normalne i potrzebne, poniewa¿ realizuj¹ szereg wa¿nych funkcji.;Przyjêcie odpowiedniej postawy cia³a lub wykonanie prostych ruchów.;Wdech odbywa siê przez nos, a wydech – przez usta.;Codzienna troska o fizycznoœæ, opieraj¹ca siê na trzech g³ównych filarach: w³aœciwej diecie, odpowiedniej iloœci snu i ruchu.;Tak;;Zdecydowanie tak;Zdecydowanie tak;Tak;Zdecydowanie tak;5;5;Metody roz³adowywania stresu, napiêcia. Wykorzystam je praktycznie, równie¿ do pracy z uczniami.;Tak, postrzrganie emocji w ciele.;Nie by³o takich.;Nie, spotkanie by³o wystarczaj¹ce ;10;Brak.
5.7.2025 17:57:22;Akceptujê;psychologiem;1-5 lat;Szko³a Podstawowa nr 2 im. hr. Edwarda Raczyñskiego w Komornikach;Obie odpowiedzi s¹ poprawne.;s¹ normalne i potrzebne, poniewa¿ realizuj¹ szereg wa¿nych funkcji.;Przyjêcie odpowiedniej postawy cia³a lub wykonanie prostych ruchów.;Wdech odbywa siê przez nos, a wydech – przez usta.;Codzienna troska o fizycznoœæ, opieraj¹ca siê na trzech g³ównych filarach: w³aœciwej diecie, odpowiedniej iloœci snu i ruchu.;Tak;;Zdecydowanie tak;Zdecydowanie tak;Tak;Raczej tak;4;4;Æwiczenia praktyczne ;Nie;Brak;Nie;10;Brak
5.7.2025 17:58:05;Akceptujê;nauczycielem;1-5 lat;Szko³a Podstawowa nr 2 im. hr. Edwarda Raczyñskiego w Komornikach;Obie odpowiedzi s¹ poprawne.;s¹ normalne i potrzebne, poniewa¿ realizuj¹ szereg wa¿nych funkcji.;Przyjêcie odpowiedniej postawy cia³a lub wykonanie prostych ruchów.;Wdech odbywa siê przez nos, a wydech – przez usta.;Codzienna troska o fizycznoœæ, opieraj¹ca siê na trzech g³ównych filarach: w³aœciwej diecie, odpowiedniej iloœci snu i ruchu.;Tak;;Zdecydowanie tak;Zdecydowanie tak;Tak;Zdecydowanie tak;5;5;Sposoby radzenia sobie z trudnymi emocjami. ;Tak, zmieni³o sposób postrzegania emocji. ;Moim zdaniem nie by³o zbêdnych treœci. ;Nie zabrak³o istotnych treœci. ;10;Chcia³abym czêœciej braæ udzia³ w takich wspania³ych i interesuj¹cych szkoleniach. Mog³abym s³uchaæ pani Magdaleny godzinami :)
5.7.2025 17:59:15;Akceptujê;pedagogiem;21 lat i wiêcej;Szko³a Podstawowa nr 2 im. hr. Edwarda Raczyñskiego w Komornikach;Obie odpowiedzi s¹ poprawne.;s¹ normalne i potrzebne, poniewa¿ realizuj¹ szereg wa¿nych funkcji.;Przyjêcie odpowiedniej postawy cia³a lub wykonanie prostych ruchów.;Wdech odbywa siê przez nos, a wydech – przez usta.;Codzienna troska o fizycznoœæ, opieraj¹ca siê na trzech g³ównych filarach: w³aœciwej diecie, odpowiedniej iloœci snu i ruchu.;Tak;;Zdecydowanie tak;Zdecydowanie tak;Tak;Zdecydowanie tak;5;5;wiêksza dba³oœæ o rytua³y i ma³e, codzienne rutyny;nie;nie ma takich;nie zabrak³o;10;nie
5.7.2025 18:26:53;Akceptujê;nauczycielem;16-20 lat;Prywatna Szko³a Podstawowa i Liceum im. Królowej Jadwigi w Lublinie;Obie odpowiedzi s¹ poprawne.;s¹ normalne i potrzebne, poniewa¿ realizuj¹ szereg wa¿nych funkcji.;Przyjêcie odpowiedniej postawy cia³a lub wykonanie prostych ruchów.;Wdech odbywa siê przez nos, a wydech – przez usta.;Codzienna troska o fizycznoœæ, opieraj¹ca siê na trzech g³ównych filarach: w³aœciwej diecie, odpowiedniej iloœci snu i ruchu.;Tak;nic;Raczej tak;Raczej tak;Tak;Raczej tak;4;4; ; ; ; ;8; 
5.7.2025 18:27:18;Akceptujê;nauczycielem;1-5 lat;Prywatna Szko³a Podstawowa i Liceum im. Królowej Jadwigi w Lublinie;Uruchamiaj¹ ca³y zespó³ zmian w ciele, w sposobie myœlenia i zachowaniu cz³owieka.;mo¿na podzieliæ na dobre (pozytywne) i z³e (negatywne).;Przyjêcie odpowiedniej postawy cia³a lub wykonanie prostych ruchów.;Wdech odbywa siê przez nos, a wydech – przez usta.;Codzienna troska o fizycznoœæ, opieraj¹ca siê na trzech g³ównych filarach: w³aœciwej diecie, odpowiedniej iloœci snu i ruchu.;Tak;;Zdecydowanie tak;Zdecydowanie tak;Tak;Zdecydowanie tak;5;5;Æwiczenia relaksacyjne;Nie;Nie;Nie;9;Nie
5.7.2025 18:27:58;Akceptujê;nauczycielem;6-10 lat;Prywatna Szko³a Podstawowa i Liceum im. Królowej Jadwigi w Lublinie;Obie odpowiedzi s¹ poprawne.;s¹ normalne i potrzebne, poniewa¿ realizuj¹ szereg wa¿nych funkcji.;Przyjêcie odpowiedniej postawy cia³a lub wykonanie prostych ruchów.;Wdech odbywa siê przez nos, a wydech – przez usta.;Codzienna troska o fizycznoœæ, opieraj¹ca siê na trzech g³ównych filarach: w³aœciwej diecie, odpowiedniej iloœci snu i ruchu.;Tak;Wszystko super;Zdecydowanie tak;Zdecydowanie tak;Tak;Zdecydowanie tak;5;5;Wszystkie ;Tak ;Nie;Nie;10;Nue
5.7.2025 18:28:22;Akceptujê;nauczycielem;21 lat i wiêcej;Prywatna Szko³a Podstawowa i Liceum im. Królowej Jadwigi w Lublinie;Obie odpowiedzi s¹ poprawne.;s¹ normalne i potrzebne, poniewa¿ realizuj¹ szereg wa¿nych funkcji.;Przyjêcie odpowiedniej postawy cia³a lub wykonanie prostych ruchów.;Wdech odbywa siê przez nos, a wydech – przez usta.;Codzienna troska o fizycznoœæ, opieraj¹ca siê na trzech g³ównych filarach: w³aœciwej diecie, odpowiedniej iloœci snu i ruchu.;Tak;.;Zdecydowanie tak;Zdecydowanie tak;Tak;Zdecydowanie tak;4;4;.;Nie;Nie;Nie;10;Nie
5.7.2025 18:28:58;Akceptujê;nauczycielem;21 lat i wiêcej;Prywatna Szko³a Podstawowa i Liceum im. Królowej Jadwigi w Lublinie;Obie odpowiedzi s¹ poprawne.;s¹ normalne i potrzebne, poniewa¿ realizuj¹ szereg wa¿nych funkcji.;Przyjêcie odpowiedniej postawy cia³a lub wykonanie prostych ruchów.;Wdech odbywa siê przez nos, a wydech – przez usta.;Codzienna troska o fizycznoœæ, opieraj¹ca siê na trzech g³ównych filarach: w³aœciwej diecie, odpowiedniej iloœci snu i ruchu.;Tak;;Raczej tak;Raczej tak;Tak;Raczej tak;3;4;Praktyczne æwiczenia ruchowe i oddechowe.;Nie zmieni³o, ale bardziej wyczuli³o na uwa¿noœæ wzglêdem siebie samej.;Nie.;Nie mam zdania.;8;Nie.
5.7.2025 18:29:01;Akceptujê;nauczycielem;16-20 lat;Prywatna Szko³a Podstawowa i Liceum im. Królowej Jadwigi w Lublinie;Obie odpowiedzi s¹ poprawne.;s¹ normalne i potrzebne, poniewa¿ realizuj¹ szereg wa¿nych funkcji.;Przyjêcie odpowiedniej postawy cia³a lub wykonanie prostych ruchów.;Wdech odbywa siê przez nos, a wydech – przez usta.;Codzienna troska o fizycznoœæ, opieraj¹ca siê na trzech g³ównych filarach: w³aœciwej diecie, odpowiedniej iloœci snu i ruchu.;Tak;;Zdecydowanie tak;Zdecydowanie tak;Tak;Zdecydowanie tak;4;4;Praktyczne techniki i æwiczenia pozwalaj¹ce opanowaæ stres.;Nie;Nie;Nie;9;Nie
5.7.2025 18:29:07;Akceptujê;nauczycielem;21 lat i wiêcej;Prywatna Szko³a Podstawowa i Liceum im. Królowej Jadwigi w Lublinie;Obie odpowiedzi s¹ poprawne.;s¹ normalne i potrzebne, poniewa¿ realizuj¹ szereg wa¿nych funkcji.;Przyjêcie odpowiedniej postawy cia³a lub wykonanie prostych ruchów.;Wdech odbywa siê przez nos, a wydech – przez usta.;Codzienna troska o fizycznoœæ, opieraj¹ca siê na trzech g³ównych filarach: w³aœciwej diecie, odpowiedniej iloœci snu i ruchu.;Tak;;Zdecydowanie tak;Zdecydowanie tak;Tak;Zdecydowanie tak;4;4;sposoby na opanowanie;nie;nie;nie;9;nie
5.7.2025 18:29:14;Akceptujê;pedagogiem;6-10 lat;Prywatna Szko³a Podstawowa i Liceum im. Królowej Jadwigi w Lublinie;Obie odpowiedzi s¹ poprawne.;s¹ normalne i potrzebne, poniewa¿ realizuj¹ szereg wa¿nych funkcji.;Przyjêcie odpowiedniej postawy cia³a lub wykonanie prostych ruchów.;Wdech odbywa siê przez nos, a wydech – przez usta.;Codzienna troska o fizycznoœæ, opieraj¹ca siê na trzech g³ównych filarach: w³aœciwej diecie, odpowiedniej iloœci snu i ruchu.;Nie;Jednolity ton przekazu;Raczej tak;Raczej tak;Tak;Raczej tak;2;3;Myœlê ¿e tak ;Nie, s¹ to tematy w których obracam siê na co dzieñ ;Nie;Nie ;3;Troszkê wiêcej energii
5.7.2025 18:29:38;Akceptujê;nauczycielem;11-15 lat;Prywatna Szko³a Podstawowa i Liceum im. Królowej Jadwigi w Lublinie;Obie odpowiedzi s¹ poprawne.;s¹ normalne i potrzebne, poniewa¿ realizuj¹ szereg wa¿nych funkcji.;Przyjêcie odpowiedniej postawy cia³a lub wykonanie prostych ruchów.;Wdech odbywa siê przez nos, a wydech – przez usta.;Codzienna troska o fizycznoœæ, opieraj¹ca siê na trzech g³ównych filarach: w³aœciwej diecie, odpowiedniej iloœci snu i ruchu.;Tak;;Zdecydowanie tak;Raczej tak;Tak;Raczej tak;4;4;Æwiczenia ruchowe.;Nie;Nie;Nie;10;Nie
5.7.2025 18:29:46;Akceptujê;nauczycielem;21 lat i wiêcej;Prywatna Szko³a Podstawowa i Liceum im. Królowej Jadwigi w Lublinie;Uruchamiaj¹ ca³y zespó³ zmian w ciele, w sposobie myœlenia i zachowaniu cz³owieka.;mo¿na podzieliæ na dobre (pozytywne) i z³e (negatywne).;Przyjêcie odpowiedniej postawy cia³a lub wykonanie prostych ruchów.;Wdech odbywa siê przez nos, a wydech – przez usta.;Codzienna troska o fizycznoœæ, opieraj¹ca siê na trzech g³ównych filarach: w³aœciwej diecie, odpowiedniej iloœci snu i ruchu.;Tak;;Zdecydowanie tak;Zdecydowanie tak;Tak;Zdecydowanie tak;5;5;Æwiczenia wprowadzaj¹ce wyciszenie ukojenie spokój i luz;Pomog³o uporz¹dkowaæ wiedzê ;Nie by³o takich;Wyczerpuj¹ca ;10;Dziêkujê 
5.7.2025 19:45:25;Akceptujê;nauczycielem;1-5 lat;Zespó³ Szkó³ Ogólnokszta³c¹cych nr 18 w Krakowie;Obie odpowiedzi s¹ poprawne.;s¹ normalne i potrzebne, poniewa¿ realizuj¹ szereg wa¿nych funkcji.;Przyjêcie odpowiedniej postawy cia³a lub wykonanie prostych ruchów.;Wdech odbywa siê przez nos, a wydech – przez usta.;Codzienna troska o fizycznoœæ, opieraj¹ca siê na trzech g³ównych filarach: w³aœciwej diecie, odpowiedniej iloœci snu i ruchu.;Tak;;Zdecydowanie tak;Zdecydowanie tak;Tak;Zdecydowanie tak;5;5;Jak samego w zaciszu domowym roz³adowaæ emocje mniej po¿adane (frustracja, gniew);Spotkanie pomog³o mi zrozumieæ, ¿e ka¿da emocja jest tak samo wa¿na.;Wszystkie zagadnienia by³y potrzebne;Nie.;8;Nie, wszystko by³o bardzo merytoryczne i zwiêz³e
5.7.2025 20:56:42;Akceptujê;psychologiem;1-5 lat;Prywatna Szko³a Podstawowa i Liceum im. Królowej Jadwigi w Lublinie;Nie wiem;Nie wiem;Nie wiem;Nie wiem;Nie wiem;Tak;nie dotyczy;Zdecydowanie tak;Zdecydowanie tak;Tak;Zdecydowanie tak;5;5;nie dotyczy;nie dotyczy;nie dotyczy;nie dotyczy;10;nie dotyczy
5.8.2025 18:21:29;Akceptujê;nauczycielem;21 lat i wiêcej;Szko³a Podstawowa im b³. ks. W³adys³awa Bukowiñskiego w Lubiczu Dolnym;Obie odpowiedzi s¹ poprawne.;mo¿na podzieliæ na dobre (pozytywne) i z³e (negatywne).;Przyjêcie odpowiedniej postawy cia³a lub wykonanie prostych ruchów.;Wdech odbywa siê przez nos, a wydech – przez usta.;Codzienna troska o fizycznoœæ, opieraj¹ca siê na trzech g³ównych filarach: w³aœciwej diecie, odpowiedniej iloœci snu i ruchu.;Tak;;Zdecydowanie tak;Raczej tak;Tak;Raczej tak;5;5;Pomog¹ mi opanowaæ moje emocje;nie;nie;nie;9;nie
5.8.2025 18:22:37;Akceptujê;dyrektorem/wicedyrektorem;21 lat i wiêcej;Szko³a Podstawowa im b³. ks. W³adys³awa Bukowiñskiego w Lubiczu Dolnym;Obie odpowiedzi s¹ poprawne.;mo¿na podzieliæ na dobre (pozytywne) i z³e (negatywne).;Przyjêcie odpowiedniej postawy cia³a lub wykonanie prostych ruchów.;Wdech odbywa siê przez nos, a wydech – przez usta.;Codzienna troska o fizycznoœæ, opieraj¹ca siê na trzech g³ównych filarach: w³aœciwej diecie, odpowiedniej iloœci snu i ruchu.;Tak;nic;Zdecydowanie tak;Zdecydowanie tak;Tak;Zdecydowanie tak;5;5;Æwiczenia;-;-;-;10;-
5.8.2025 18:24:24;Akceptujê;nauczycielem;mniej ni¿ rok;Szko³a Podstawowa im b³. ks. W³adys³awa Bukowiñskiego w Lubiczu Dolnym;To reakcje, które pojawiaj¹ siê w odpowiedzi na subiektywnie wa¿n¹ dla danej osoby sytuacjê.;s¹ normalne i potrzebne, poniewa¿ realizuj¹ szereg wa¿nych funkcji.;Przyjêcie odpowiedniej postawy cia³a lub wykonanie prostych ruchów.;Wdech i wydech odbywaj¹ siê przez nos.;Optymistyczne nastawienie do codziennoœci i koncentrowanie siê na pozytywnych aspektach w³asnego ¿ycia.;Tak;;Zdecydowanie tak;Zdecydowanie tak;Tak;Zdecydowanie tak;5;5;wszystkie;myœlê, ¿e nie ale utwierdzi³o mnie w pewnym sposobie myœlenia i radzenia sobie z emocjami;nie by³o;nie;10;nie
5.8.2025 18:25:34;Akceptujê;psychologiem;mniej ni¿ rok;Szko³a Podstawowa im b³. ks. W³adys³awa Bukowiñskiego w Lubiczu Dolnym;Obie odpowiedzi s¹ poprawne.;s¹ normalne i potrzebne, poniewa¿ realizuj¹ szereg wa¿nych funkcji.;Przyjêcie odpowiedniej postawy cia³a lub wykonanie prostych ruchów.;Wdech odbywa siê przez nos, a wydech – przez usta.;Codzienna troska o fizycznoœæ, opieraj¹ca siê na trzech g³ównych filarach: w³aœciwej diecie, odpowiedniej iloœci snu i ruchu.;Tak;;Zdecydowanie tak;Zdecydowanie tak;Tak;Zdecydowanie tak;5;5;3 pozycje mocy :) mogê je zastosowaæ stoj¹c lub siedz¹c i nie zwracaj¹c na siebie uwagi;Bardzo utkwi³o mi w pamiêci porównanie emocji do wody - bêdê chci¹³a jeszcze zg³êbiæ ten temat samodzielnie.;Raczej nie;Osobiœcie zabrak³o mi informacji na temat oddechu przepon¹ i instrukcji jak go poprawnie wykonywaæ.;10;Nie
5.8.2025 18:25:50;Akceptujê;pedagogiem;6-10 lat;Szko³a Podstawowa im b³. ks. W³adys³awa Bukowiñskiego w Lubiczu Dolnym;Obie odpowiedzi s¹ poprawne.;s¹ normalne i potrzebne, poniewa¿ realizuj¹ szereg wa¿nych funkcji.;Przyjêcie odpowiedniej postawy cia³a lub wykonanie prostych ruchów.;Wdech odbywa siê przez nos, a wydech – przez usta.;Codzienna troska o fizycznoœæ, opieraj¹ca siê na trzech g³ównych filarach: w³aœciwej diecie, odpowiedniej iloœci snu i ruchu.;Tak;;Zdecydowanie tak;Zdecydowanie tak;Tak;Zdecydowanie tak;5;5;techniki relaksacyjne;tak;nie;nie;10;nie
5.8.2025 18:26:05;Akceptujê;nauczycielem;11-15 lat;Szko³a Podstawowa im b³. ks. W³adys³awa Bukowiñskiego w Lubiczu Dolnym;Uruchamiaj¹ ca³y zespó³ zmian w ciele, w sposobie myœlenia i zachowaniu cz³owieka.;s¹ normalne i potrzebne, poniewa¿ realizuj¹ szereg wa¿nych funkcji.;Przyjêcie odpowiedniej postawy cia³a lub wykonanie prostych ruchów.;Wdech odbywa siê przez nos, a wydech – przez usta.;Codzienna troska o fizycznoœæ, opieraj¹ca siê na trzech g³ównych filarach: w³aœciwej diecie, odpowiedniej iloœci snu i ruchu.;Tak;;Zdecydowanie tak;Zdecydowanie tak;Tak;Zdecydowanie tak;5;5;Cwiczenia;tak;nie;nie;10;nie
5.8.2025 18:27:13;Akceptujê;nauczycielem;11-15 lat;Szko³a Podstawowa im b³. ks. W³adys³awa Bukowiñskiego w Lubiczu Dolnym;Obie odpowiedzi s¹ poprawne.;s¹ normalne i potrzebne, poniewa¿ realizuj¹ szereg wa¿nych funkcji.;Przyjêcie odpowiedniej postawy cia³a lub wykonanie prostych ruchów.;Wdech odbywa siê przez nos, a wydech – przez usta.;Codzienna troska o fizycznoœæ, opieraj¹ca siê na trzech g³ównych filarach: w³aœciwej diecie, odpowiedniej iloœci snu i ruchu.;Tak;;Zdecydowanie tak;Zdecydowanie tak;Tak;Zdecydowanie tak;5;5;Sposoby radzenia sobie w sytuacjach wzburzenia emocjonalnego ;Znaczenie negatywnych emocji w ¿yciu cz³owieka ;Nie ;Nie ;10;Nie
5.8.2025 18:29:10;Akceptujê;nauczycielem;6-10 lat;Szko³a Podstawowa im b³. ks. W³adys³awa Bukowiñskiego w Lubiczu Dolnym;Obie odpowiedzi s¹ poprawne.;s¹ normalne i potrzebne, poniewa¿ realizuj¹ szereg wa¿nych funkcji.;Przyjêcie odpowiedniej postawy cia³a lub wykonanie prostych ruchów.;Wdech odbywa siê przez nos, a wydech – przez usta.;Codzienna troska o fizycznoœæ, opieraj¹ca siê na trzech g³ównych filarach: w³aœciwej diecie, odpowiedniej iloœci snu i ruchu.;Tak;Nic;Zdecydowanie tak;Zdecydowanie tak;Tak;Zdecydowanie tak;5;5;Energetycznoœæ stanów emocjonalnych i umiejêtnoœæ radzenia sobie w emocjach;Tak;Nie;Nie;10;Nie
5.8.2025 18:34:18;Akceptujê;nauczycielem;6-10 lat;Szko³a Podstawowa im b³. ks. W³adys³awa Bukowiñskiego w Lubiczu Dolnym;Obie odpowiedzi s¹ poprawne.;s¹ normalne i potrzebne, poniewa¿ realizuj¹ szereg wa¿nych funkcji.;Przyjêcie odpowiedniej postawy cia³a lub wykonanie prostych ruchów.;Wdech odbywa siê przez nos, a wydech – przez usta.;Codzienna troska o fizycznoœæ, opieraj¹ca siê na trzech g³ównych filarach: w³aœciwej diecie, odpowiedniej iloœci snu i ruchu.;Tak;;Zdecydowanie tak;Zdecydowanie tak;Tak;Zdecydowanie tak;4;4;Techniki wyciszania.;"Bêdê bardziej dbaæ o prawid³owe odczuwanie moich emocji. 
Bêdê czêœciej chodziæ po schodach na przerwach:)";-;-;9;-
5.12.2025 17:56:55;Akceptujê;logoped¹;16-20 lat;Szko³a Podstawowa im pp³k. Stanis³awa Sienkiewicza w Milejowie;Obie odpowiedzi s¹ poprawne.;s¹ normalne i potrzebne, poniewa¿ realizuj¹ szereg wa¿nych funkcji.;Przyjêcie odpowiedniej postawy cia³a lub wykonanie prostych ruchów.;Wdech odbywa siê przez nos, a wydech – przez usta.;Optymistyczne nastawienie do codziennoœci i koncentrowanie siê na pozytywnych aspektach w³asnego ¿ycia.;Tak;;Zdecydowanie tak;Zdecydowanie tak;Tak;Zdecydowanie tak;5;5;Wspó³praca z rodzicami;Emocji;nie;nie;10;Nie
5.12.2025 17:59:03;Akceptujê;nauczycielem;6-10 lat;Szko³a Podstawowa im pp³k. Stanis³awa Sienkiewicza w Milejowie;Obie odpowiedzi s¹ poprawne.;s¹ normalne i potrzebne, poniewa¿ realizuj¹ szereg wa¿nych funkcji.;Przyjêcie odpowiedniej postawy cia³a lub wykonanie prostych ruchów.;Wdech odbywa siê przez nos, a wydech – przez usta.;Codzienna troska o fizycznoœæ, opieraj¹ca siê na trzech g³ównych filarach: w³aœciwej diecie, odpowiedniej iloœci snu i ruchu.;Tak;;Zdecydowanie tak;Zdecydowanie tak;Tak;Zdecydowanie tak;5;5;Sposoby radzenia sobie z w³asnymi, trudnymi emocjami.;Chyba uwierzy³am, ¿e te¿ jestem tylko czlowiekiem i muszê dbaæ o swój dobrostan.;brak takich treœci;Wszystko w porz¹dku;10;brak uwag
5.12.2025 17:59:26;Akceptujê;dyrektorem/wicedyrektorem;21 lat i wiêcej;Szko³a Podstawowa im pp³k. Stanis³awa Sienkiewicza w Milejowie;Obie odpowiedzi s¹ poprawne.;mo¿na podzieliæ na dobre (pozytywne) i z³e (negatywne).;Przyjêcie odpowiedniej postawy cia³a lub wykonanie prostych ruchów.;Wdech odbywa siê przez nos, a wydech – przez usta.;Codzienna troska o fizycznoœæ, opieraj¹ca siê na trzech g³ównych filarach: w³aœciwej diecie, odpowiedniej iloœci snu i ruchu.;Tak;;Zdecydowanie tak;Zdecydowanie tak;Tak;Zdecydowanie tak;5;5;Æwiczenia;Radzenia sobie ze stresem;Nie;Nie;10;Nie
5.12.2025 17:59:40;Akceptujê;nauczycielem;21 lat i wiêcej;Szko³a Podstawowa im pp³k. Stanis³awa Sienkiewicza w Milejowie;Obie odpowiedzi s¹ poprawne.;s¹ normalne i potrzebne, poniewa¿ realizuj¹ szereg wa¿nych funkcji.;Przyjêcie odpowiedniej postawy cia³a lub wykonanie prostych ruchów.;Wdech odbywa siê przez nos, a wydech – przez usta.;Codzienna troska o fizycznoœæ, opieraj¹ca siê na trzech g³ównych filarach: w³aœciwej diecie, odpowiedniej iloœci snu i ruchu.;Tak;;Zdecydowanie tak;Zdecydowanie tak;Tak;Zdecydowanie tak;4;4;Pomog¹ mi ¿yæ;Uporz¹dkowa³o je;Nie by³o takich;Dzikujê, treœci by³y wystarczaj¹ce;9;nie mam
5.12.2025 17:59:56;Akceptujê;nauczycielem;6-10 lat;Szko³a Podstawowa im pp³k. Stanis³awa Sienkiewicza w Milejowie;Obie odpowiedzi s¹ poprawne.;mo¿na podzieliæ na dobre (pozytywne) i z³e (negatywne).;Przyjêcie odpowiedniej postawy cia³a lub wykonanie prostych ruchów.;Wdech odbywa siê przez nos, a wydech – przez usta.;Codzienna troska o fizycznoœæ, opieraj¹ca siê na trzech g³ównych filarach: w³aœciwej diecie, odpowiedniej iloœci snu i ruchu.;Tak;;Zdecydowanie tak;Zdecydowanie tak;Tak;Raczej tak;4;4;reakcja na stres;raczej nie;nie;nie;10;nie
5.12.2025 17:59:57;Akceptujê;nauczycielem;21 lat i wiêcej;Szko³a Podstawowa im pp³k. Stanis³awa Sienkiewicza w Milejowie;Obie odpowiedzi s¹ poprawne.;s¹ normalne i potrzebne, poniewa¿ realizuj¹ szereg wa¿nych funkcji.;Przyjêcie odpowiedniej postawy cia³a lub wykonanie prostych ruchów.;Wdech odbywa siê przez nos, a wydech – przez usta.;Codzienna troska o fizycznoœæ, opieraj¹ca siê na trzech g³ównych filarach: w³aœciwej diecie, odpowiedniej iloœci snu i ruchu.;Tak;;Zdecydowanie tak;Zdecydowanie tak;Tak;Zdecydowanie tak;5;5;";)";";)";";)";";)";10;"Jak zwykle - mi³o i rzeczowo ;)"
5.12.2025 18:00:02;Akceptujê;psychologiem;6-10 lat;Szko³a Podstawowa im pp³k. Stanis³awa Sienkiewicza w Milejowie;Obie odpowiedzi s¹ poprawne.;s¹ normalne i potrzebne, poniewa¿ realizuj¹ szereg wa¿nych funkcji.;Przyjêcie odpowiedniej postawy cia³a lub wykonanie prostych ruchów.;Wdech odbywa siê przez nos, a wydech – przez usta.;Codzienna troska o fizycznoœæ, opieraj¹ca siê na trzech g³ównych filarach: w³aœciwej diecie, odpowiedniej iloœci snu i ruchu.;Tak;;Zdecydowanie tak;Zdecydowanie tak;Tak;Zdecydowanie tak;5;5;propozycje æwiczeñ relaksacyjnych;raczej uporz¹dkowa³o wiedzê ;nie;nie;9;nie
5.12.2025 18:03:06;Akceptujê;nauczycielem;21 lat i wiêcej;Szko³a Podstawowa im pp³k. Stanis³awa Sienkiewicza w Milejowie;To reakcje, które pojawiaj¹ siê w odpowiedzi na subiektywnie wa¿n¹ dla danej osoby sytuacjê.;mo¿na podzieliæ na dobre (pozytywne) i z³e (negatywne).;Przyjêcie odpowiedniej postawy cia³a lub wykonanie prostych ruchów.;Wdech odbywa siê przez nos, a wydech – przez usta.;Codzienna troska o fizycznoœæ, opieraj¹ca siê na trzech g³ównych filarach: w³aœciwej diecie, odpowiedniej iloœci snu i ruchu.;Tak;;Zdecydowanie tak;Zdecydowanie tak;Tak;Zdecydowanie tak;5;5;"4 ""Z"", czyli jak sobie radziæ z emocjami";Anga¿owanie 5 zmys³ów i efekty tych¿e dzia³añ.;Nie;Nie;10;Nie
5.12.2025 18:04:26;Akceptujê;nauczycielem;16-20 lat;Szko³a Podstawowa im pp³k. Stanis³awa Sienkiewicza w Milejowie;Obie odpowiedzi s¹ poprawne.;mo¿na podzieliæ na dobre (pozytywne) i z³e (negatywne).;Przyjêcie odpowiedniej postawy cia³a lub wykonanie prostych ruchów.;Wdech odbywa siê przez nos, a wydech – przez usta.;Codzienna troska o fizycznoœæ, opieraj¹ca siê na trzech g³ównych filarach: w³aœciwej diecie, odpowiedniej iloœci snu i ruchu.;Tak;;Zdecydowanie tak;Raczej tak;Tak;Raczej tak;4;5;Jak roz³adowaæ emocje ;Nie;raczej nie by³o takich;nie brakowa³o niczego;9;nie mam
5.12.2025 18:04:51;Akceptujê;nauczycielem;21 lat i wiêcej;Szko³a Podstawowa im pp³k. Stanis³awa Sienkiewicza w Milejowie;Obie odpowiedzi s¹ poprawne.;mo¿na podzieliæ na dobre (pozytywne) i z³e (negatywne).;Przyjêcie odpowiedniej postawy cia³a lub wykonanie prostych ruchów.;Wdech odbywa siê przez nos, a wydech – przez usta.;Codzienna troska o fizycznoœæ, opieraj¹ca siê na trzech g³ównych filarach: w³aœciwej diecie, odpowiedniej iloœci snu i ruchu.;Tak;;Zdecydowanie tak;Zdecydowanie tak;Tak;Zdecydowanie tak;5;5;Pozwoli³y mi uporz¹dkowaæ i pog³êbiæ wiedzê;Zwi¹zanych z w³asnymi odczuciami i stanem psychicznym;nie;nie;10;nie mam uwag
5.12.2025 18:05:05;Akceptujê;nauczycielem;21 lat i wiêcej;Szko³a Podstawowa im pp³k. Stanis³awa Sienkiewicza w Milejowie;Obie odpowiedzi s¹ poprawne.;s¹ normalne i potrzebne, poniewa¿ realizuj¹ szereg wa¿nych funkcji.;Przyjêcie odpowiedniej postawy cia³a lub wykonanie prostych ruchów.;Wdech odbywa siê przez nos, a wydech – przez usta.;Codzienna troska o fizycznoœæ, opieraj¹ca siê na trzech g³ównych filarach: w³aœciwej diecie, odpowiedniej iloœci snu i ruchu.;Tak;;Zdecydowanie tak;Zdecydowanie tak;Tak;Zdecydowanie tak;5;5;Proste sposoby radzenia sobie z emocjami ; Na pewno uporz¹dkowa³o  wiedzê na temat sposobów radzenia sobie z negatywnymi emocjami  ;Uwa¿am, ¿e wszystkie omawiane zagadnienia by³y bardzo trafnie dobrane ;-----;10;----
5.12.2025 18:06:51;Akceptujê;nauczycielem;21 lat i wiêcej;Szko³a Podstawowa im pp³k. Stanis³awa Sienkiewicza w Milejowie;Obie odpowiedzi s¹ poprawne.;s¹ normalne i potrzebne, poniewa¿ realizuj¹ szereg wa¿nych funkcji.;Przyjêcie odpowiedniej postawy cia³a lub wykonanie prostych ruchów.;Wdech odbywa siê przez nos, a wydech – przez usta.;Optymistyczne nastawienie do codziennoœci i koncentrowanie siê na pozytywnych aspektach w³asnego ¿ycia.;Tak;;Zdecydowanie tak;Zdecydowanie tak;Tak;Zdecydowanie tak;5;5;sposoby na nieprzyjemne emocje;proste æwiczenia oddechowe mog¹ zmniejszyæ napiêcie emocjonalne;nie;nie;10;nie
5.12.2025 18:45:30;Akceptujê;nauczycielem;21 lat i wiêcej;Szko³a Podstawowa im pp³k. Stanis³awa Sienkiewicza w Milejowie;Obie odpowiedzi s¹ poprawne.;mo¿na podzieliæ na dobre (pozytywne) i z³e (negatywne).;Przyjêcie odpowiedniej postawy cia³a lub wykonanie prostych ruchów.;Wdech odbywa siê przez nos, a wydech – przez usta.;Codzienna troska o fizycznoœæ, opieraj¹ca siê na trzech g³ównych filarach: w³aœciwej diecie, odpowiedniej iloœci snu i ruchu.;Tak;Nic;Raczej tak;Zdecydowanie tak;Tak;Raczej tak;5;5;Æwiczenia ;Analiza;¯adne ;Nie;10;Nie
5.13.2025 18:16:16;Akceptujê;nauczycielem;21 lat i wiêcej;Publiczna Szko³a Podstawowa nr 11 im. Orl¹t Lwowskich w Opolu;Uruchamiaj¹ ca³y zespó³ zmian w ciele, w sposobie myœlenia i zachowaniu cz³owieka.;s¹ normalne i potrzebne, poniewa¿ realizuj¹ szereg wa¿nych funkcji.;Przyjêcie odpowiedniej postawy cia³a lub wykonanie prostych ruchów.;Wdech odbywa siê przez nos, a wydech – przez usta.;Codzienna troska o fizycznoœæ, opieraj¹ca siê na trzech g³ównych filarach: w³aœciwej diecie, odpowiedniej iloœci snu i ruchu.;Tak;;Raczej tak;Raczej nie;Tak;Raczej nie;1;1;Nie bêd¹ ;Nie;Sporo;Chêci¹ mojej strony ;3;Nie
5.13.2025 18:16:29;Akceptujê;nauczycielem;1-5 lat;Publiczna Szko³a Podstawowa nr 11 im. Orl¹t Lwowskich w Opolu;To reakcje, które pojawiaj¹ siê w odpowiedzi na subiektywnie wa¿n¹ dla danej osoby sytuacjê.;s¹ normalne i potrzebne, poniewa¿ realizuj¹ szereg wa¿nych funkcji.;Przyjêcie odpowiedniej postawy cia³a lub wykonanie prostych ruchów.;Wdech odbywa siê przez nos, a wydech – przez usta.;Optymistyczne nastawienie do codziennoœci i koncentrowanie siê na pozytywnych aspektach w³asnego ¿ycia.;Tak;;Zdecydowanie tak;Zdecydowanie tak;Tak;Zdecydowanie tak;5;5;Metody radzenia sobie z emocjami;Nie;Nie;Nie;10;Nie
5.13.2025 18:17:02;Akceptujê;nauczycielem;1-5 lat;Publiczna Szko³a Podstawowa nr 11 im. Orl¹t Lwowskich w Opolu;Obie odpowiedzi s¹ poprawne.;s¹ normalne i potrzebne, poniewa¿ realizuj¹ szereg wa¿nych funkcji.;Przyjêcie odpowiedniej postawy cia³a lub wykonanie prostych ruchów.;Wdech odbywa siê przez nos, a wydech – przez usta.;Codzienna troska o fizycznoœæ, opieraj¹ca siê na trzech g³ównych filarach: w³aœciwej diecie, odpowiedniej iloœci snu i ruchu.;Nie;Monotonnoœæ szkolenia;Raczej tak;Raczej tak;Tak;Raczej nie;3;3;-;-;-;-;4;-
5.13.2025 18:17:12;Akceptujê;nauczycielem;11-15 lat;Publiczna Szko³a Podstawowa nr 11 im. Orl¹t Lwowskich w Opolu;Obie odpowiedzi s¹ poprawne.;s¹ normalne i potrzebne, poniewa¿ realizuj¹ szereg wa¿nych funkcji.;Przyjêcie odpowiedniej postawy cia³a lub wykonanie prostych ruchów.;Wdech odbywa siê przez nos, a wydech – przez usta.;Optymistyczne nastawienie do codziennoœci i koncentrowanie siê na pozytywnych aspektach w³asnego ¿ycia.;Tak;;Zdecydowanie tak;Zdecydowanie tak;Tak;Zdecydowanie tak;5;5;æwiczenia oddechowe;nie wiem;brak; nie;10;brak uwag, pozdrowienia dla Pani prowadz¹cej
5.13.2025 18:17:28;Akceptujê;nauczycielem;16-20 lat;Publiczna Szko³a Podstawowa nr 11 im. Orl¹t Lwowskich w Opolu;Obie odpowiedzi s¹ poprawne.;s¹ normalne i potrzebne, poniewa¿ realizuj¹ szereg wa¿nych funkcji.;Przyjêcie odpowiedniej postawy cia³a lub wykonanie prostych ruchów.;Wdech odbywa siê przez nos, a wydech – przez usta.;Codzienna troska o fizycznoœæ, opieraj¹ca siê na trzech g³ównych filarach: w³aœciwej diecie, odpowiedniej iloœci snu i ruchu.;Tak;;Raczej tak;Raczej tak;Tak;Raczej tak;3;3;Jak mogê pracowaæ nad sob¹;Nie;Nie;Nie;6;Szkolenie trwa zbyt d³ugo, trudno utrzymaæ koncentracjê po ca³ym dniu pracy.
5.13.2025 18:17:30;Akceptujê;nauczycielem;1-5 lat;Publiczna Szko³a Podstawowa nr 11 im. Orl¹t Lwowskich w Opolu;Obie odpowiedzi s¹ poprawne.;s¹ normalne i potrzebne, poniewa¿ realizuj¹ szereg wa¿nych funkcji.;Przyjêcie odpowiedniej postawy cia³a lub wykonanie prostych ruchów.;Wdech odbywa siê przez nos, a wydech – przez usta.;Codzienna troska o fizycznoœæ, opieraj¹ca siê na trzech g³ównych filarach: w³aœciwej diecie, odpowiedniej iloœci snu i ruchu.;Tak;;Zdecydowanie tak;Zdecydowanie tak;Tak;Zdecydowanie tak;5;5;Sposoby na radzenie sobie ze stresem ;Raczej pog³êbi³o to, co ju¿ wiedzia³am ;Nie jestem w stanie ;Nie;9;Nie
5.13.2025 18:17:48;Akceptujê;nauczycielem;1-5 lat;Publiczna Szko³a Podstawowa nr 11 im. Orl¹t Lwowskich w Opolu;Obie odpowiedzi s¹ poprawne.;s¹ normalne i potrzebne, poniewa¿ realizuj¹ szereg wa¿nych funkcji.;Przyjêcie odpowiedniej postawy cia³a lub wykonanie prostych ruchów.;Wdech odbywa siê przez usta, a wydech – przez nos.;Codzienna troska o fizycznoœæ, opieraj¹ca siê na trzech g³ównych filarach: w³aœciwej diecie, odpowiedniej iloœci snu i ruchu.;Tak;;Zdecydowanie tak;Raczej tak;Tak;Raczej tak;5;4;Æwiczenia;   ;Wszystkie by³y potrzebne;Nie zabrak³o ;9;Nie 
5.13.2025 18:17:58;Akceptujê;psychologiem;16-20 lat;Publiczna Szko³a Podstawowa nr 11 im. Orl¹t Lwowskich w Opolu;Obie odpowiedzi s¹ poprawne.;s¹ normalne i potrzebne, poniewa¿ realizuj¹ szereg wa¿nych funkcji.;Przyjêcie odpowiedniej postawy cia³a lub wykonanie prostych ruchów.;Wdech odbywa siê przez nos, a wydech – przez usta.;Codzienna troska o fizycznoœæ, opieraj¹ca siê na trzech g³ównych filarach: w³aœciwej diecie, odpowiedniej iloœci snu i ruchu.;Tak;;Zdecydowanie tak;Zdecydowanie tak;Tak;Raczej tak;4;4;proponowane æwiczenia;Nie,  mialam wiedzê na ten temat;nie ma takich;nie;10;nie
5.13.2025 18:18:23;Akceptujê;nauczycielem;16-20 lat;Publiczna Szko³a Podstawowa nr 11 im. Orl¹t Lwowskich w Opolu;Uruchamiaj¹ ca³y zespó³ zmian w ciele, w sposobie myœlenia i zachowaniu cz³owieka.;s¹ normalne i potrzebne, poniewa¿ realizuj¹ szereg wa¿nych funkcji.;Przyjêcie odpowiedniej postawy cia³a lub wykonanie prostych ruchów.;Wdech odbywa siê przez nos, a wydech – przez usta.;Codzienna troska o fizycznoœæ, opieraj¹ca siê na trzech g³ównych filarach: w³aœciwej diecie, odpowiedniej iloœci snu i ruchu.;Tak;;Zdecydowanie tak;Zdecydowanie tak;Tak;Zdecydowanie tak;4;4;Praca nad emocjami - wskazówki/ æwiczenia;Tak;Nie dotyczy;Nie ;8;Nie
5.13.2025 18:18:31;Akceptujê;nauczycielem;21 lat i wiêcej;Publiczna Szko³a Podstawowa nr 11 im. Orl¹t Lwowskich w Opolu;Uruchamiaj¹ ca³y zespó³ zmian w ciele, w sposobie myœlenia i zachowaniu cz³owieka.;s¹ normalne i potrzebne, poniewa¿ realizuj¹ szereg wa¿nych funkcji.;Przyjêcie odpowiedniej postawy cia³a lub wykonanie prostych ruchów.;Wdech odbywa siê przez nos, a wydech – przez usta.;Codzienna troska o fizycznoœæ, opieraj¹ca siê na trzech g³ównych filarach: w³aœciwej diecie, odpowiedniej iloœci snu i ruchu.;Tak;;Zdecydowanie tak;Zdecydowanie tak;Tak;Zdecydowanie tak;5;5;Jak szybko poradziæ sobie ze stresem i negatywnymi emocjami;Stres jako nieod³¹czny element zycia ka¿dego cz³owieka, nie tylko mojego;Nie;Nie;10;Bardzo mi³y, czytelny, zrozumia³y przekaz.
5.13.2025 18:18:59;Akceptujê;nauczycielem;11-15 lat;Publiczna Szko³a Podstawowa nr 11 im. Orl¹t Lwowskich w Opolu;Obie odpowiedzi s¹ poprawne.;s¹ normalne i potrzebne, poniewa¿ realizuj¹ szereg wa¿nych funkcji.;Przyjêcie odpowiedniej postawy cia³a lub wykonanie prostych ruchów.;Wdech odbywa siê przez nos, a wydech – przez usta.;Codzienna troska o fizycznoœæ, opieraj¹ca siê na trzech g³ównych filarach: w³aœciwej diecie, odpowiedniej iloœci snu i ruchu.;Tak;Nic;Raczej tak;Raczej tak;Tak;Raczej tak;5;5;Æwiczenia radzenia sobie w sytuacjach stresowych;Tak techniki radzenia sobie ze stresuj¹cymi sytuacjami;Jednoznacznie nie;Nie;9;Nie
5.13.2025 18:19:20;Akceptujê;nauczycielem;1-5 lat;Publiczna Szko³a Podstawowa nr 11 im. Orl¹t Lwowskich w Opolu;Obie odpowiedzi s¹ poprawne.;s¹ normalne i potrzebne, poniewa¿ realizuj¹ szereg wa¿nych funkcji.;Przyjêcie odpowiedniej postawy cia³a lub wykonanie prostych ruchów.;Wdech odbywa siê przez nos, a wydech – przez usta.;Codzienna troska o fizycznoœæ, opieraj¹ca siê na trzech g³ównych filarach: w³aœciwej diecie, odpowiedniej iloœci snu i ruchu.;Tak;;Raczej tak;Raczej tak;Tak;Raczej tak;4;4;Wszystkie;Nie;Nie ma takich;Nie;8;Nie
5.13.2025 18:20:04;Akceptujê;nauczycielem;11-15 lat;Publiczna Szko³a Podstawowa nr 11 im. Orl¹t Lwowskich w Opolu;Obie odpowiedzi s¹ poprawne.;s¹ normalne i potrzebne, poniewa¿ realizuj¹ szereg wa¿nych funkcji.;Przyjêcie odpowiedniej postawy cia³a lub wykonanie prostych ruchów.;Wdech odbywa siê przez nos, a wydech – przez usta.;Codzienna troska o fizycznoœæ, opieraj¹ca siê na trzech g³ównych filarach: w³aœciwej diecie, odpowiedniej iloœci snu i ruchu.;Tak;;Zdecydowanie tak;Zdecydowanie tak;Tak;Zdecydowanie tak;5;5;Æwiczenia oddechowe;Zaakcentowanie potrzeby dba³oœci o siebie ;Brak;Brak;10;Brak
5.13.2025 18:22:25;Akceptujê;nauczycielem;21 lat i wiêcej;Publiczna Szko³a Podstawowa nr 11 im. Orl¹t Lwowskich w Opolu;Obie odpowiedzi s¹ poprawne.;s¹ normalne i potrzebne, poniewa¿ realizuj¹ szereg wa¿nych funkcji.;Przyjêcie odpowiedniej postawy cia³a lub wykonanie prostych ruchów.;Wdech odbywa siê przez nos, a wydech – przez usta.;Codzienna troska o fizycznoœæ, opieraj¹ca siê na trzech g³ównych filarach: w³aœciwej diecie, odpowiedniej iloœci snu i ruchu.;Tak;Nic;Zdecydowanie tak;Zdecydowanie tak;Tak;Zdecydowanie tak;5;5;Æwiczenia oddechowe i przyjmowanie prawid³owej postawy.;Tak, zaprezentowane techniki pozwol¹ mi siê lepiej odstresowaæ;Nie;Nie;9;Nie
5.13.2025 18:22:27;Akceptujê;nauczycielem;21 lat i wiêcej;Publiczna Szko³a Podstawowa nr 11 im. Orl¹t Lwowskich w Opolu;Obie odpowiedzi s¹ poprawne.;s¹ normalne i potrzebne, poniewa¿ realizuj¹ szereg wa¿nych funkcji.;Przyjêcie odpowiedniej postawy cia³a lub wykonanie prostych ruchów.;Wdech odbywa siê przez nos, a wydech – przez usta.;Codzienna troska o fizycznoœæ, opieraj¹ca siê na trzech g³ównych filarach: w³aœciwej diecie, odpowiedniej iloœci snu i ruchu.;Tak;nie;Zdecydowanie tak;Zdecydowanie tak;Tak;Zdecydowanie tak;5;4;æwiczenia oddechowe tak,;tak, wykorzystanie w codziennych trudnych sytuacjach;nie ;nie;9;nie
5.13.2025 18:25:37;Akceptujê;nauczycielem;21 lat i wiêcej;Publiczna Szko³a Podstawowa nr 11 im. Orl¹t Lwowskich w Opolu;Obie odpowiedzi s¹ poprawne.;s¹ normalne i potrzebne, poniewa¿ realizuj¹ szereg wa¿nych funkcji.;Przyjêcie odpowiedniej postawy cia³a lub wykonanie prostych ruchów.;Wdech odbywa siê przez nos, a wydech – przez usta.;Codzienna troska o fizycznoœæ, opieraj¹ca siê na trzech g³ównych filarach: w³aœciwej diecie, odpowiedniej iloœci snu i ruchu.;Tak;By³o ok;Zdecydowanie tak;Zdecydowanie tak;Tak;Zdecydowanie tak;5;5;Praktyczne æwiczenia, na przyk³ad oddechowe;Tak - uwierzy³am w wiêkszy wp³yw moich dzia³añ na moje w³asne emocje;Ostatni punkt o falach alfa / beta itp... To ju¿ wy¿sza szko³a psychologii, nie dla mnie;Nie;10;Nie
5.13.2025 18:26:16;Akceptujê;nauczycielem;6-10 lat;Publiczna Szko³a Podstawowa nr 11 im. Orl¹t Lwowskich w Opolu;Obie odpowiedzi s¹ poprawne.;s¹ normalne i potrzebne, poniewa¿ realizuj¹ szereg wa¿nych funkcji.;Przyjêcie odpowiedniej postawy cia³a lub wykonanie prostych ruchów.;Wdech odbywa siê przez nos, a wydech – przez usta.;Codzienna troska o fizycznoœæ, opieraj¹ca siê na trzech g³ównych filarach: w³aœciwej diecie, odpowiedniej iloœci snu i ruchu.;Tak;;Zdecydowanie tak;Zdecydowanie tak;Tak;Raczej tak;4;4;Praktyczne æwiczenia, bêd¹ dla mnie najbardziej przydatne w codziennym ¿yciu;Ciê¿ko powiedzieæ;Wstêp o emocjach, móg³by byæ krótszy;Nie;9;Nie
5.13.2025 18:26:25;Akceptujê;nauczycielem;21 lat i wiêcej;Publiczna Szko³a Podstawowa nr 11 im. Orl¹t Lwowskich w Opolu;Obie odpowiedzi s¹ poprawne.;s¹ normalne i potrzebne, poniewa¿ realizuj¹ szereg wa¿nych funkcji.;Przyjêcie odpowiedniej postawy cia³a lub wykonanie prostych ruchów.;Wdech odbywa siê przez nos, a wydech – przez usta.;Codzienna troska o fizycznoœæ, opieraj¹ca siê na trzech g³ównych filarach: w³aœciwej diecie, odpowiedniej iloœci snu i ruchu.;Tak;;Zdecydowanie tak;Zdecydowanie tak;Tak;Zdecydowanie tak;5;5;wyciszanie emocji;nie;nie;nie;10;nie
5.13.2025 18:27:02;Akceptujê;nauczycielem;16-20 lat;Publiczna Szko³a Podstawowa nr 11 im. Orl¹t Lwowskich w Opolu;Obie odpowiedzi s¹ poprawne.;s¹ normalne i potrzebne, poniewa¿ realizuj¹ szereg wa¿nych funkcji.;Przyjêcie odpowiedniej postawy cia³a lub wykonanie prostych ruchów.;Wdech odbywa siê przez nos, a wydech – przez usta.;Codzienna troska o fizycznoœæ, opieraj¹ca siê na trzech g³ównych filarach: w³aœciwej diecie, odpowiedniej iloœci snu i ruchu.;Tak;;Zdecydowanie tak;Zdecydowanie tak;Tak;Zdecydowanie tak;5;5;Wszystkie treœci by³y przydatne i pomog¹ mi w codziennym funkcjonowaniu.;Spotkanie otworzy³o mi oczy na moje potrzeby. ;Nie by³o takich treœci.;Nie.;10;DZIÊKUJÊ bardzo za ciekawe szkolenie.
5.13.2025 18:28:21;Akceptujê;nauczycielem;21 lat i wiêcej;Publiczna Szko³a Podstawowa nr 11 im. Orl¹t Lwowskich w Opolu;Obie odpowiedzi s¹ poprawne.;s¹ normalne i potrzebne, poniewa¿ realizuj¹ szereg wa¿nych funkcji.;Przyjêcie odpowiedniej postawy cia³a lub wykonanie prostych ruchów.;Wdech odbywa siê przez nos, a wydech – przez usta.;Codzienna troska o fizycznoœæ, opieraj¹ca siê na trzech g³ównych filarach: w³aœciwej diecie, odpowiedniej iloœci snu i ruchu.;Tak;skróciæ czas spotkañ;Zdecydowanie tak;Zdecydowanie tak;Tak;Raczej tak;4;3;Æwiczenia rozluŸniaj¹ce;"
Dowiedzia³¹m siê o sposobach radzenia sobie z emocjami";nie;nie;9;Zbyt d³ugi czas trwania, zw³aszcza, ze ca³y cykl zawiera 4 spotkania
5.13.2025 18:29:21;Akceptujê;pedagogiem specjalnym ;mniej ni¿ rok;Publiczna Szko³a Podstawowa nr 11 im. Orl¹t Lwowskich w Opolu;Obie odpowiedzi s¹ poprawne.;s¹ normalne i potrzebne, poniewa¿ realizuj¹ szereg wa¿nych funkcji.;Przyjêcie odpowiedniej postawy cia³a lub wykonanie prostych ruchów.;Wdech odbywa siê przez nos, a wydech – przez usta.;Codzienna troska o fizycznoœæ, opieraj¹ca siê na trzech g³ównych filarach: w³aœciwej diecie, odpowiedniej iloœci snu i ruchu.;Tak;Nic;Zdecydowanie tak;Zdecydowanie tak;Tak;Zdecydowanie tak;2;2;æwiczenia mo¿liwe do wype³nienia w szkole;Nie;Nie;Nie. Ewentualnie podkreœlenie tego, ¿e je¿eli metody te nie wspieraj¹ nas wystarczaj¹co to nale¿y poszukaæ specjalistycznej pomocy ;10;Nie
5.13.2025 18:29:49;Akceptujê;nauczycielem;1-5 lat;Publiczna Szko³a Podstawowa nr 11 im. Orl¹t Lwowskich w Opolu;Obie odpowiedzi s¹ poprawne.;s¹ normalne i potrzebne, poniewa¿ realizuj¹ szereg wa¿nych funkcji.;Przyjêcie odpowiedniej postawy cia³a lub wykonanie prostych ruchów.;Wdech odbywa siê przez nos, a wydech – przez usta.;Codzienna troska o fizycznoœæ, opieraj¹ca siê na trzech g³ównych filarach: w³aœciwej diecie, odpowiedniej iloœci snu i ruchu.;Tak;;Zdecydowanie tak;Zdecydowanie tak;Tak;Zdecydowanie tak;5;5;Æwiczenia praktyczne. ;Zachêci³o do lepszego dbania o swój dobrostan. Zosta³am wyposa¿ona w narzêdzia, które pomog¹ mi w dbaniu o siebie. ;Przerwa.;Nie. ;10;Brak uwag.
5.13.2025 18:29:55;Akceptujê;nauczycielem;21 lat i wiêcej;Publiczna Szko³a Podstawowa nr 11 im. Orl¹t Lwowskich w Opolu;Obie odpowiedzi s¹ poprawne.;s¹ normalne i potrzebne, poniewa¿ realizuj¹ szereg wa¿nych funkcji.;Zjedzenie czegoœ s³odkiego.;Wdech odbywa siê przez nos, a wydech – przez usta.;Codzienna troska o fizycznoœæ, opieraj¹ca siê na trzech g³ównych filarach: w³aœciwej diecie, odpowiedniej iloœci snu i ruchu.;Tak;;Raczej tak;Raczej tak;Tak;Raczej tak;4;4;Opaniwanue negatywnych emocji w pracy ;Nie;Nie;Nie;9;Nie 
5.13.2025 18:31:26;Akceptujê;nauczycielem;11-15 lat;Publiczna Szko³a Podstawowa nr 11 im. Orl¹t Lwowskich w Opolu;Obie odpowiedzi s¹ poprawne.;s¹ normalne i potrzebne, poniewa¿ realizuj¹ szereg wa¿nych funkcji.;Przyjêcie odpowiedniej postawy cia³a lub wykonanie prostych ruchów.;Wdech odbywa siê przez nos, a wydech – przez usta.;Codzienna troska o fizycznoœæ, opieraj¹ca siê na trzech g³ównych filarach: w³aœciwej diecie, odpowiedniej iloœci snu i ruchu.;Tak;;Raczej tak;Raczej tak;Tak;Raczej tak;3;3;O radzeniu sobie z trudnymi emocjami, poniewa¿ jest to element mojej pracy. ;Nie;Nie;Nie;8;Nie
5.13.2025 18:34:50;Akceptujê;Nauczycielem wspó³organizuj¹cym proces kszta³cenia ;mniej ni¿ rok;Publiczna Szko³a Podstawowa nr 11 im. Orl¹t Lwowskich w Opolu;Obie odpowiedzi s¹ poprawne.;s¹ normalne i potrzebne, poniewa¿ realizuj¹ szereg wa¿nych funkcji.;Przyjêcie odpowiedniej postawy cia³a lub wykonanie prostych ruchów.;Wdech odbywa siê przez nos, a wydech – przez usta.;Codzienna troska o fizycznoœæ, opieraj¹ca siê na trzech g³ównych filarach: w³aœciwej diecie, odpowiedniej iloœci snu i ruchu.;Tak;;Zdecydowanie tak;Zdecydowanie tak;Tak;Zdecydowanie tak;4;5;Przedstawione praktyczne æwiczenia, które na pewno wykorzystam.;Nie zmieni³o, ale da³o du¿o wiedzy.;Nie.;Nie.;9;Szkolenie by³o prowadzone w bardzo ciekawy sposób, zawiera³o przydatne æwiczenia.
5.13.2025 18:43:49;Akceptujê;nauczycielem;6-10 lat;Publiczna Szko³a Podstawowa nr 11 im. Orl¹t Lwowskich w Opolu;Obie odpowiedzi s¹ poprawne.;s¹ normalne i potrzebne, poniewa¿ realizuj¹ szereg wa¿nych funkcji.;Przyjêcie odpowiedniej postawy cia³a lub wykonanie prostych ruchów.;Wdech odbywa siê przez usta, a wydech – przez nos.;Codzienna troska o fizycznoœæ, opieraj¹ca siê na trzech g³ównych filarach: w³aœciwej diecie, odpowiedniej iloœci snu i ruchu.;Tak;;Raczej tak;Raczej nie;Nie, nie by³o przestrzeni do dyskusji;Raczej nie;2;2;brak;Nie;nie mam zdania;nie mam zdania;3;brak
5.13.2025 18:51:25;Akceptujê;nauczycielem;mniej ni¿ rok;Publiczna Szko³a Podstawowa nr 11 im. Orl¹t Lwowskich w Opolu;Obie odpowiedzi s¹ poprawne.;s¹ normalne i potrzebne, poniewa¿ realizuj¹ szereg wa¿nych funkcji.;Przyjêcie odpowiedniej postawy cia³a lub wykonanie prostych ruchów.;Wdech odbywa siê przez nos, a wydech – przez usta.;Codzienna troska o fizycznoœæ, opieraj¹ca siê na trzech g³ównych filarach: w³aœciwej diecie, odpowiedniej iloœci snu i ruchu.;Tak;;Zdecydowanie tak;Zdecydowanie tak;Tak;Zdecydowanie tak;5;5;Najbardziej przydatne wed³ug mnie bêd¹ æwiczenia zawarte w wyk³adzie. ;Zmieni³o postrzeganie mo¿liwoœci u¿ycia æwiczeñ w przerwie przy intensywnych emocjach. ;Nie by³o takich treœci. ;Temat zosta³ wed³ug mnie wyczerpany. ;10;Nie mam uwag. 
5.14.2025 6:53:30;Akceptujê;nauczycielem;11-15 lat;Publiczna Szko³a Podstawowa nr 11 im. Orl¹t Lwowskich w Opolu;Obie odpowiedzi s¹ poprawne.;s¹ normalne i potrzebne, poniewa¿ realizuj¹ szereg wa¿nych funkcji.;Przyjêcie odpowiedniej postawy cia³a lub wykonanie prostych ruchów.;Wdech i wydech odbywaj¹ siê przez nos.;Codzienna troska o fizycznoœæ, opieraj¹ca siê na trzech g³ównych filarach: w³aœciwej diecie, odpowiedniej iloœci snu i ruchu.;Tak;Brak;Zdecydowanie tak;Zdecydowanie tak;Tak;Zdecydowanie tak;5;5;Sposoby radzenia sobie z nieprzyjemnymi emocjami ;Uœwiadomi³o, ¿e mamy du¿y wp³yw na radzenie sobie z emocjami. ;Brak;Brak;10;Brak
5.15.2025 18:24:04;Akceptujê;nauczycielem;21 lat i wiêcej;Zespó³ Szkó³ nr 21 w Warszawie;To reakcje, które pojawiaj¹ siê w odpowiedzi na subiektywnie wa¿n¹ dla danej osoby sytuacjê.;s¹ normalne i potrzebne, poniewa¿ realizuj¹ szereg wa¿nych funkcji.;Zjedzenie czegoœ s³odkiego.;Wdech i wydech odbywaj¹ siê przez nos.;Codzienna troska o fizycznoœæ, opieraj¹ca siê na trzech g³ównych filarach: w³aœciwej diecie, odpowiedniej iloœci snu i ruchu.;Tak;;Zdecydowanie tak;Zdecydowanie tak;Tak;Zdecydowanie tak;5;4;Wiêkszoœæ ;Tak;Nie;Nie;9;Nie
5.15.2025 18:24:38;Akceptujê;nauczycielem;1-5 lat;Zespó³ Szkó³ nr 21 w Warszawie;Obie odpowiedzi s¹ poprawne.;s¹ normalne i potrzebne, poniewa¿ realizuj¹ szereg wa¿nych funkcji.;Przyjêcie odpowiedniej postawy cia³a lub wykonanie prostych ruchów.;Wdech odbywa siê przez nos, a wydech – przez usta.;Codzienna troska o fizycznoœæ, opieraj¹ca siê na trzech g³ównych filarach: w³aœciwej diecie, odpowiedniej iloœci snu i ruchu.;Tak;;Zdecydowanie tak;Zdecydowanie tak;Tak;Zdecydowanie tak;5;5;Praktyczne wskazowki;Raczej nie;Brak;Nie;10;Bardzo mi³o prowadzone szkolenie
5.15.2025 18:26:03;Akceptujê;nauczycielem;21 lat i wiêcej;Zespó³ Szkó³ nr 21 w Warszawie;Obie odpowiedzi s¹ poprawne.;mo¿na podzieliæ na dobre (pozytywne) i z³e (negatywne).;Przyjêcie odpowiedniej postawy cia³a lub wykonanie prostych ruchów.;Wdech odbywa siê przez nos, a wydech – przez usta.;Codzienna troska o fizycznoœæ, opieraj¹ca siê na trzech g³ównych filarach: w³aœciwej diecie, odpowiedniej iloœci snu i ruchu.;Tak;;Zdecydowanie tak;Zdecydowanie tak;Tak;Zdecydowanie tak;5;5;techniki panowania nad emocjami;nie;nie;nie;10;nie
5.15.2025 18:27:33;Akceptujê;nauczycielem;21 lat i wiêcej;Zespó³ Szkó³ nr 21 w Warszawie;Uruchamiaj¹ ca³y zespó³ zmian w ciele, w sposobie myœlenia i zachowaniu cz³owieka.;s¹ normalne i potrzebne, poniewa¿ realizuj¹ szereg wa¿nych funkcji.;Przyjêcie odpowiedniej postawy cia³a lub wykonanie prostych ruchów.;Wdech odbywa siê przez nos, a wydech – przez usta.;Codzienna troska o fizycznoœæ, opieraj¹ca siê na trzech g³ównych filarach: w³aœciwej diecie, odpowiedniej iloœci snu i ruchu.;Tak;;Zdecydowanie tak;Zdecydowanie tak;Tak;Raczej tak;4;4;æwiczenia, s¹ proste do wykonania w ka¿dej chwili;reakcja organizmu;nie ma ;nie zabrak³o;9;brak uwag
5.15.2025 18:27:50;Akceptujê;psychologiem;6-10 lat;Zespó³ Szkó³ nr 21 w Warszawie;Obie odpowiedzi s¹ poprawne.;s¹ normalne i potrzebne, poniewa¿ realizuj¹ szereg wa¿nych funkcji.;Przyjêcie odpowiedniej postawy cia³a lub wykonanie prostych ruchów.;Wdech i wydech odbywaj¹ siê przez nos.;Codzienna troska o fizycznoœæ, opieraj¹ca siê na trzech g³ównych filarach: w³aœciwej diecie, odpowiedniej iloœci snu i ruchu.;Tak;;Zdecydowanie tak;Zdecydowanie tak;Tak;Zdecydowanie tak;5;5;Wszystko. Æwiczenia praktyczne;Na pewno. Podoba³o mi siê porównanie do wody;Æwiczenia praktyczne ;Nie;10;Nie
5.15.2025 18:28:15;Akceptujê;nauczycielem;21 lat i wiêcej;Zespó³ Szkó³ nr 21 w Warszawie;Uruchamiaj¹ ca³y zespó³ zmian w ciele, w sposobie myœlenia i zachowaniu cz³owieka.;s¹ normalne i potrzebne, poniewa¿ realizuj¹ szereg wa¿nych funkcji.;Przyjêcie odpowiedniej postawy cia³a lub wykonanie prostych ruchów.;Wdech odbywa siê przez nos, a wydech – przez usta.;Codzienna troska o fizycznoœæ, opieraj¹ca siê na trzech g³ównych filarach: w³aœciwej diecie, odpowiedniej iloœci snu i ruchu.;Tak;;Zdecydowanie tak;Zdecydowanie tak;Tak;Zdecydowanie tak;5;5;zaproponowane æwiczenia;nie wiem;nie;nie;10;nie
5.15.2025 18:29:39;Akceptujê;dyrektorem/wicedyrektorem;11-15 lat;Zespó³ Szkó³ nr 21 w Warszawie;Obie odpowiedzi s¹ poprawne.;s¹ normalne i potrzebne, poniewa¿ realizuj¹ szereg wa¿nych funkcji.;Przyjêcie odpowiedniej postawy cia³a lub wykonanie prostych ruchów.;Wdech odbywa siê przez nos, a wydech – przez usta.;Optymistyczne nastawienie do codziennoœci i koncentrowanie siê na pozytywnych aspektach w³asnego ¿ycia.;Tak;;Zdecydowanie tak;Zdecydowanie tak;Tak;Zdecydowanie tak;5;5;æwiczenie oddechowe;tak;nie;nie;10;NIE
5.15.2025 18:29:42;Akceptujê;nauczycielem;mniej ni¿ rok;Zespó³ Szkó³ nr 21 w Warszawie;Obie odpowiedzi s¹ poprawne.;mo¿na podzieliæ na dobre (pozytywne) i z³e (negatywne).;Przyjêcie odpowiedniej postawy cia³a lub wykonanie prostych ruchów.;Wdech odbywa siê przez nos, a wydech – przez usta.;Codzienna troska o fizycznoœæ, opieraj¹ca siê na trzech g³ównych filarach: w³aœciwej diecie, odpowiedniej iloœci snu i ruchu.;Tak;wiêcej przerw;Raczej tak;Zdecydowanie tak;Tak;Raczej tak;4;4;treœci zwi¹zane z radzeniem sobie ze stresem , gdy¿  stres  mo¿e mnie niszczyæ;tak gdy¿ widzê ze trzeba wiêcej w³¹czaæ ruch w celu uspokojenia siê;nie jestem wstanie;raczej nie;9;nie
5.15.2025 18:29:59;Akceptujê;nauczycielem;21 lat i wiêcej;Zespó³ Szkó³ nr 21 w Warszawie;Obie odpowiedzi s¹ poprawne.;s¹ normalne i potrzebne, poniewa¿ realizuj¹ szereg wa¿nych funkcji.;Przyjêcie odpowiedniej postawy cia³a lub wykonanie prostych ruchów.;Wdech odbywa siê przez nos, a wydech – przez usta.;Codzienna troska o fizycznoœæ, opieraj¹ca siê na trzech g³ównych filarach: w³aœciwej diecie, odpowiedniej iloœci snu i ruchu.;Tak;;Zdecydowanie tak;Zdecydowanie tak;Tak;Zdecydowanie tak;5;5;Przyk³ady æwiczeñ do wykonania;Tak;nie;nie;10;nie
5.15.2025 18:30:50;Akceptujê;dyrektorem/wicedyrektorem;16-20 lat;Zespó³ Szkó³ nr 21 w Warszawie;Obie odpowiedzi s¹ poprawne.;s¹ normalne i potrzebne, poniewa¿ realizuj¹ szereg wa¿nych funkcji.;Przyjêcie odpowiedniej postawy cia³a lub wykonanie prostych ruchów.;Wdech odbywa siê przez nos, a wydech – przez usta.;Codzienna troska o fizycznoœæ, opieraj¹ca siê na trzech g³ównych filarach: w³aœciwej diecie, odpowiedniej iloœci snu i ruchu.;Tak;;Zdecydowanie tak;Zdecydowanie tak;Tak;Raczej tak;4;4;æwiczenia;Zaciekawi³o do dalszego zg³êbiania wiedzy w tym kierunku;nie;raczej nie;9;Nie
5.15.2025 18:31:07;Akceptujê;nauczycielem;21 lat i wiêcej;Zespó³ Szkó³ nr 21 w Warszawie;Obie odpowiedzi s¹ poprawne.;s¹ normalne i potrzebne, poniewa¿ realizuj¹ szereg wa¿nych funkcji.;Przyjêcie odpowiedniej postawy cia³a lub wykonanie prostych ruchów.;Wdech i wydech odbywaj¹ siê przez nos.;Codzienna troska o fizycznoœæ, opieraj¹ca siê na trzech g³ównych filarach: w³aœciwej diecie, odpowiedniej iloœci snu i ruchu.;Tak;;Zdecydowanie tak;Zdecydowanie tak;Tak;Zdecydowanie tak;5;5;Strona praktyczna;Nie zmieni³o;Nie zauwa¿y³am;Nie zauwa¿y³am;10;Nie mam uwag
5.15.2025 18:31:31;Akceptujê;nauczycielem;6-10 lat;Zespó³ Szkó³ nr 21 w Warszawie;Obie odpowiedzi s¹ poprawne.;s¹ normalne i potrzebne, poniewa¿ realizuj¹ szereg wa¿nych funkcji.;Przyjêcie odpowiedniej postawy cia³a lub wykonanie prostych ruchów.;Wdech odbywa siê przez nos, a wydech – przez usta.;Optymistyczne nastawienie do codziennoœci i koncentrowanie siê na pozytywnych aspektach w³asnego ¿ycia.;Tak;;Zdecydowanie tak;Zdecydowanie tak;Tak;Zdecydowanie tak;5;5;æwiczenie oddechowe;tak;nie;nie;10;NIE
5.15.2025 18:33:04;Akceptujê;nauczycielem;21 lat i wiêcej;Zespó³ Szkó³ nr 21 w Warszawie;Obie odpowiedzi s¹ poprawne.;s¹ normalne i potrzebne, poniewa¿ realizuj¹ szereg wa¿nych funkcji.;Przyjêcie odpowiedniej postawy cia³a lub wykonanie prostych ruchów.;Wdech odbywa siê przez nos, a wydech – przez usta.;Optymistyczne nastawienie do codziennoœci i koncentrowanie siê na pozytywnych aspektach w³asnego ¿ycia.;Tak;;Zdecydowanie tak;Zdecydowanie tak;Tak;Zdecydowanie tak;5;5;Æwiczenia relaksacyjne;Jak najszybciej uspokoiæ siê ZIOM;Nie ma takich;Wszystko by³o;10;Szybko, sprawnie i na temat
5.15.2025 18:36:42;Akceptujê;nauczycielem;21 lat i wiêcej;Zespó³ Szkó³ nr 21 w Warszawie;Obie odpowiedzi s¹ poprawne.;mo¿na podzieliæ na dobre (pozytywne) i z³e (negatywne).;Przyjêcie odpowiedniej postawy cia³a lub wykonanie prostych ruchów.;Wdech odbywa siê przez nos, a wydech – przez usta.;Codzienna troska o fizycznoœæ, opieraj¹ca siê na trzech g³ównych filarach: w³aœciwej diecie, odpowiedniej iloœci snu i ruchu.;Tak;;Zdecydowanie tak;Zdecydowanie tak;Tak;Zdecydowanie tak;5;5;Æwiczenia na wyciszenie emocji negatywnych;Mapa emocji w ludzkim ciele;Nie ;Wiêcej praktycznych æwiczeñ ;10;Nie
5.15.2025 18:36:52;Akceptujê;dyrektorem/wicedyrektorem;21 lat i wiêcej;Zespó³ Szkó³ nr 21 w Warszawie;Uruchamiaj¹ ca³y zespó³ zmian w ciele, w sposobie myœlenia i zachowaniu cz³owieka.;s¹ normalne i potrzebne, poniewa¿ realizuj¹ szereg wa¿nych funkcji.;Zjedzenie czegoœ s³odkiego.;Wdech odbywa siê przez nos, a wydech – przez usta.;Optymistyczne nastawienie do codziennoœci i koncentrowanie siê na pozytywnych aspektach w³asnego ¿ycia.;Tak;Wszystko dobrze;Zdecydowanie tak;Zdecydowanie tak;Tak;Zdecydowanie tak;5;5;Æwiczenia oddechowe;Tak, ¿e du¿o od nas zale¿y;Nie by³o zbêdnych treœci;Nie zabrak³o;10;By³o bardzo profesjonalne
5.15.2025 18:37:42;Akceptujê;nauczycielem;21 lat i wiêcej;Zespó³ Szkó³ nr 21 w Warszawie;Obie odpowiedzi s¹ poprawne.;s¹ normalne i potrzebne, poniewa¿ realizuj¹ szereg wa¿nych funkcji.;Przyjêcie odpowiedniej postawy cia³a lub wykonanie prostych ruchów.;Wdech odbywa siê przez nos, a wydech – przez usta.;Codzienna troska o fizycznoœæ, opieraj¹ca siê na trzech g³ównych filarach: w³aœciwej diecie, odpowiedniej iloœci snu i ruchu.;Tak;;Zdecydowanie tak;Zdecydowanie tak;Tak;Zdecydowanie tak;3;2;æwiczenia;trochê;nie;nie;7;Ankieta psuje efekt szkolenia
5.19.2025 17:48:26;Akceptujê;dyrektorem/wicedyrektorem;1-5 lat;IV Liceum Ogólnokszta³c¹ce im p³k. pil. Eugeniusza Hrobaczewskiego w Zielonej Górze;Uruchamiaj¹ ca³y zespó³ zmian w ciele, w sposobie myœlenia i zachowaniu cz³owieka.;s¹ normalne i potrzebne, poniewa¿ realizuj¹ szereg wa¿nych funkcji.;Przyjêcie odpowiedniej postawy cia³a lub wykonanie prostych ruchów.;Wdech odbywa siê przez usta, a wydech – przez nos.;Codzienna troska o fizycznoœæ, opieraj¹ca siê na trzech g³ównych filarach: w³aœciwej diecie, odpowiedniej iloœci snu i ruchu.;Tak;;Zdecydowanie tak;Zdecydowanie tak;Tak;Zdecydowanie tak;4;4;Praktyczne cwiczenia;Nie zmieni³o ;Nie;Bylo ok ;9;Nie
5.19.2025 17:48:55;Akceptujê;nauczycielem;16-20 lat;IV Liceum Ogólnokszta³c¹ce im p³k. pil. Eugeniusza Hrobaczewskiego w Zielonej Górze;Obie odpowiedzi s¹ poprawne.;s¹ normalne i potrzebne, poniewa¿ realizuj¹ szereg wa¿nych funkcji.;Przyjêcie odpowiedniej postawy cia³a lub wykonanie prostych ruchów.;Wdech odbywa siê przez nos, a wydech – przez usta.;Codzienna troska o fizycznoœæ, opieraj¹ca siê na trzech g³ównych filarach: w³aœciwej diecie, odpowiedniej iloœci snu i ruchu.;Tak;;Zdecydowanie tak;Zdecydowanie tak;Tak;Zdecydowanie tak;5;5;o oddechu;postrzeganie w³asnych potrzeb, zatrzymaie siê;brak;nie zabrak³o;10;brak
5.19.2025 17:50:01;Akceptujê;nauczycielem;21 lat i wiêcej;IV Liceum Ogólnokszta³c¹ce im p³k. pil. Eugeniusza Hrobaczewskiego w Zielonej Górze;Obie odpowiedzi s¹ poprawne.;s¹ normalne i potrzebne, poniewa¿ realizuj¹ szereg wa¿nych funkcji.;Przyjêcie odpowiedniej postawy cia³a lub wykonanie prostych ruchów.;Wdech i wydech odbywaj¹ siê przez nos.;Codzienna troska o fizycznoœæ, opieraj¹ca siê na trzech g³ównych filarach: w³aœciwej diecie, odpowiedniej iloœci snu i ruchu.;Tak;;Zdecydowanie tak;Zdecydowanie tak;Tak;Zdecydowanie tak;5;5;Emocje;Tak;Nie ma takich;Nie;10;Nie mam
5.19.2025 17:50:15;Akceptujê;nauczycielem;21 lat i wiêcej;IV Liceum Ogólnokszta³c¹ce im p³k. pil. Eugeniusza Hrobaczewskiego w Zielonej Górze;Obie odpowiedzi s¹ poprawne.;s¹ normalne i potrzebne, poniewa¿ realizuj¹ szereg wa¿nych funkcji.;Przyjêcie odpowiedniej postawy cia³a lub wykonanie prostych ruchów.;Wdech odbywa siê przez nos, a wydech – przez usta.;Codzienna troska o fizycznoœæ, opieraj¹ca siê na trzech g³ównych filarach: w³aœciwej diecie, odpowiedniej iloœci snu i ruchu.;Tak;;Zdecydowanie tak;Raczej tak;Tak;Raczej tak;4;5;konkretne æwiczenia;waga oddechu;nic;nie;9;nie
5.19.2025 17:51:37;Akceptujê;pedagogiem;21 lat i wiêcej;IV Liceum Ogólnokszta³c¹ce im p³k. pil. Eugeniusza Hrobaczewskiego w Zielonej Górze;Obie odpowiedzi s¹ poprawne.;s¹ normalne i potrzebne, poniewa¿ realizuj¹ szereg wa¿nych funkcji.;Przyjêcie odpowiedniej postawy cia³a lub wykonanie prostych ruchów.;Wdech odbywa siê przez nos, a wydech – przez usta.;Codzienna troska o fizycznoœæ, opieraj¹ca siê na trzech g³ównych filarach: w³aœciwej diecie, odpowiedniej iloœci snu i ruchu.;Tak;;Zdecydowanie tak;Zdecydowanie tak;Tak;Zdecydowanie tak;5;5;praktyczne przeprowadzenie przez æwiczenia oddechowe;rozszerzy³ horyzont:);wszystko by³o potrzebne;wszystko by³o ok;10;Nie
5.19.2025 18:00:37;Akceptujê;nauczycielem;21 lat i wiêcej;IV Liceum Ogólnokszta³c¹ce im p³k. pil. Eugeniusza Hrobaczewskiego w Zielonej Górze;Obie odpowiedzi s¹ poprawne.;mo¿na podzieliæ na dobre (pozytywne) i z³e (negatywne).;Przyjêcie odpowiedniej postawy cia³a lub wykonanie prostych ruchów.;Wdech odbywa siê przez nos, a wydech – przez usta.;Codzienna troska o fizycznoœæ, opieraj¹ca siê na trzech g³ównych filarach: w³aœciwej diecie, odpowiedniej iloœci snu i ruchu.;Tak;;Zdecydowanie tak;Zdecydowanie tak;Tak;Zdecydowanie tak;5;5;Trening oddychania;Postrzeganie moich reakcji ;Nie ma takich treœci;Nie uwa¿am ¿eby zabrak³o;10;brak uwag
5.21.2025 17:50:30;Akceptujê;nauczycielem;11-15 lat;Szko³a Podstawowa im. Joachima Lelewela w Jakubowicach Koniñskich;Obie odpowiedzi s¹ poprawne.;s¹ normalne i potrzebne, poniewa¿ realizuj¹ szereg wa¿nych funkcji.;Przyjêcie odpowiedniej postawy cia³a lub wykonanie prostych ruchów.;Wdech odbywa siê przez nos, a wydech – przez usta.;Optymistyczne nastawienie do codziennoœci i koncentrowanie siê na pozytywnych aspektach w³asnego ¿ycia.;Tak;Nic;Zdecydowanie tak;Zdecydowanie tak;Tak;Zdecydowanie tak;5;5;Æwiczenia ;Tak;Æwiczenia ;Nie;8;Nie
5.21.2025 17:50:56;Akceptujê;dyrektorem/wicedyrektorem;11-15 lat;Szko³a Podstawowa im. Joachima Lelewela w Jakubowicach Koniñskich;Obie odpowiedzi s¹ poprawne.;s¹ normalne i potrzebne, poniewa¿ realizuj¹ szereg wa¿nych funkcji.;Przyjêcie odpowiedniej postawy cia³a lub wykonanie prostych ruchów.;Wdech odbywa siê przez nos, a wydech – przez usta.;Codzienna troska o fizycznoœæ, opieraj¹ca siê na trzech g³ównych filarach: w³aœciwej diecie, odpowiedniej iloœci snu i ruchu.;Tak;;Raczej tak;Raczej tak;Tak;Raczej tak;4;4;Praktyka;Uspokojenie;Nie;¯adnych ;9;Nie
5.21.2025 17:51:17;Akceptujê;nauczycielem;21 lat i wiêcej;Szko³a Podstawowa im. Joachima Lelewela w Jakubowicach Koniñskich;Obie odpowiedzi s¹ poprawne.;mo¿na podzieliæ na dobre (pozytywne) i z³e (negatywne).;Przyjêcie odpowiedniej postawy cia³a lub wykonanie prostych ruchów.;Wdech odbywa siê przez nos, a wydech – przez usta.;Codzienna troska o fizycznoœæ, opieraj¹ca siê na trzech g³ównych filarach: w³aœciwej diecie, odpowiedniej iloœci snu i ruchu.;Tak;;Zdecydowanie tak;Zdecydowanie tak;Tak;Zdecydowanie tak;5;5;Æwiczenia oddechowe;nie;brak;nie;10;nie
5.21.2025 17:52:59;Akceptujê;pedagogiem;11-15 lat;Szko³a Podstawowa im. Joachima Lelewela w Jakubowicach Koniñskich;Obie odpowiedzi s¹ poprawne.;s¹ normalne i potrzebne, poniewa¿ realizuj¹ szereg wa¿nych funkcji.;Przyjêcie odpowiedniej postawy cia³a lub wykonanie prostych ruchów.;Wdech odbywa siê przez nos, a wydech – przez usta.;Codzienna troska o fizycznoœæ, opieraj¹ca siê na trzech g³ównych filarach: w³aœciwej diecie, odpowiedniej iloœci snu i ruchu.;Nie;¿ywsze tempo mówienia;Raczej tak;Raczej tak;Tak;Raczej tak;4;4;wiêkszoœæ;usystematyzowa³o;raczej nie;raczej nie;7;brak uwag
5.21.2025 17:53:26;Akceptujê;nauczyciel wspó³organizuj¹cy;1-5 lat;Szko³a Podstawowa im. Joachima Lelewela w Jakubowicach Koniñskich;Obie odpowiedzi s¹ poprawne.;s¹ normalne i potrzebne, poniewa¿ realizuj¹ szereg wa¿nych funkcji.;Przyjêcie odpowiedniej postawy cia³a lub wykonanie prostych ruchów.;Wdech odbywa siê przez usta, a wydech – przez nos.;Codzienna troska o fizycznoœæ, opieraj¹ca siê na trzech g³ównych filarach: w³aœciwej diecie, odpowiedniej iloœci snu i ruchu.;Tak;;Zdecydowanie tak;Zdecydowanie tak;Tak;Raczej tak;5;5;wszystkie;bardzo;nie ma;nie;10;nie
5.21.2025 17:55:05;Akceptujê;nauczycielem;21 lat i wiêcej;Szko³a Podstawowa im. Joachima Lelewela w Jakubowicach Koniñskich;Obie odpowiedzi s¹ poprawne.;s¹ normalne i potrzebne, poniewa¿ realizuj¹ szereg wa¿nych funkcji.;Przyjêcie odpowiedniej postawy cia³a lub wykonanie prostych ruchów.;Wdech odbywa siê przez nos, a wydech – przez usta.;Codzienna troska o fizycznoœæ, opieraj¹ca siê na trzech g³ównych filarach: w³aœciwej diecie, odpowiedniej iloœci snu i ruchu.;Tak;;Zdecydowanie tak;Zdecydowanie tak;Tak;Zdecydowanie tak;5;5;wszystkie;zdecydowanie tak;nie ma zbêdnych treœci;nie;10;Dziêkujê bardzo, spotkanie by³ bardzo interesuj¹ce, prowadzone przez kompetentn¹ osobê.
5.21.2025 17:55:48;Akceptujê;nauczycielem;21 lat i wiêcej;Szko³a Podstawowa im. Joachima Lelewela w Jakubowicach Koniñskich;Obie odpowiedzi s¹ poprawne.;mo¿na podzieliæ na dobre (pozytywne) i z³e (negatywne).;Przyjêcie odpowiedniej postawy cia³a lub wykonanie prostych ruchów.;Wdech odbywa siê przez nos, a wydech – przez usta.;Codzienna troska o fizycznoœæ, opieraj¹ca siê na trzech g³ównych filarach: w³aœciwej diecie, odpowiedniej iloœci snu i ruchu.;Tak;;Zdecydowanie tak;Zdecydowanie tak;Tak;Raczej tak;4;4;Relaksacja;raczej nie;nie;nie;9;Nie
5.21.2025 17:57:30;Akceptujê;nauczycielem;1-5 lat;Szko³a Podstawowa im. Joachima Lelewela w Jakubowicach Koniñskich;Obie odpowiedzi s¹ poprawne.;s¹ normalne i potrzebne, poniewa¿ realizuj¹ szereg wa¿nych funkcji.;Przyjêcie odpowiedniej postawy cia³a lub wykonanie prostych ruchów.;Wdech odbywa siê przez nos, a wydech – przez usta.;Codzienna troska o fizycznoœæ, opieraj¹ca siê na trzech g³ównych filarach: w³aœciwej diecie, odpowiedniej iloœci snu i ruchu.;Tak;;Zdecydowanie tak;Zdecydowanie tak;Tak;Zdecydowanie tak;5;5;Wszystkie;Tak, co mam robiæ, aby wejœæ w tryb regeneracji i wyciszenia;Nie by³o takich, bardzo ciekawe oraz pomocne szkolenie;Nie zabrak³o ;10;Œwietnie przeprowadzone szkolenie, bardzo dziêkujê 
5.21.2025 17:58:14;Akceptujê;nauczycielem;6-10 lat;Szko³a Podstawowa im. Joachima Lelewela w Jakubowicach Koniñskich;Obie odpowiedzi s¹ poprawne.;s¹ normalne i potrzebne, poniewa¿ realizuj¹ szereg wa¿nych funkcji.;Przyjêcie odpowiedniej postawy cia³a lub wykonanie prostych ruchów.;Wdech odbywa siê przez nos, a wydech – przez usta.;Codzienna troska o fizycznoœæ, opieraj¹ca siê na trzech g³ównych filarach: w³aœciwej diecie, odpowiedniej iloœci snu i ruchu.;Tak;;Zdecydowanie tak;Zdecydowanie tak;Tak;Raczej tak;4;4;. ;.;.;.;10;.
5.21.2025 18:01:25;Akceptujê;nauczycielem;21 lat i wiêcej;IV Liceum Ogólnokszta³c¹ce im. Krzysztofa Kamila Baczyñskiego w Olkuszu;Obie odpowiedzi s¹ poprawne.;s¹ normalne i potrzebne, poniewa¿ realizuj¹ szereg wa¿nych funkcji.;Przyjêcie odpowiedniej postawy cia³a lub wykonanie prostych ruchów.;Wdech odbywa siê przez nos, a wydech – przez usta.;Codzienna troska o fizycznoœæ, opieraj¹ca siê na trzech g³ównych filarach: w³aœciwej diecie, odpowiedniej iloœci snu i ruchu.;Tak;;Zdecydowanie tak;Zdecydowanie tak;Tak;Raczej tak;4;4;sposoby oddychania;tak;wszystko by³o wa¿ne;nie;10;nie
5.21.2025 18:04:38;Akceptujê;nauczycielem;21 lat i wiêcej;Szko³a Podstawowa im. Joachima Lelewela w Jakubowicach Koniñskich;Obie odpowiedzi s¹ poprawne.;s¹ normalne i potrzebne, poniewa¿ realizuj¹ szereg wa¿nych funkcji.;Przyjêcie odpowiedniej postawy cia³a lub wykonanie prostych ruchów.;Wdech i wydech odbywaj¹ siê przez nos.;Codzienna troska o fizycznoœæ, opieraj¹ca siê na trzech g³ównych filarach: w³aœciwej diecie, odpowiedniej iloœci snu i ruchu.;Tak;;Zdecydowanie tak;Zdecydowanie tak;Tak;Zdecydowanie tak;4;4;Wszystkie;Roz³adowywania emocji;nie;nie;8;nie
5.21.2025 18:04:49;Akceptujê;nauczycielem;1-5 lat;Szko³a Podstawowa im. Joachima Lelewela w Jakubowicach Koniñskich;Obie odpowiedzi s¹ poprawne.;s¹ normalne i potrzebne, poniewa¿ realizuj¹ szereg wa¿nych funkcji.;Przyjêcie odpowiedniej postawy cia³a lub wykonanie prostych ruchów.;Wdech odbywa siê przez nos, a wydech – przez usta.;Codzienna troska o fizycznoœæ, opieraj¹ca siê na trzech g³ównych filarach: w³aœciwej diecie, odpowiedniej iloœci snu i ruchu.;Tak;;Zdecydowanie tak;Zdecydowanie tak;Tak;Zdecydowanie tak;5;5;metody oddechowe;zwrócenie wiêkszej uwagi na swoje potrzeby;nie;Nie;9;nie
5.21.2025 18:05:31;Akceptujê;psychologiem;mniej ni¿ rok;Szko³a Podstawowa im. Joachima Lelewela w Jakubowicach Koniñskich;Obie odpowiedzi s¹ poprawne.;s¹ normalne i potrzebne, poniewa¿ realizuj¹ szereg wa¿nych funkcji.;Przyjêcie odpowiedniej postawy cia³a lub wykonanie prostych ruchów.;Wdech odbywa siê przez nos, a wydech – przez usta.;Codzienna troska o fizycznoœæ, opieraj¹ca siê na trzech g³ównych filarach: w³aœciwej diecie, odpowiedniej iloœci snu i ruchu.;Tak;;Zdecydowanie tak;Zdecydowanie tak;Tak;Raczej tak;4;4;æwiczenia ;nie;nie by³o takich;nie;8;nie
5.21.2025 18:05:57;Akceptujê;nauczycielem;1-5 lat;Szko³a Podstawowa im. Joachima Lelewela w Jakubowicach Koniñskich;Obie odpowiedzi s¹ poprawne.;s¹ normalne i potrzebne, poniewa¿ realizuj¹ szereg wa¿nych funkcji.;Przyjêcie odpowiedniej postawy cia³a lub wykonanie prostych ruchów.;Wdech odbywa siê przez nos, a wydech – przez usta.;Codzienna troska o fizycznoœæ, opieraj¹ca siê na trzech g³ównych filarach: w³aœciwej diecie, odpowiedniej iloœci snu i ruchu.;Tak;;Zdecydowanie tak;Zdecydowanie tak;Tak;Zdecydowanie tak;5;5;Sposoby radzenia sobie ze stresem ;Myœlê ¿e tak ;Nie ;Nie ;10;Nie 
5.21.2025 18:06:19;Akceptujê;nauczycielem;6-10 lat;Szko³a Podstawowa im. Joachima Lelewela w Jakubowicach Koniñskich;Obie odpowiedzi s¹ poprawne.;s¹ normalne i potrzebne, poniewa¿ realizuj¹ szereg wa¿nych funkcji.;Przyjêcie odpowiedniej postawy cia³a lub wykonanie prostych ruchów.;Wdech odbywa siê przez nos, a wydech – przez usta.;Codzienna troska o fizycznoœæ, opieraj¹ca siê na trzech g³ównych filarach: w³aœciwej diecie, odpowiedniej iloœci snu i ruchu.;Tak;;Zdecydowanie tak;Zdecydowanie tak;Tak;Zdecydowanie tak;5;5;Techniki oddechowe.;Tak zmieni³o, przede wszystkim  w kontekœcie zrozumienia, tego kto jest odpowiedzialny za moje emocje.;NIe jestem;Nie zabrak³o.;10;Nie mam
5.21.2025 18:12:56;Akceptujê;pedagogiem;1-5 lat;Szko³a Podstawowa im. Joachima Lelewela w Jakubowicach Koniñskich;Obie odpowiedzi s¹ poprawne.;mo¿na podzieliæ na dobre (pozytywne) i z³e (negatywne).;Przyjêcie odpowiedniej postawy cia³a lub wykonanie prostych ruchów.;Wdech odbywa siê przez nos, a wydech – przez usta.;Codzienna troska o fizycznoœæ, opieraj¹ca siê na trzech g³ównych filarach: w³aœciwej diecie, odpowiedniej iloœci snu i ruchu.;Tak;;Zdecydowanie tak;Zdecydowanie tak;Tak;Zdecydowanie tak;5;5;Jak wykonywaæ w praktyce postawê dominacji, metoda Body2brain;Jak ws³uchaæ siê w siebie podczas odczuwania silnych emocji. ;Wszystko by³o przydatne.;Moim zdaniem poruszony temat szkolenia by³ wyjaœniony w sposób wyczerpuj¹cy zarówno w teorii jak i w praktyce. ;10;Nie mam uwag. 
5.21.2025 18:18:52;Akceptujê;nauczycielem;6-10 lat;Szko³a Podstawowa im. Joachima Lelewela w Jakubowicach Koniñskich;Obie odpowiedzi s¹ poprawne.;s¹ normalne i potrzebne, poniewa¿ realizuj¹ szereg wa¿nych funkcji.;Przyjêcie odpowiedniej postawy cia³a lub wykonanie prostych ruchów.;Wdech odbywa siê przez usta, a wydech – przez nos.;Codzienna troska o fizycznoœæ, opieraj¹ca siê na trzech g³ównych filarach: w³aœciwej diecie, odpowiedniej iloœci snu i ruchu.;Tak;;Raczej tak;Raczej tak;Tak;Raczej tak;4;4;pierwsze cwiczenie 5-1;nie. mia³am wiedzê wczeœniej ;nie;nie;9;nie
5.21.2025 18:25:09;Akceptujê;nauczycielem;1-5 lat;Szko³a Podstawowa im. Joachima Lelewela w Jakubowicach Koniñskich;Obie odpowiedzi s¹ poprawne.;s¹ normalne i potrzebne, poniewa¿ realizuj¹ szereg wa¿nych funkcji.;Przyjêcie odpowiedniej postawy cia³a lub wykonanie prostych ruchów.;Wdech odbywa siê przez nos, a wydech – przez usta.;Codzienna troska o fizycznoœæ, opieraj¹ca siê na trzech g³ównych filarach: w³aœciwej diecie, odpowiedniej iloœci snu i ruchu.;Tak;;Zdecydowanie tak;Raczej tak;Tak;Zdecydowanie tak;4;4;Æwiczenia, poniewa¿ pozwalaj¹ zredukowaæ stres.;Tak.;Nie ma takich treœci. ;Nie.;9;Brak.
5.26.2025 17:39:32;Akceptujê;nauczycielem;6-10 lat;I Liceum Ogólnokszta³c¹ce im. A. Mickiewicza w Stargardzie;To reakcje, które pojawiaj¹ siê w odpowiedzi na subiektywnie wa¿n¹ dla danej osoby sytuacjê.;s¹ normalne i potrzebne, poniewa¿ realizuj¹ szereg wa¿nych funkcji.;Przyjêcie odpowiedniej postawy cia³a lub wykonanie prostych ruchów.;Wdech odbywa siê przez nos, a wydech – przez usta.;Codzienna troska o fizycznoœæ, opieraj¹ca siê na trzech g³ównych filarach: w³aœciwej diecie, odpowiedniej iloœci snu i ruchu.;Tak;-;Zdecydowanie tak;Zdecydowanie tak;Tak;Raczej tak;4;5;Tak;Nie;-;-;8;-
5.26.2025 17:40:06;Akceptujê;nauczycielem;21 lat i wiêcej;I Liceum Ogólnokszta³c¹ce im. A. Mickiewicza w Stargardzie;To reakcje, które pojawiaj¹ siê w odpowiedzi na subiektywnie wa¿n¹ dla danej osoby sytuacjê.;mo¿na podzieliæ na dobre (pozytywne) i z³e (negatywne).;Zjedzenie czegoœ s³odkiego.;Wdech odbywa siê przez nos, a wydech – przez usta.;Optymistyczne nastawienie do codziennoœci i koncentrowanie siê na pozytywnych aspektach w³asnego ¿ycia.;Tak;nic;Raczej tak;Raczej tak;Tak;Raczej tak;4;4;wszystkie ktore byly;tak;nie ma takich;nie;8;nie
5.26.2025 17:40:30;Akceptujê;nauczycielem;21 lat i wiêcej;I Liceum Ogólnokszta³c¹ce im. A. Mickiewicza w Stargardzie;To reakcje, które pojawiaj¹ siê w odpowiedzi na subiektywnie wa¿n¹ dla danej osoby sytuacjê.;s¹ normalne i potrzebne, poniewa¿ realizuj¹ szereg wa¿nych funkcji.;Przyjêcie odpowiedniej postawy cia³a lub wykonanie prostych ruchów.;Wdech odbywa siê przez nos, a wydech – przez usta.;Optymistyczne nastawienie do codziennoœci i koncentrowanie siê na pozytywnych aspektach w³asnego ¿ycia.;Tak;Nic;Raczej tak;Zdecydowanie tak;Tak;Zdecydowanie tak;5;5; ; ; ; ;9; 
5.26.2025 17:40:36;Akceptujê;nauczycielem;21 lat i wiêcej;I Liceum Ogólnokszta³c¹ce im. A. Mickiewicza w Stargardzie;Obie odpowiedzi s¹ poprawne.;s¹ normalne i potrzebne, poniewa¿ realizuj¹ szereg wa¿nych funkcji.;Przyjêcie odpowiedniej postawy cia³a lub wykonanie prostych ruchów.;Wdech odbywa siê przez nos, a wydech – przez usta.;Codzienna troska o fizycznoœæ, opieraj¹ca siê na trzech g³ównych filarach: w³aœciwej diecie, odpowiedniej iloœci snu i ruchu.;Tak;;Raczej tak;Zdecydowanie tak;Tak;Raczej tak;4;4;Æwiczenia oddechowe, æwiczenia postawy;Nie;Nie;Nie wiem;9;Nie
5.26.2025 17:40:40;Akceptujê;nauczycielem;21 lat i wiêcej;I Liceum Ogólnokszta³c¹ce im. A. Mickiewicza w Stargardzie;Obie odpowiedzi s¹ poprawne.;mo¿na podzieliæ na dobre (pozytywne) i z³e (negatywne).;Przyjêcie odpowiedniej postawy cia³a lub wykonanie prostych ruchów.;Wdech odbywa siê przez nos, a wydech – przez usta.;Codzienna troska o fizycznoœæ, opieraj¹ca siê na trzech g³ównych filarach: w³aœciwej diecie, odpowiedniej iloœci snu i ruchu.;Tak;;Zdecydowanie tak;Zdecydowanie tak;Tak;Zdecydowanie tak;5;5;Stres;Reakcja na stres;Nie;Nie;10;Nie
5.26.2025 17:40:42;Akceptujê;nauczycielem;11-15 lat;I Liceum Ogólnokszta³c¹ce im. A. Mickiewicza w Stargardzie;Obie odpowiedzi s¹ poprawne.;s¹ normalne i potrzebne, poniewa¿ realizuj¹ szereg wa¿nych funkcji.;Przyjêcie odpowiedniej postawy cia³a lub wykonanie prostych ruchów.;Wdech odbywa siê przez nos, a wydech – przez usta.;Codzienna troska o fizycznoœæ, opieraj¹ca siê na trzech g³ównych filarach: w³aœciwej diecie, odpowiedniej iloœci snu i ruchu.;Tak;Nic ;Zdecydowanie tak;Zdecydowanie tak;Tak;Zdecydowanie tak;5;5;Wszystkie ;Nie ; ;Nie ;10;Nie 
5.26.2025 17:40:56;Akceptujê;nauczycielem;6-10 lat;I Liceum Ogólnokszta³c¹ce im. A. Mickiewicza w Stargardzie;Obie odpowiedzi s¹ poprawne.;s¹ normalne i potrzebne, poniewa¿ realizuj¹ szereg wa¿nych funkcji.;Przyjêcie odpowiedniej postawy cia³a lub wykonanie prostych ruchów.;Wdech odbywa siê przez nos, a wydech – przez usta.;Codzienna troska o fizycznoœæ, opieraj¹ca siê na trzech g³ównych filarach: w³aœciwej diecie, odpowiedniej iloœci snu i ruchu.;Tak;;Raczej tak;Raczej tak;Tak;Raczej tak;5;5;Sposoby wykonywania æwiczeñ.;Nie.;Nie.;Nie;9;Ciekawe i praktyczne.
5.26.2025 17:40:58;Akceptujê;nauczycielem;21 lat i wiêcej;I Liceum Ogólnokszta³c¹ce im. A. Mickiewicza w Stargardzie;Uruchamiaj¹ ca³y zespó³ zmian w ciele, w sposobie myœlenia i zachowaniu cz³owieka.;s¹ normalne i potrzebne, poniewa¿ realizuj¹ szereg wa¿nych funkcji.;Przyjêcie odpowiedniej postawy cia³a lub wykonanie prostych ruchów.;Wdech odbywa siê przez nos, a wydech – przez usta.;Codzienna troska o fizycznoœæ, opieraj¹ca siê na trzech g³ównych filarach: w³aœciwej diecie, odpowiedniej iloœci snu i ruchu.;Tak;nic;Zdecydowanie tak;Zdecydowanie tak;Tak;Zdecydowanie tak;5;5;wszystkie;raczej tak;nie;nie;9;nie
5.26.2025 17:41:05;Akceptujê;pedagogiem;1-5 lat;I Liceum Ogólnokszta³c¹ce im. A. Mickiewicza w Stargardzie;Obie odpowiedzi s¹ poprawne.;s¹ normalne i potrzebne, poniewa¿ realizuj¹ szereg wa¿nych funkcji.;Przyjêcie odpowiedniej postawy cia³a lub wykonanie prostych ruchów.;Wdech odbywa siê przez usta, a wydech – przez nos.;Codzienna troska o fizycznoœæ, opieraj¹ca siê na trzech g³ównych filarach: w³aœciwej diecie, odpowiedniej iloœci snu i ruchu.;Tak; ;Zdecydowanie tak;Zdecydowanie tak;Tak;Zdecydowanie tak;5;5; ;Tak; ; ;10;Nie
5.26.2025 17:41:16;Akceptujê;nauczycielem;21 lat i wiêcej;I Liceum Ogólnokszta³c¹ce im. A. Mickiewicza w Stargardzie;Obie odpowiedzi s¹ poprawne.;s¹ normalne i potrzebne, poniewa¿ realizuj¹ szereg wa¿nych funkcji.;Przyjêcie odpowiedniej postawy cia³a lub wykonanie prostych ruchów.;Wdech odbywa siê przez nos, a wydech – przez usta.;Codzienna troska o fizycznoœæ, opieraj¹ca siê na trzech g³ównych filarach: w³aœciwej diecie, odpowiedniej iloœci snu i ruchu.;Tak;;Zdecydowanie tak;Zdecydowanie tak;Tak;Zdecydowanie tak;5;5;techniki wyciszaj¹ce trudne emocje;tak ;nie;nie;10;nie
5.26.2025 17:41:33;Akceptujê;nauczycielem;21 lat i wiêcej;I Liceum Ogólnokszta³c¹ce im. A. Mickiewicza w Stargardzie;Uruchamiaj¹ ca³y zespó³ zmian w ciele, w sposobie myœlenia i zachowaniu cz³owieka.;s¹ normalne i potrzebne, poniewa¿ realizuj¹ szereg wa¿nych funkcji.;Przyjêcie odpowiedniej postawy cia³a lub wykonanie prostych ruchów.;Wdech odbywa siê przez nos, a wydech – przez usta.;Codzienna troska o fizycznoœæ, opieraj¹ca siê na trzech g³ównych filarach: w³aœciwej diecie, odpowiedniej iloœci snu i ruchu.;Tak;;Raczej tak;Raczej tak;Tak;Raczej tak;3;3;æwiczenia oddechowe - uspokajaj¹ emocje;Stwierdzenie, ¿e wszystkie emocje s¹ potrzebne, równie¿ te trudne.;nie;nie;8;nie mam uwag
5.26.2025 17:41:39;Akceptujê;nauczycielem;21 lat i wiêcej;I Liceum Ogólnokszta³c¹ce im. A. Mickiewicza w Stargardzie;Obie odpowiedzi s¹ poprawne.;s¹ normalne i potrzebne, poniewa¿ realizuj¹ szereg wa¿nych funkcji.;Przyjêcie odpowiedniej postawy cia³a lub wykonanie prostych ruchów.;Wdech i wydech odbywaj¹ siê przez nos.;Codzienna troska o fizycznoœæ, opieraj¹ca siê na trzech g³ównych filarach: w³aœciwej diecie, odpowiedniej iloœci snu i ruchu.;Tak;Nic;Raczej tak;Raczej tak;Tak;Zdecydowanie tak;4;4;Æwiczenia na opanowanie trudnych emocji ;Nie;Nie;Nie;9;Nie
5.26.2025 17:41:55;Akceptujê;nauczycielem;21 lat i wiêcej;I Liceum Ogólnokszta³c¹ce im. A. Mickiewicza w Stargardzie;Obie odpowiedzi s¹ poprawne.;s¹ normalne i potrzebne, poniewa¿ realizuj¹ szereg wa¿nych funkcji.;Przyjêcie odpowiedniej postawy cia³a lub wykonanie prostych ruchów.;Wdech i wydech odbywaj¹ siê przez nos.;Codzienna troska o fizycznoœæ, opieraj¹ca siê na trzech g³ównych filarach: w³aœciwej diecie, odpowiedniej iloœci snu i ruchu.;Tak;;Zdecydowanie tak;Raczej tak;Tak;Raczej tak;5;5;Æwiczenia oddechowe;Raczej uporz¹dkowa³o to co ju¿ wiedzia³am;Nie wiem;Raczej nie;9;Trochê za d³ugie
5.26.2025 17:41:57;Akceptujê;nauczycielem;21 lat i wiêcej;I Liceum Ogólnokszta³c¹ce im. A. Mickiewicza w Stargardzie;Obie odpowiedzi s¹ poprawne.;s¹ normalne i potrzebne, poniewa¿ realizuj¹ szereg wa¿nych funkcji.;Przyjêcie odpowiedniej postawy cia³a lub wykonanie prostych ruchów.;Wdech i wydech odbywaj¹ siê przez nos.;Codzienna troska o fizycznoœæ, opieraj¹ca siê na trzech g³ównych filarach: w³aœciwej diecie, odpowiedniej iloœci snu i ruchu.;Tak;;Zdecydowanie tak;Zdecydowanie tak;Tak;Zdecydowanie tak;5;5;Sposoby oddechu;Samorealizacja ;-;-;10;Nie 
5.26.2025 17:42:00;Akceptujê;nauczycielem;11-15 lat;I Liceum Ogólnokszta³c¹ce im. A. Mickiewicza w Stargardzie;To reakcje, które pojawiaj¹ siê w odpowiedzi na subiektywnie wa¿n¹ dla danej osoby sytuacjê.;s¹ normalne i potrzebne, poniewa¿ realizuj¹ szereg wa¿nych funkcji.;Przyjêcie odpowiedniej postawy cia³a lub wykonanie prostych ruchów.;Wdech odbywa siê przez nos, a wydech – przez usta.;Codzienna troska o fizycznoœæ, opieraj¹ca siê na trzech g³ównych filarach: w³aœciwej diecie, odpowiedniej iloœci snu i ruchu.;Tak;;Zdecydowanie tak;Zdecydowanie tak;Tak;Raczej tak;5;5;Wp³yw postawy cia³a na odczuwanie emocji;Czas trwania emocji jest ciekaw¹ informacj¹. Ta wiedza zapewnia mi wiêksze poczucie bezpieczeñstwa. Bêdê ju¿ wiedzieæ, ¿e trudne emocje przemin¹ i nie trzeba a¿ tak siê nad nimi pochylaæ;mo¿e te o falach;by³o ok;9;nie
5.26.2025 17:42:04;Akceptujê;nauczycielem;mniej ni¿ rok;I Liceum Ogólnokszta³c¹ce im. A. Mickiewicza w Stargardzie;Obie odpowiedzi s¹ poprawne.;s¹ normalne i potrzebne, poniewa¿ realizuj¹ szereg wa¿nych funkcji.;Przyjêcie odpowiedniej postawy cia³a lub wykonanie prostych ruchów.;Wdech odbywa siê przez nos, a wydech – przez usta.;Codzienna troska o fizycznoœæ, opieraj¹ca siê na trzech g³ównych filarach: w³aœciwej diecie, odpowiedniej iloœci snu i ruchu.;Tak;;Zdecydowanie tak;Zdecydowanie tak;Tak;Raczej tak;4;5;wszystkie;myœlê, ¿e tak;nie by³o zbêdnych;nie zabrak³o;10;nie
5.26.2025 17:42:27;Akceptujê;nauczycielem;21 lat i wiêcej;I Liceum Ogólnokszta³c¹ce im. A. Mickiewicza w Stargardzie;Obie odpowiedzi s¹ poprawne.;s¹ normalne i potrzebne, poniewa¿ realizuj¹ szereg wa¿nych funkcji.;Przyjêcie odpowiedniej postawy cia³a lub wykonanie prostych ruchów.;Wdech odbywa siê przez nos, a wydech – przez usta.;Codzienna troska o fizycznoœæ, opieraj¹ca siê na trzech g³ównych filarach: w³aœciwej diecie, odpowiedniej iloœci snu i ruchu.;Tak;;Raczej tak;Raczej tak;Tak;Raczej nie;4;4;techniki relaksacyjne;znaczenie emocji;nie;nie;8;nie
5.26.2025 17:42:29;Akceptujê;nauczycielem;21 lat i wiêcej;I Liceum Ogólnokszta³c¹ce im. A. Mickiewicza w Stargardzie;To reakcje, które pojawiaj¹ siê w odpowiedzi na subiektywnie wa¿n¹ dla danej osoby sytuacjê.;mo¿na podzieliæ na dobre (pozytywne) i z³e (negatywne).;Przyjêcie odpowiedniej postawy cia³a lub wykonanie prostych ruchów.;Wdech odbywa siê przez nos, a wydech – przez usta.;Optymistyczne nastawienie do codziennoœci i koncentrowanie siê na pozytywnych aspektach w³asnego ¿ycia.;Tak;;Raczej tak;Raczej tak;Tak;Raczej nie;3;3;¿adne;nie;nie;nie;5;nie
5.26.2025 17:42:32;Akceptujê;nauczycielem;21 lat i wiêcej;I Liceum Ogólnokszta³c¹ce im. A. Mickiewicza w Stargardzie;Obie odpowiedzi s¹ poprawne.;s¹ normalne i potrzebne, poniewa¿ realizuj¹ szereg wa¿nych funkcji.;Przyjêcie odpowiedniej postawy cia³a lub wykonanie prostych ruchów.;Wdech odbywa siê przez nos, a wydech – przez usta.;Codzienna troska o fizycznoœæ, opieraj¹ca siê na trzech g³ównych filarach: w³aœciwej diecie, odpowiedniej iloœci snu i ruchu.;Tak;;Zdecydowanie tak;Zdecydowanie tak;Tak;Zdecydowanie tak;5;5;Sposoby panowania na emocjami;Nie;Wszystko super;Nie;10;Nie
5.26.2025 17:42:44;Akceptujê;nauczycielem;21 lat i wiêcej;I Liceum Ogólnokszta³c¹ce im. A. Mickiewicza w Stargardzie;To reakcje, które pojawiaj¹ siê w odpowiedzi na subiektywnie wa¿n¹ dla danej osoby sytuacjê.;s¹ normalne i potrzebne, poniewa¿ realizuj¹ szereg wa¿nych funkcji.;Przyjêcie odpowiedniej postawy cia³a lub wykonanie prostych ruchów.;Wdech odbywa siê przez nos, a wydech – przez usta.;Codzienna troska o fizycznoœæ, opieraj¹ca siê na trzech g³ównych filarach: w³aœciwej diecie, odpowiedniej iloœci snu i ruchu.;Tak;;Raczej tak;Raczej tak;Tak;Raczej tak;3;3;Æwiczenia oddechowe;nie;-;Radzenie sobie z emocjami w relacjach uczeñ - nauczyciel;6;nie
5.26.2025 17:42:47;Akceptujê;nauczycielem;16-20 lat;I Liceum Ogólnokszta³c¹ce im. A. Mickiewicza w Stargardzie;To reakcje, które pojawiaj¹ siê w odpowiedzi na subiektywnie wa¿n¹ dla danej osoby sytuacjê.;s¹ normalne i potrzebne, poniewa¿ realizuj¹ szereg wa¿nych funkcji.;Przyjêcie odpowiedniej postawy cia³a lub wykonanie prostych ruchów.;Wdech odbywa siê przez nos, a wydech – przez usta.;Codzienna troska o fizycznoœæ, opieraj¹ca siê na trzech g³ównych filarach: w³aœciwej diecie, odpowiedniej iloœci snu i ruchu.;Tak;;Raczej tak;Raczej tak;Tak;Raczej tak;4;4;Informacja,ze nie ma emocji dobrych i z³ych,lecz wszystkie sa w naszym zyciu potrzebne;tak lepsze rozumienie siebie;nie;nie;9;nie
5.26.2025 17:42:49;Akceptujê;nauczycielem;6-10 lat;I Liceum Ogólnokszta³c¹ce im. A. Mickiewicza w Stargardzie;Obie odpowiedzi s¹ poprawne.;s¹ normalne i potrzebne, poniewa¿ realizuj¹ szereg wa¿nych funkcji.;Przyjêcie odpowiedniej postawy cia³a lub wykonanie prostych ruchów.;Wdech i wydech odbywaj¹ siê przez nos.;Codzienna troska o fizycznoœæ, opieraj¹ca siê na trzech g³ównych filarach: w³aœciwej diecie, odpowiedniej iloœci snu i ruchu.;Tak;;Zdecydowanie tak;Zdecydowanie tak;Tak;Zdecydowanie tak;5;5;Æwiczenia. Bo s¹ wiedz¹ praktyczn¹.;Nie - zna³em te zagadnienia.;Nie.;Nie.;10;Nie.
5.26.2025 17:43:10;Akceptujê;nauczycielem;21 lat i wiêcej;I Liceum Ogólnokszta³c¹ce im. A. Mickiewicza w Stargardzie;Obie odpowiedzi s¹ poprawne.;mo¿na podzieliæ na dobre (pozytywne) i z³e (negatywne).;Przyjêcie odpowiedniej postawy cia³a lub wykonanie prostych ruchów.;Wdech odbywa siê przez nos, a wydech – przez usta.;Codzienna troska o fizycznoœæ, opieraj¹ca siê na trzech g³ównych filarach: w³aœciwej diecie, odpowiedniej iloœci snu i ruchu.;Tak;;Raczej tak;Raczej tak;Tak;Raczej tak;4;4;Wszystkie;Nie;Nie;Nie;8;Nie
5.26.2025 17:43:35;Akceptujê;nauczycielem;21 lat i wiêcej;I Liceum Ogólnokszta³c¹ce im. A. Mickiewicza w Stargardzie;Obie odpowiedzi s¹ poprawne.;s¹ normalne i potrzebne, poniewa¿ realizuj¹ szereg wa¿nych funkcji.;Przyjêcie odpowiedniej postawy cia³a lub wykonanie prostych ruchów.;Wdech odbywa siê przez nos, a wydech – przez usta.;Codzienna troska o fizycznoœæ, opieraj¹ca siê na trzech g³ównych filarach: w³aœciwej diecie, odpowiedniej iloœci snu i ruchu.;Tak;-;Zdecydowanie tak;Zdecydowanie tak;Tak;Raczej tak;3;3;Znaczenie postawy cia³a;Zwracanie uwagi na fizyczne objawy emocji u uczniów;-;-;8;-
5.26.2025 17:43:46;Akceptujê;dyrektorem/wicedyrektorem;16-20 lat;I Liceum Ogólnokszta³c¹ce im. A. Mickiewicza w Stargardzie;Obie odpowiedzi s¹ poprawne.;s¹ normalne i potrzebne, poniewa¿ realizuj¹ szereg wa¿nych funkcji.;Przyjêcie odpowiedniej postawy cia³a lub wykonanie prostych ruchów.;Wdech odbywa siê przez nos, a wydech – przez usta.;Codzienna troska o fizycznoœæ, opieraj¹ca siê na trzech g³ównych filarach: w³aœciwej diecie, odpowiedniej iloœci snu i ruchu.;Tak;;Zdecydowanie tak;Raczej tak;Tak;Zdecydowanie tak;5;4; ; ; ; ;10; 
5.26.2025 17:44:24;Akceptujê;nauczycielem;21 lat i wiêcej;I Liceum Ogólnokszta³c¹ce im. A. Mickiewicza w Stargardzie;Obie odpowiedzi s¹ poprawne.;mo¿na podzieliæ na dobre (pozytywne) i z³e (negatywne).;Przyjêcie odpowiedniej postawy cia³a lub wykonanie prostych ruchów.;Wdech odbywa siê przez nos, a wydech – przez usta.;Codzienna troska o fizycznoœæ, opieraj¹ca siê na trzech g³ównych filarach: w³aœciwej diecie, odpowiedniej iloœci snu i ruchu.;Tak;;Raczej tak;Raczej tak;Tak;Raczej tak;2;2;SekwencjaTIPP;nie;nie;spodziewa³am siê zupe³nie innych teœci;4;nie
5.26.2025 17:44:32;Akceptujê;nauczycielem;21 lat i wiêcej;I Liceum Ogólnokszta³c¹ce im. A. Mickiewicza w Stargardzie;Obie odpowiedzi s¹ poprawne.;s¹ normalne i potrzebne, poniewa¿ realizuj¹ szereg wa¿nych funkcji.;Przyjêcie odpowiedniej postawy cia³a lub wykonanie prostych ruchów.;Wdech odbywa siê przez nos, a wydech – przez usta.;Codzienna troska o fizycznoœæ, opieraj¹ca siê na trzech g³ównych filarach: w³aœciwej diecie, odpowiedniej iloœci snu i ruchu.;Tak;;Raczej tak;Raczej tak;Tak;Raczej tak;3;3;Techniki relaksacyjne, gdy¿ czêsto trzeba sobie szybko poradziæ z nieprzyjemnymi emocjami;nie;nie;nie;7;W czasie na wype³nianie ankiet powinna byæ zachowana cisza
5.26.2025 17:44:38;Akceptujê;nauczycielem;21 lat i wiêcej;I Liceum Ogólnokszta³c¹ce im. A. Mickiewicza w Stargardzie;Obie odpowiedzi s¹ poprawne.;s¹ normalne i potrzebne, poniewa¿ realizuj¹ szereg wa¿nych funkcji.;Przyjêcie odpowiedniej postawy cia³a lub wykonanie prostych ruchów.;Wdech odbywa siê przez nos, a wydech – przez usta.;Codzienna troska o fizycznoœæ, opieraj¹ca siê na trzech g³ównych filarach: w³aœciwej diecie, odpowiedniej iloœci snu i ruchu.;Tak;;Raczej tak;Raczej tak;Tak;Raczej tak;4;4;dotycz¹ce techniki oddychania;spokojnego reagowania na negatywne emocje;nie ma;nie;9; nie
5.26.2025 17:45:02;Akceptujê;nauczycielem;21 lat i wiêcej;I Liceum Ogólnokszta³c¹ce im. A. Mickiewicza w Stargardzie;Obie odpowiedzi s¹ poprawne.;s¹ normalne i potrzebne, poniewa¿ realizuj¹ szereg wa¿nych funkcji.;Przyjêcie odpowiedniej postawy cia³a lub wykonanie prostych ruchów.;Wdech odbywa siê przez nos, a wydech – przez usta.;Codzienna troska o fizycznoœæ, opieraj¹ca siê na trzech g³ównych filarach: w³aœciwej diecie, odpowiedniej iloœci snu i ruchu.;Tak;;Zdecydowanie tak;Raczej tak;Tak;Raczej tak;5;5;Zwrócenie uwagi, ¿e nasza codzienna 'higiena' jak dieta itp. ma bardzo du¿y wp³yw na emocje;to, ¿e te nie zawsze pozytywne emocje te¿ s¹ potrzebne w naszym ¿yciu;brak;nie;9;nie
5.26.2025 17:45:27;Akceptujê;nauczycielem;21 lat i wiêcej;I Liceum Ogólnokszta³c¹ce im. A. Mickiewicza w Stargardzie;To reakcje, które pojawiaj¹ siê w odpowiedzi na subiektywnie wa¿n¹ dla danej osoby sytuacjê.;s¹ normalne i potrzebne, poniewa¿ realizuj¹ szereg wa¿nych funkcji.;Przyjêcie odpowiedniej postawy cia³a lub wykonanie prostych ruchów.;Wdech odbywa siê przez nos, a wydech – przez usta.;Codzienna troska o fizycznoœæ, opieraj¹ca siê na trzech g³ównych filarach: w³aœciwej diecie, odpowiedniej iloœci snu i ruchu.;Tak;;Raczej tak;Raczej tak;Tak;Zdecydowanie tak;4;4;W zale¿noœci od sytuacji ró¿ne treœci.;Raczej usystematyzowa³y to, co do pewnego stopnia wiedzia³em;Nie;Nie mam zdania.;8;Nie.
5.26.2025 17:50:12;Akceptujê;nauczycielem;11-15 lat;I Liceum Ogólnokszta³c¹ce im. A. Mickiewicza w Stargardzie;To reakcje, które pojawiaj¹ siê w odpowiedzi na subiektywnie wa¿n¹ dla danej osoby sytuacjê.;s¹ normalne i potrzebne, poniewa¿ realizuj¹ szereg wa¿nych funkcji.;Przyjêcie odpowiedniej postawy cia³a lub wykonanie prostych ruchów.;Wdech odbywa siê przez usta, a wydech – przez nos.;Codzienna troska o fizycznoœæ, opieraj¹ca siê na trzech g³ównych filarach: w³aœciwej diecie, odpowiedniej iloœci snu i ruchu.;Tak; ;Zdecydowanie nie;Zdecydowanie nie;Tak;Zdecydowanie tak;5;5; ; ; ; ;10; 
5.26.2025 18:05:28;Akceptujê;nauczycielem;21 lat i wiêcej;I Liceum Ogólnokszta³c¹ce im. A. Mickiewicza w Stargardzie;Obie odpowiedzi s¹ poprawne.;s¹ normalne i potrzebne, poniewa¿ realizuj¹ szereg wa¿nych funkcji.;Przyjêcie odpowiedniej postawy cia³a lub wykonanie prostych ruchów.;Wdech i wydech odbywaj¹ siê przez nos.;Codzienna troska o fizycznoœæ, opieraj¹ca siê na trzech g³ównych filarach: w³aœciwej diecie, odpowiedniej iloœci snu i ruchu.;Tak;;Raczej tak;Raczej tak;Tak;Raczej tak;2;3;Techniki oddychania;Nie;Mog³o by byæ krótsze ;Nie;6;Nie
5.26.2025 18:06:11;Akceptujê;nauczycielem;21 lat i wiêcej;I Liceum Ogólnokszta³c¹ce im. A. Mickiewicza w Stargardzie;Obie odpowiedzi s¹ poprawne.;mo¿na podzieliæ na dobre (pozytywne) i z³e (negatywne).;Przyjêcie odpowiedniej postawy cia³a lub wykonanie prostych ruchów.;Wdech odbywa siê przez nos, a wydech – przez usta.;Codzienna troska o fizycznoœæ, opieraj¹ca siê na trzech g³ównych filarach: w³aœciwej diecie, odpowiedniej iloœci snu i ruchu.;Nie;Za du¿o teorii bez zwi¹zku z praktyk¹.;Raczej nie;Raczej nie;Nie, nie by³o przestrzeni do dyskusji;Raczej nie;1;1;Znam ¿ycie. Nic pozytywnego nie uzyska³em.;Nie ;Oderwanie od realiów ¿ycia.;Szkoda czasu !;2;Szkoda czasu.
5.26.2025 18:28:28;Akceptujê;dyrektorem/wicedyrektorem;21 lat i wiêcej;Publiczna Szko³a Podstawowa im K. Makuszyñskiego w D³ugowoli;Obie odpowiedzi s¹ poprawne.;s¹ normalne i potrzebne, poniewa¿ realizuj¹ szereg wa¿nych funkcji.;Przyjêcie odpowiedniej postawy cia³a lub wykonanie prostych ruchów.;Wdech odbywa siê przez nos, a wydech – przez usta.;Codzienna troska o fizycznoœæ, opieraj¹ca siê na trzech g³ównych filarach: w³aœciwej diecie, odpowiedniej iloœci snu i ruchu.;Tak;;Zdecydowanie tak;Zdecydowanie tak;Tak;Zdecydowanie tak;5;5;æwiczenia relaksacyjne;uwaznoœæ na siebie;nie by³o takich;nie by³o takich;9;bardzo przydatne w codziennej pracy i ¿yciu
5.26.2025 18:29:00;Akceptujê;nauczycielem;11-15 lat;Publiczna Szko³a Podstawowa im K. Makuszyñskiego w D³ugowoli;Obie odpowiedzi s¹ poprawne.;s¹ normalne i potrzebne, poniewa¿ realizuj¹ szereg wa¿nych funkcji.;Przyjêcie odpowiedniej postawy cia³a lub wykonanie prostych ruchów.;Wdech odbywa siê przez nos, a wydech – przez usta.;Codzienna troska o fizycznoœæ, opieraj¹ca siê na trzech g³ównych filarach: w³aœciwej diecie, odpowiedniej iloœci snu i ruchu.;Tak;;Zdecydowanie tak;Zdecydowanie tak;Tak;Raczej tak;5;4;jak rozpoznawaæ emocje;nic;nie;nie;9;nie
5.26.2025 18:29:04;Akceptujê;nauczycielem;21 lat i wiêcej;Publiczna Szko³a Podstawowa im K. Makuszyñskiego w D³ugowoli;Obie odpowiedzi s¹ poprawne.;s¹ normalne i potrzebne, poniewa¿ realizuj¹ szereg wa¿nych funkcji.;Przyjêcie odpowiedniej postawy cia³a lub wykonanie prostych ruchów.;Wdech odbywa siê przez nos, a wydech – przez usta.;Codzienna troska o fizycznoœæ, opieraj¹ca siê na trzech g³ównych filarach: w³aœciwej diecie, odpowiedniej iloœci snu i ruchu.;Tak;;Zdecydowanie tak;Zdecydowanie tak;Tak;Zdecydowanie tak;5;5;Æwiczenia ;Wp³yw postawy cia³a na emocje ;Brak ;Wszystko co wa¿ne by³o ;10;Nie 
5.26.2025 18:30:26;Akceptujê;nauczycielem;21 lat i wiêcej;Publiczna Szko³a Podstawowa im K. Makuszyñskiego w D³ugowoli;Obie odpowiedzi s¹ poprawne.;mo¿na podzieliæ na dobre (pozytywne) i z³e (negatywne).;Przyjêcie odpowiedniej postawy cia³a lub wykonanie prostych ruchów.;Wdech odbywa siê przez nos, a wydech – przez usta.;Codzienna troska o fizycznoœæ, opieraj¹ca siê na trzech g³ównych filarach: w³aœciwej diecie, odpowiedniej iloœci snu i ruchu.;Tak;;Zdecydowanie tak;Zdecydowanie tak;Tak;Zdecydowanie tak;5;5;Jak sobie radziæ z emocjami ;Tak , na temat moich w³asnych emocji, jak sobie z nimi poradziæ ;Nie jestem w stanie wskazaæ ;Nie zabrak³o ;10;Nie mam 
5.26.2025 18:30:33;Akceptujê;nauczycielem;1-5 lat;Publiczna Szko³a Podstawowa im K. Makuszyñskiego w D³ugowoli;Obie odpowiedzi s¹ poprawne.;s¹ normalne i potrzebne, poniewa¿ realizuj¹ szereg wa¿nych funkcji.;Przyjêcie odpowiedniej postawy cia³a lub wykonanie prostych ruchów.;Wdech odbywa siê przez nos, a wydech – przez usta.;Codzienna troska o fizycznoœæ, opieraj¹ca siê na trzech g³ównych filarach: w³aœciwej diecie, odpowiedniej iloœci snu i ruchu.;Tak;;Zdecydowanie tak;Zdecydowanie tak;Tak;Zdecydowanie tak;5;5;Æwiczenia relaksacyjne, poniewa¿ pomog¹ w wyciszeniu emocji po ca³ym dniu pracy. ;Nie;Nie;Nie;10;Nie
5.26.2025 18:30:36;Akceptujê;nauczycielem;21 lat i wiêcej;Publiczna Szko³a Podstawowa im K. Makuszyñskiego w D³ugowoli;Obie odpowiedzi s¹ poprawne.;s¹ normalne i potrzebne, poniewa¿ realizuj¹ szereg wa¿nych funkcji.;Przyjêcie odpowiedniej postawy cia³a lub wykonanie prostych ruchów.;Wdech odbywa siê przez nos, a wydech – przez usta.;Codzienna troska o fizycznoœæ, opieraj¹ca siê na trzech g³ównych filarach: w³aœciwej diecie, odpowiedniej iloœci snu i ruchu.;Tak;;Zdecydowanie tak;Zdecydowanie tak;Tak;Zdecydowanie tak;5;5;"
tabletka przeciwbólowa";nie;nie;nie;10;nie
5.26.2025 18:31:14;Akceptujê;nauczycielem;16-20 lat;Publiczna Szko³a Podstawowa im K. Makuszyñskiego w D³ugowoli;Obie odpowiedzi s¹ poprawne.;s¹ normalne i potrzebne, poniewa¿ realizuj¹ szereg wa¿nych funkcji.;Przyjêcie odpowiedniej postawy cia³a lub wykonanie prostych ruchów.;Wdech odbywa siê przez nos, a wydech – przez usta.;Codzienna troska o fizycznoœæ, opieraj¹ca siê na trzech g³ównych filarach: w³aœciwej diecie, odpowiedniej iloœci snu i ruchu.;Tak;nic;Zdecydowanie tak;Zdecydowanie tak;Tak;Zdecydowanie tak;5;5;Cwiczenia relaksacyjnie.;tak;nie;nie;10;nie
5.26.2025 18:31:19;Akceptujê;nauczycielem;16-20 lat;Publiczna Szko³a Podstawowa im K. Makuszyñskiego w D³ugowoli;Obie odpowiedzi s¹ poprawne.;mo¿na podzieliæ na dobre (pozytywne) i z³e (negatywne).;Przyjêcie odpowiedniej postawy cia³a lub wykonanie prostych ruchów.;Wdech odbywa siê przez nos, a wydech – przez usta.;Codzienna troska o fizycznoœæ, opieraj¹ca siê na trzech g³ównych filarach: w³aœciwej diecie, odpowiedniej iloœci snu i ruchu.;Tak;;Zdecydowanie tak;Zdecydowanie tak;Tak;Zdecydowanie tak;5;5;ca³e szkolenie by³o bardzo ciekawe a treœci przydatne które na pewno wykorzystam w przyszlosci;nie;nie;nie;10;nie
5.26.2025 18:31:38;Akceptujê;psychologiem;mniej ni¿ rok;Publiczna Szko³a Podstawowa im K. Makuszyñskiego w D³ugowoli;Obie odpowiedzi s¹ poprawne.;s¹ normalne i potrzebne, poniewa¿ realizuj¹ szereg wa¿nych funkcji.;Przyjêcie odpowiedniej postawy cia³a lub wykonanie prostych ruchów.;Wdech odbywa siê przez nos, a wydech – przez usta.;Codzienna troska o fizycznoœæ, opieraj¹ca siê na trzech g³ównych filarach: w³aœciwej diecie, odpowiedniej iloœci snu i ruchu.;Tak;;Zdecydowanie tak;Zdecydowanie tak;Tak;Zdecydowanie tak;5;5;Æwiczenia na uspokojenie emocji;Tak, ¿eby zadbaæ o w³asny dobrostan ;Nie ;Nie;10;Bardzo wartoœciowe szkolenie
5.26.2025 18:32:44;Akceptujê;nauczycielem;21 lat i wiêcej;Publiczna Szko³a Podstawowa im K. Makuszyñskiego w D³ugowoli;Obie odpowiedzi s¹ poprawne.;s¹ normalne i potrzebne, poniewa¿ realizuj¹ szereg wa¿nych funkcji.;Przyjêcie odpowiedniej postawy cia³a lub wykonanie prostych ruchów.;Wdech odbywa siê przez usta, a wydech – przez nos.;Codzienna troska o fizycznoœæ, opieraj¹ca siê na trzech g³ównych filarach: w³aœciwej diecie, odpowiedniej iloœci snu i ruchu.;Tak;Wszystkie treœci by³y przekazane dobrze;Zdecydowanie tak;Zdecydowanie tak;Tak;Zdecydowanie tak;5;5;æwiczenia relaksacyjne;Prawid³owy odpoczynek;Nie;Nie;10;Nie
5.26.2025 18:33:46;Akceptujê;pomoc nauczyciela w szkole;1-5 lat;Publiczna Szko³a Podstawowa im K. Makuszyñskiego w D³ugowoli;Obie odpowiedzi s¹ poprawne.;s¹ normalne i potrzebne, poniewa¿ realizuj¹ szereg wa¿nych funkcji.;Przyjêcie odpowiedniej postawy cia³a lub wykonanie prostych ruchów.;Wdech odbywa siê przez nos, a wydech – przez usta.;Codzienna troska o fizycznoœæ, opieraj¹ca siê na trzech g³ównych filarach: w³aœciwej diecie, odpowiedniej iloœci snu i ruchu.;Tak;;Zdecydowanie tak;Zdecydowanie tak;Tak;Zdecydowanie tak;5;5;Jak radziæ sobie z emocjami, æwiczenia na postawê cia³a i æwiczenia oddechowe.;-;-;-;10;-
5.26.2025 18:34:59;Akceptujê;nauczycielem;21 lat i wiêcej;Publiczna Szko³a Podstawowa im K. Makuszyñskiego w D³ugowoli;Obie odpowiedzi s¹ poprawne.;mo¿na podzieliæ na dobre (pozytywne) i z³e (negatywne).;Przyjêcie odpowiedniej postawy cia³a lub wykonanie prostych ruchów.;Wdech odbywa siê przez nos, a wydech – przez usta.;Codzienna troska o fizycznoœæ, opieraj¹ca siê na trzech g³ównych filarach: w³aœciwej diecie, odpowiedniej iloœci snu i ruchu.;Tak;;Zdecydowanie tak;Zdecydowanie tak;Tak;Zdecydowanie tak;5;5;æwiczenia ;Raczej nie;Nie;nie;10;Nie
5.26.2025 18:39:27;Akceptujê;nauczycielem;21 lat i wiêcej;Publiczna Szko³a Podstawowa im K. Makuszyñskiego w D³ugowoli;To reakcje, które pojawiaj¹ siê w odpowiedzi na subiektywnie wa¿n¹ dla danej osoby sytuacjê.;s¹ normalne i potrzebne, poniewa¿ realizuj¹ szereg wa¿nych funkcji.;Przyjêcie odpowiedniej postawy cia³a lub wykonanie prostych ruchów.;Wdech odbywa siê przez nos, a wydech – przez usta.;Codzienna troska o fizycznoœæ, opieraj¹ca siê na trzech g³ównych filarach: w³aœciwej diecie, odpowiedniej iloœci snu i ruchu.;Tak;;Zdecydowanie tak;Raczej tak;Tak;Zdecydowanie tak;5;5;Jak zapobiegaæ sytuacjom emocjonalnym i jak zapanowaæ nad swoimi emocjami.;Uœwiadomi³o mi koniecznoœæ analizowania w³asnych emocji i potrzeb.;Nie zauwa¿y³am takich.;Nie.;10;Nie mam.
5.29.2025 18:47:24;Akceptujê;nauczycielem;6-10 lat;"Niepubliczna Szko³a Podstawowa z Oddzia³ami Integracyjnymi ""Bajkowa Akademia"" w Lublinie";Obie odpowiedzi s¹ poprawne.;s¹ normalne i potrzebne, poniewa¿ realizuj¹ szereg wa¿nych funkcji.;Przyjêcie odpowiedniej postawy cia³a lub wykonanie prostych ruchów.;Wdech odbywa siê przez nos, a wydech – przez usta.;Codzienna troska o fizycznoœæ, opieraj¹ca siê na trzech g³ównych filarach: w³aœciwej diecie, odpowiedniej iloœci snu i ruchu.;Tak;Nic ;Zdecydowanie tak;Zdecydowanie tak;Tak;Raczej tak;5;5;Wszytsko by³o okej;Raczej nie ;Ka¿de by³y potrzebne ;Nie;10;Nie mam
5.29.2025 18:48:51;Akceptujê;pedagogiem;1-5 lat;"Niepubliczna Szko³a Podstawowa z Oddzia³ami Integracyjnymi ""Bajkowa Akademia"" w Lublinie";Obie odpowiedzi s¹ poprawne.;s¹ normalne i potrzebne, poniewa¿ realizuj¹ szereg wa¿nych funkcji.;Przyjêcie odpowiedniej postawy cia³a lub wykonanie prostych ruchów.;Wdech odbywa siê przez nos, a wydech – przez usta.;Codzienna troska o fizycznoœæ, opieraj¹ca siê na trzech g³ównych filarach: w³aœciwej diecie, odpowiedniej iloœci snu i ruchu.;Tak;;Zdecydowanie tak;Zdecydowanie tak;Tak;Zdecydowanie tak;5;5;Trening oddechowy;Uporz¹dkowa³o dotychczasow¹ wiedzê ;Nie zauwa¿y³am ;Raczej nie;10;Nie mam
5.29.2025 18:52:56;Akceptujê;psychologiem;mniej ni¿ rok;"Niepubliczna Szko³a Podstawowa z Oddzia³ami Integracyjnymi ""Bajkowa Akademia"" w Lublinie";Obie odpowiedzi s¹ poprawne.;s¹ normalne i potrzebne, poniewa¿ realizuj¹ szereg wa¿nych funkcji.;Przyjêcie odpowiedniej postawy cia³a lub wykonanie prostych ruchów.;Wdech odbywa siê przez nos, a wydech – przez usta.;Codzienna troska o fizycznoœæ, opieraj¹ca siê na trzech g³ównych filarach: w³aœciwej diecie, odpowiedniej iloœci snu i ruchu.;Tak;nic;Zdecydowanie tak;Zdecydowanie tak;Tak;Zdecydowanie tak;5;5;Sposoby na uspokojenie siê;Zrozumia³am jak wa¿na jest odpowiednia postawa cia³a;Nie;Nie;10;Nie mam, wszystko by³o ok
5.29.2025 18:56:04;Akceptujê;nauczycielem;1-5 lat;"Niepubliczna Szko³a Podstawowa z Oddzia³ami Integracyjnymi ""Bajkowa Akademia"" w Lublinie";Obie odpowiedzi s¹ poprawne.;s¹ normalne i potrzebne, poniewa¿ realizuj¹ szereg wa¿nych funkcji.;Przyjêcie odpowiedniej postawy cia³a lub wykonanie prostych ruchów.;Wdech i wydech odbywaj¹ siê przez nos.;Codzienna troska o fizycznoœæ, opieraj¹ca siê na trzech g³ównych filarach: w³aœciwej diecie, odpowiedniej iloœci snu i ruchu.;Tak;;Zdecydowanie tak;Zdecydowanie tak;Tak;Zdecydowanie tak;5;5;chyba najbardziej inspiracja w codziennosci na poprawienie stanu;tak, ze proste rzeczy moga pomóc  wrównowadze;nie;nie ;10;nie
5.29.2025 18:56:56;Akceptujê;Terapeuta Si;11-15 lat;"Niepubliczna Szko³a Podstawowa z Oddzia³ami Integracyjnymi ""Bajkowa Akademia"" w Lublinie";Uruchamiaj¹ ca³y zespó³ zmian w ciele, w sposobie myœlenia i zachowaniu cz³owieka.;s¹ normalne i potrzebne, poniewa¿ realizuj¹ szereg wa¿nych funkcji.;Przyjêcie odpowiedniej postawy cia³a lub wykonanie prostych ruchów.;Wdech odbywa siê przez nos, a wydech – przez usta.;Codzienna troska o fizycznoœæ, opieraj¹ca siê na trzech g³ównych filarach: w³aœciwej diecie, odpowiedniej iloœci snu i ruchu.;Tak;;Zdecydowanie tak;Zdecydowanie tak;Tak;Zdecydowanie tak;5;5;Sposoby relaksacyjne;Cwiczenia;Cwiczenia oddechowe ;Nie;10;Nie
5.29.2025 19:02:11;Akceptujê;nauczycielem;1-5 lat;"Niepubliczna Szko³a Podstawowa z Oddzia³ami Integracyjnymi ""Bajkowa Akademia"" w Lublinie";Obie odpowiedzi s¹ poprawne.;s¹ normalne i potrzebne, poniewa¿ realizuj¹ szereg wa¿nych funkcji.;Przyjêcie odpowiedniej postawy cia³a lub wykonanie prostych ruchów.;Wdech odbywa siê przez nos, a wydech – przez usta.;Codzienna troska o fizycznoœæ, opieraj¹ca siê na trzech g³ównych filarach: w³aœciwej diecie, odpowiedniej iloœci snu i ruchu.;Tak;;Zdecydowanie tak;Zdecydowanie tak;Tak;Raczej tak;5;5;Sposoby na rozluŸnienie ;Nie ;Nie ;Nie ;10;Nie
5.29.2025 19:03:32;Akceptujê;Terapeuta si ;mniej ni¿ rok;"Niepubliczna Szko³a Podstawowa z Oddzia³ami Integracyjnymi ""Bajkowa Akademia"" w Lublinie";Uruchamiaj¹ ca³y zespó³ zmian w ciele, w sposobie myœlenia i zachowaniu cz³owieka.;s¹ normalne i potrzebne, poniewa¿ realizuj¹ szereg wa¿nych funkcji.;Przyjêcie odpowiedniej postawy cia³a lub wykonanie prostych ruchów.;Wdech odbywa siê przez nos, a wydech – przez usta.;Codzienna troska o fizycznoœæ, opieraj¹ca siê na trzech g³ównych filarach: w³aœciwej diecie, odpowiedniej iloœci snu i ruchu.;Tak;;Zdecydowanie tak;Zdecydowanie tak;Tak;Zdecydowanie tak;5;5;Jak prawid³owo wyciszyæ organizm oddechem.;Jak wa¿ne jest dbanie o siebie emocje, sen, jedzenie,sport ;Brak takich.;Wszystko, by³o ok.;10;Brak
5.29.2025 19:05:51;Akceptujê;nauczycielem;6-10 lat;"Niepubliczna Szko³a Podstawowa z Oddzia³ami Integracyjnymi ""Bajkowa Akademia"" w Lublinie";Obie odpowiedzi s¹ poprawne.;s¹ normalne i potrzebne, poniewa¿ realizuj¹ szereg wa¿nych funkcji.;Przyjêcie odpowiedniej postawy cia³a lub wykonanie prostych ruchów.;Wdech odbywa siê przez nos, a wydech – przez usta.;Codzienna troska o fizycznoœæ, opieraj¹ca siê na trzech g³ównych filarach: w³aœciwej diecie, odpowiedniej iloœci snu i ruchu.;Tak;Nic;Zdecydowanie tak;Zdecydowanie tak;Tak;Zdecydowanie tak;5;5;Sposoby radzenia sobie z trudnymi sytuacjami;Postrzeganie emocji, porównanie do wody;Nie ma takich;Nie;10;Nie
5.29.2025 19:06:08;Akceptujê;pedagogiem;1-5 lat;"Niepubliczna Szko³a Podstawowa z Oddzia³ami Integracyjnymi ""Bajkowa Akademia"" w Lublinie";Obie odpowiedzi s¹ poprawne.;s¹ normalne i potrzebne, poniewa¿ realizuj¹ szereg wa¿nych funkcji.;Przyjêcie odpowiedniej postawy cia³a lub wykonanie prostych ruchów.;Wdech odbywa siê przez nos, a wydech – przez usta.;Codzienna troska o fizycznoœæ, opieraj¹ca siê na trzech g³ównych filarach: w³aœciwej diecie, odpowiedniej iloœci snu i ruchu.;Tak;;Zdecydowanie tak;Zdecydowanie tak;Tak;Zdecydowanie tak;5;5;Praktyczne wskazówki odnoœnie æwiczeñ oddechowych, które mo¿na wykonywaæ w ka¿dej mo¿liwej sytuacji;Poszerzy³o moj¹ widzê odnoœnie ³atwych trików, które pomagaj¹ siê odstresowaæ;Nie by³o takich.;Nie mam takiego wra¿enia;10;brak
5.29.2025 19:06:37;Akceptujê;nauczycielem;6-10 lat;"Niepubliczna Szko³a Podstawowa z Oddzia³ami Integracyjnymi ""Bajkowa Akademia"" w Lublinie";Obie odpowiedzi s¹ poprawne.;s¹ normalne i potrzebne, poniewa¿ realizuj¹ szereg wa¿nych funkcji.;Przyjêcie odpowiedniej postawy cia³a lub wykonanie prostych ruchów.;Wdech odbywa siê przez nos, a wydech – przez usta.;Codzienna troska o fizycznoœæ, opieraj¹ca siê na trzech g³ównych filarach: w³aœciwej diecie, odpowiedniej iloœci snu i ruchu.;Tak;;Zdecydowanie tak;Zdecydowanie tak;Tak;Zdecydowanie tak;5;5;Techniki oddechowe.;Pomog³o mi szerzej spojrzeæ na zagadnienie emocji w codziennoœci. ;Nie ma takich. ;Nie ma takich. ;10;Nie. 
5.29.2025 19:39:34;Akceptujê;nauczyciel wspó³organizuj¹cy;1-5 lat;"Niepubliczna Szko³a Podstawowa z Oddzia³ami Integracyjnymi ""Bajkowa Akademia"" w Lublinie";Obie odpowiedzi s¹ poprawne.;s¹ normalne i potrzebne, poniewa¿ realizuj¹ szereg wa¿nych funkcji.;Przyjêcie odpowiedniej postawy cia³a lub wykonanie prostych ruchów.;Wdech odbywa siê przez nos, a wydech – przez usta.;Codzienna troska o fizycznoœæ, opieraj¹ca siê na trzech g³ównych filarach: w³aœciwej diecie, odpowiedniej iloœci snu i ruchu.;Tak;;Zdecydowanie tak;Zdecydowanie tak;Tak;Raczej tak;4;4;Pomys³y na radzenie sobie w trudnych chwilach w niesprzyjaj¹cej przestrzeni ;Zmieni³o spojrzenie na to, ¿e istnieje wiêcej mo¿liwoœci jakie mogê wykorzystaæ w sytuacjach stresowych.;Nie;Nie;9;Nie
5.30.2025 6:21:19;Akceptujê;nauczycielem;1-5 lat;"Niepubliczna Szko³a Podstawowa z Oddzia³ami Integracyjnymi ""Bajkowa Akademia"" w Lublinie";Obie odpowiedzi s¹ poprawne.;s¹ normalne i potrzebne, poniewa¿ realizuj¹ szereg wa¿nych funkcji.;Przyjêcie odpowiedniej postawy cia³a lub wykonanie prostych ruchów.;Wdech odbywa siê przez nos, a wydech – przez usta.;Codzienna troska o fizycznoœæ, opieraj¹ca siê na trzech g³ównych filarach: w³aœciwej diecie, odpowiedniej iloœci snu i ruchu.;Tak;;Zdecydowanie tak;Raczej tak;Tak;Raczej tak;3;3;Postawy rozladujace napiecie;Nie;Nie;Noe;7;Nie
6.2.2025 17:44:28;Akceptujê;nauczycielem;16-20 lat;Szko³a Podstawowa im. J. Wybickiego w Baboszewie;Obie odpowiedzi s¹ poprawne.;s¹ normalne i potrzebne, poniewa¿ realizuj¹ szereg wa¿nych funkcji.;Przyjêcie odpowiedniej postawy cia³a lub wykonanie prostych ruchów.;Wdech odbywa siê przez nos, a wydech – przez usta.;Codzienna troska o fizycznoœæ, opieraj¹ca siê na trzech g³ównych filarach: w³aœciwej diecie, odpowiedniej iloœci snu i ruchu.;Tak;;Raczej tak;Raczej tak;Tak;Raczej tak;4;4;Æwiczenia relaksacyjne;Raczej nie;Nie;Nie;8;Nie
6.2.2025 17:44:40;Akceptujê;nauczycielem;21 lat i wiêcej;Szko³a Podstawowa im. J. Wybickiego w Baboszewie;Obie odpowiedzi s¹ poprawne.;s¹ normalne i potrzebne, poniewa¿ realizuj¹ szereg wa¿nych funkcji.;Przyjêcie odpowiedniej postawy cia³a lub wykonanie prostych ruchów.;Wdech odbywa siê przez nos, a wydech – przez usta.;Optymistyczne nastawienie do codziennoœci i koncentrowanie siê na pozytywnych aspektach w³asnego ¿ycia.;Tak;-;Zdecydowanie tak;Zdecydowanie tak;Tak;Raczej tak;5;5;-;-;-;-;10;-
6.2.2025 17:44:56;Akceptujê;nauczycielem;1-5 lat;Szko³a Podstawowa im. J. Wybickiego w Baboszewie;Obie odpowiedzi s¹ poprawne.;s¹ normalne i potrzebne, poniewa¿ realizuj¹ szereg wa¿nych funkcji.;Przyjêcie odpowiedniej postawy cia³a lub wykonanie prostych ruchów.;Wdech odbywa siê przez nos, a wydech – przez usta.;Codzienna troska o fizycznoœæ, opieraj¹ca siê na trzech g³ównych filarach: w³aœciwej diecie, odpowiedniej iloœci snu i ruchu.;Tak;;Zdecydowanie tak;Zdecydowanie tak;Tak;Zdecydowanie tak;5;5;Ró¿ne sposoby radzenia sobie ze stresem. ;Tak, postrzeganie moich emocji uleg³o zmianie/poprawie;Nie;Nie mam takich odczuæ ;10;Nie
6.2.2025 17:45:00;Akceptujê;nauczycielem;11-15 lat;Szko³a Podstawowa im. J. Wybickiego w Baboszewie;Uruchamiaj¹ ca³y zespó³ zmian w ciele, w sposobie myœlenia i zachowaniu cz³owieka.;s¹ normalne i potrzebne, poniewa¿ realizuj¹ szereg wa¿nych funkcji.;Przyjêcie odpowiedniej postawy cia³a lub wykonanie prostych ruchów.;Wdech odbywa siê przez nos, a wydech – przez usta.;Optymistyczne nastawienie do codziennoœci i koncentrowanie siê na pozytywnych aspektach w³asnego ¿ycia.;Tak;;Zdecydowanie tak;Zdecydowanie tak;Tak;Zdecydowanie tak;5;5;Mówienie o emocjach;Nie ;Nie;Nie;10;Nie
6.2.2025 17:45:02;Akceptujê;nauczycielem;1-5 lat;Szko³a Podstawowa im. J. Wybickiego w Baboszewie;Uruchamiaj¹ ca³y zespó³ zmian w ciele, w sposobie myœlenia i zachowaniu cz³owieka.;s¹ normalne i potrzebne, poniewa¿ realizuj¹ szereg wa¿nych funkcji.;Przyjêcie odpowiedniej postawy cia³a lub wykonanie prostych ruchów.;Wdech odbywa siê przez nos, a wydech – przez usta.;Codzienna troska o fizycznoœæ, opieraj¹ca siê na trzech g³ównych filarach: w³aœciwej diecie, odpowiedniej iloœci snu i ruchu.;Tak;;Zdecydowanie tak;Zdecydowanie tak;Tak;Zdecydowanie tak;5;5;Zdecydowanie æwiczenia przyk³adowe ;Tak, przede wszystkim trzeba zadbaæ o siebie ¿eby reszta mog³a dobrze funkcjonowaæ ;Brak ;Brak ;10;Brak 
6.2.2025 17:45:21;Akceptujê;nauczycielem;21 lat i wiêcej;Szko³a Podstawowa im. J. Wybickiego w Baboszewie;Obie odpowiedzi s¹ poprawne.;s¹ normalne i potrzebne, poniewa¿ realizuj¹ szereg wa¿nych funkcji.;Przyjêcie odpowiedniej postawy cia³a lub wykonanie prostych ruchów.;Wdech odbywa siê przez nos, a wydech – przez usta.;Codzienna troska o fizycznoœæ, opieraj¹ca siê na trzech g³ównych filarach: w³aœciwej diecie, odpowiedniej iloœci snu i ruchu.;Tak;;Zdecydowanie tak;Zdecydowanie tak;Tak;Zdecydowanie tak;4;4;Techniki radzenia sobie z emocjami ;Tak;Nie;Nie;10;Nie
6.2.2025 17:45:26;Akceptujê;nauczycielem;16-20 lat;Szko³a Podstawowa im. J. Wybickiego w Baboszewie;Obie odpowiedzi s¹ poprawne.;s¹ normalne i potrzebne, poniewa¿ realizuj¹ szereg wa¿nych funkcji.;Przyjêcie odpowiedniej postawy cia³a lub wykonanie prostych ruchów.;Wdech odbywa siê przez nos, a wydech – przez usta.;Codzienna troska o fizycznoœæ, opieraj¹ca siê na trzech g³ównych filarach: w³aœciwej diecie, odpowiedniej iloœci snu i ruchu.;Tak;Nic;Zdecydowanie tak;Zdecydowanie tak;Tak;Zdecydowanie tak;5;5;Æwiczenia na ukojenie emocji ;¯eby byæ bardziej uwa¿n¹ na sam¹ siebie;Nie;Nie;10;Nie
6.2.2025 17:45:27;Akceptujê;nauczycielem;21 lat i wiêcej;Szko³a Podstawowa im. J. Wybickiego w Baboszewie;Obie odpowiedzi s¹ poprawne.;s¹ normalne i potrzebne, poniewa¿ realizuj¹ szereg wa¿nych funkcji.;Przyjêcie odpowiedniej postawy cia³a lub wykonanie prostych ruchów.;Wdech odbywa siê przez nos, a wydech – przez usta.;Codzienna troska o fizycznoœæ, opieraj¹ca siê na trzech g³ównych filarach: w³aœciwej diecie, odpowiedniej iloœci snu i ruchu.;Tak;;Raczej tak;Raczej tak;Tak;Raczej tak;4;4;wszystkie;tqak;nie;nie;9;nie
6.2.2025 17:45:44;Akceptujê;dyrektorem/wicedyrektorem;21 lat i wiêcej;Szko³a Podstawowa im. J. Wybickiego w Baboszewie;Obie odpowiedzi s¹ poprawne.;mo¿na podzieliæ na dobre (pozytywne) i z³e (negatywne).;Przyjêcie odpowiedniej postawy cia³a lub wykonanie prostych ruchów.;Wdech odbywa siê przez nos, a wydech – przez usta.;Codzienna troska o fizycznoœæ, opieraj¹ca siê na trzech g³ównych filarach: w³aœciwej diecie, odpowiedniej iloœci snu i ruchu.;Tak;;Zdecydowanie tak;Zdecydowanie tak;Tak;Zdecydowanie tak;5;5;w jakim stopniu zaspokajam w³asne potrzeby;radzenia sobie z emocjami;nie;nie;10;nie
6.2.2025 17:46:14;Akceptujê;nauczycielem;16-20 lat;Szko³a Podstawowa im. J. Wybickiego w Baboszewie;Obie odpowiedzi s¹ poprawne.;mo¿na podzieliæ na dobre (pozytywne) i z³e (negatywne).;Przyjêcie odpowiedniej postawy cia³a lub wykonanie prostych ruchów.;Wdech odbywa siê przez nos, a wydech – przez usta.;Codzienna troska o fizycznoœæ, opieraj¹ca siê na trzech g³ównych filarach: w³aœciwej diecie, odpowiedniej iloœci snu i ruchu.;Tak;;Raczej tak;Zdecydowanie tak;Tak;Raczej tak;5;5;æwiczenia na odreagowanie stresu;zrozumienie siebie i uczniów;nie;nie ;10;nie
6.2.2025 17:46:51;Akceptujê;nauczycielem;21 lat i wiêcej;Szko³a Podstawowa im. J. Wybickiego w Baboszewie;Uruchamiaj¹ ca³y zespó³ zmian w ciele, w sposobie myœlenia i zachowaniu cz³owieka.;mo¿na podzieliæ na dobre (pozytywne) i z³e (negatywne).;Przyjêcie odpowiedniej postawy cia³a lub wykonanie prostych ruchów.;Wdech odbywa siê przez nos, a wydech – przez usta.;Codzienna troska o fizycznoœæ, opieraj¹ca siê na trzech g³ównych filarach: w³aœciwej diecie, odpowiedniej iloœci snu i ruchu.;Tak;;Raczej tak;Raczej tak;Tak;Raczej tak;4;4;wszystkie;tak;nie;nie;9;nie
6.2.2025 17:47:07;Akceptujê;nauczycielem;21 lat i wiêcej;Szko³a Podstawowa im. J. Wybickiego w Baboszewie;Obie odpowiedzi s¹ poprawne.;s¹ normalne i potrzebne, poniewa¿ realizuj¹ szereg wa¿nych funkcji.;Przyjêcie odpowiedniej postawy cia³a lub wykonanie prostych ruchów.;Nie wiem;Codzienna troska o fizycznoœæ, opieraj¹ca siê na trzech g³ównych filarach: w³aœciwej diecie, odpowiedniej iloœci snu i ruchu.;Tak;;Zdecydowanie tak;Zdecydowanie tak;Tak;Raczej tak;5;5;wszyskie;pomog³o mi;nie by³o;nie;9;nie
6.2.2025 17:47:17;Akceptujê;nauczycielem;21 lat i wiêcej;Szko³a Podstawowa im. J. Wybickiego w Baboszewie;Obie odpowiedzi s¹ poprawne.;s¹ normalne i potrzebne, poniewa¿ realizuj¹ szereg wa¿nych funkcji.;Przyjêcie odpowiedniej postawy cia³a lub wykonanie prostych ruchów.;Wdech odbywa siê przez nos, a wydech – przez usta.;Codzienna troska o fizycznoœæ, opieraj¹ca siê na trzech g³ównych filarach: w³aœciwej diecie, odpowiedniej iloœci snu i ruchu.;Tak;;Zdecydowanie tak;Raczej tak;Tak;Zdecydowanie tak;5;5;Jak radziæ sobie z emocjami w sytuacji stresowej.;Jak wa¿na jest postawa cia³a.;Wszystkie s¹ potrzebne.;Nie wiem;10;Nie mam
6.2.2025 17:47:50;Akceptujê;nauczycielem;6-10 lat;Szko³a Podstawowa im. J. Wybickiego w Baboszewie;Obie odpowiedzi s¹ poprawne.;s¹ normalne i potrzebne, poniewa¿ realizuj¹ szereg wa¿nych funkcji.;Przyjêcie odpowiedniej postawy cia³a lub wykonanie prostych ruchów.;Wdech odbywa siê przez nos, a wydech – przez usta.;Codzienna troska o fizycznoœæ, opieraj¹ca siê na trzech g³ównych filarach: w³aœciwej diecie, odpowiedniej iloœci snu i ruchu.;Tak;;Zdecydowanie tak;Zdecydowanie tak;Tak;Zdecydowanie tak;5;5;Sposoby samoregulacji;nie;nie;nie;10;nie
6.2.2025 17:47:50;Akceptujê;nauczycielem;11-15 lat;Szko³a Podstawowa im. J. Wybickiego w Baboszewie;Obie odpowiedzi s¹ poprawne.;s¹ normalne i potrzebne, poniewa¿ realizuj¹ szereg wa¿nych funkcji.;Przyjêcie odpowiedniej postawy cia³a lub wykonanie prostych ruchów.;Wdech odbywa siê przez nos, a wydech – przez usta.;Codzienna troska o fizycznoœæ, opieraj¹ca siê na trzech g³ównych filarach: w³aœciwej diecie, odpowiedniej iloœci snu i ruchu.;Tak;;Zdecydowanie tak;Raczej tak;Tak;Raczej tak;2;2;Wszystkie;uzmys³owi³o, ¿e nale¿y dbaæ równie¿ o siebie;nie;nie;9;nie
6.2.2025 17:48:06;Akceptujê;nauczycielem;16-20 lat;Szko³a Podstawowa im. J. Wybickiego w Baboszewie;Obie odpowiedzi s¹ poprawne.;mo¿na podzieliæ na dobre (pozytywne) i z³e (negatywne).;Przyjêcie odpowiedniej postawy cia³a lub wykonanie prostych ruchów.;Wdech odbywa siê przez nos, a wydech – przez usta.;Codzienna troska o fizycznoœæ, opieraj¹ca siê na trzech g³ównych filarach: w³aœciwej diecie, odpowiedniej iloœci snu i ruchu.;Tak;nic ;Zdecydowanie tak;Zdecydowanie tak;Tak;Zdecydowanie tak;5;5;æwiczenia praktyczne;rozumienie swoich emocji ;nie ;nie ;10;nie
6.2.2025 17:48:20;Akceptujê;nauczycielem;21 lat i wiêcej;Szko³a Podstawowa im. J. Wybickiego w Baboszewie;Obie odpowiedzi s¹ poprawne.;s¹ normalne i potrzebne, poniewa¿ realizuj¹ szereg wa¿nych funkcji.;Przyjêcie odpowiedniej postawy cia³a lub wykonanie prostych ruchów.;Wdech odbywa siê przez nos, a wydech – przez usta.;Codzienna troska o fizycznoœæ, opieraj¹ca siê na trzech g³ównych filarach: w³aœciwej diecie, odpowiedniej iloœci snu i ruchu.;Tak;;Zdecydowanie tak;Zdecydowanie tak;Tak;Zdecydowanie tak;5;5;kontrolowanie emocji, tecchniki oddechowe  ;tak;nie;nie;10;nie
6.2.2025 17:49:00;Akceptujê;nauczycielem;16-20 lat;Szko³a Podstawowa im. J. Wybickiego w Baboszewie;Obie odpowiedzi s¹ poprawne.;s¹ normalne i potrzebne, poniewa¿ realizuj¹ szereg wa¿nych funkcji.;Przyjêcie odpowiedniej postawy cia³a lub wykonanie prostych ruchów.;Wdech odbywa siê przez nos, a wydech – przez usta.;Codzienna troska o fizycznoœæ, opieraj¹ca siê na trzech g³ównych filarach: w³aœciwej diecie, odpowiedniej iloœci snu i ruchu.;Tak;;Zdecydowanie tak;Zdecydowanie tak;Tak;Zdecydowanie tak;5;5;Wszystko ;Troska o w³asny dobrostan;Nie;Nie;10;Nie
6.2.2025 17:49:15;Akceptujê;nauczycielem;11-15 lat;Szko³a Podstawowa im. J. Wybickiego w Baboszewie;To reakcje, które pojawiaj¹ siê w odpowiedzi na subiektywnie wa¿n¹ dla danej osoby sytuacjê.;s¹ normalne i potrzebne, poniewa¿ realizuj¹ szereg wa¿nych funkcji.;Przyjêcie odpowiedniej postawy cia³a lub wykonanie prostych ruchów.;Wdech odbywa siê przez nos, a wydech – przez usta.;Codzienna troska o fizycznoœæ, opieraj¹ca siê na trzech g³ównych filarach: w³aœciwej diecie, odpowiedniej iloœci snu i ruchu.;Tak;;Zdecydowanie tak;Zdecydowanie tak;Tak;Zdecydowanie tak;5;5;Wszystkie;Tak;Nie;Nie;10;Nie
6.2.2025 17:49:19;Akceptujê;nauczycielem;21 lat i wiêcej;Szko³a Podstawowa im. J. Wybickiego w Baboszewie;Obie odpowiedzi s¹ poprawne.;s¹ normalne i potrzebne, poniewa¿ realizuj¹ szereg wa¿nych funkcji.;Przyjêcie odpowiedniej postawy cia³a lub wykonanie prostych ruchów.;Wdech odbywa siê przez nos, a wydech – przez usta.;Codzienna troska o fizycznoœæ, opieraj¹ca siê na trzech g³ównych filarach: w³aœciwej diecie, odpowiedniej iloœci snu i ruchu.;Tak;;Zdecydowanie tak;Zdecydowanie tak;Tak;Zdecydowanie tak;5;5;jak obni¿aæ stress;Tak. lepiej kontrolowaæ swoje cia³o;Nie;Nie;10;Nie
6.2.2025 17:50:15;Akceptujê;nauczycielem;21 lat i wiêcej;Szko³a Podstawowa im. J. Wybickiego w Baboszewie;Obie odpowiedzi s¹ poprawne.;s¹ normalne i potrzebne, poniewa¿ realizuj¹ szereg wa¿nych funkcji.;Przyjêcie odpowiedniej postawy cia³a lub wykonanie prostych ruchów.;Wdech odbywa siê przez nos, a wydech – przez usta.;Codzienna troska o fizycznoœæ, opieraj¹ca siê na trzech g³ównych filarach: w³aœciwej diecie, odpowiedniej iloœci snu i ruchu.;Tak;;Zdecydowanie tak;Raczej tak;Tak;Zdecydowanie tak;5;5;jak radziæ sobie z emocjami;By³am tego œwiadoma;Wszystkie by³y wa¿ne i potrzebne dla dobrostanu;Myœlê, ¿e nie;10;Z mojej perspektywy szkolenia powinny odbywaæ siê w godzinach pracy co sprzyja³oby skupieniu 
6.2.2025 17:50:20;Akceptujê;nauczycielem;11-15 lat;Szko³a Podstawowa im. J. Wybickiego w Baboszewie;To reakcje, które pojawiaj¹ siê w odpowiedzi na subiektywnie wa¿n¹ dla danej osoby sytuacjê.;s¹ normalne i potrzebne, poniewa¿ realizuj¹ szereg wa¿nych funkcji.;Przyjêcie odpowiedniej postawy cia³a lub wykonanie prostych ruchów.;Wdech odbywa siê przez nos, a wydech – przez usta.;¯adna z powy¿szych.;Tak;nic;Raczej tak;Raczej tak;Tak;Raczej tak;4;4;porady praktyczne;nie;brak takowych;raczej nie;7;brak uwag
6.2.2025 17:50:47;Akceptujê;nauczycielem;21 lat i wiêcej;Szko³a Podstawowa im. J. Wybickiego w Baboszewie;Obie odpowiedzi s¹ poprawne.;mo¿na podzieliæ na dobre (pozytywne) i z³e (negatywne).;Przyjêcie odpowiedniej postawy cia³a lub wykonanie prostych ruchów.;Wdech odbywa siê przez nos, a wydech – przez usta.;Codzienna troska o fizycznoœæ, opieraj¹ca siê na trzech g³ównych filarach: w³aœciwej diecie, odpowiedniej iloœci snu i ruchu.;Tak;;Zdecydowanie tak;Zdecydowanie tak;Tak;Zdecydowanie tak;5;5;wszystkie;tak;ró¿ne;nie;10;nie
6.2.2025 17:51:32;Akceptujê;nauczycielem;21 lat i wiêcej;Szko³a Podstawowa im. J. Wybickiego w Baboszewie;To reakcje, które pojawiaj¹ siê w odpowiedzi na subiektywnie wa¿n¹ dla danej osoby sytuacjê.;mo¿na podzieliæ na dobre (pozytywne) i z³e (negatywne).;Przyjêcie odpowiedniej postawy cia³a lub wykonanie prostych ruchów.;Wdech odbywa siê przez usta, a wydech – przez nos.;Optymistyczne nastawienie do codziennoœci i koncentrowanie siê na pozytywnych aspektach w³asnego ¿ycia.;Tak;NIE;Zdecydowanie tak;Zdecydowanie tak;Tak;Zdecydowanie tak;5;4;Pomog¹ odpowiednio reagowaæ i zachowywaæ siê !;Czêœciowo !;NIE;NIE;9;NIE - Dziêkujê !
6.2.2025 17:51:52;Akceptujê;nauczycielem;6-10 lat;Szko³a Podstawowa im. J. Wybickiego w Baboszewie;Obie odpowiedzi s¹ poprawne.;s¹ normalne i potrzebne, poniewa¿ realizuj¹ szereg wa¿nych funkcji.;Przyjêcie odpowiedniej postawy cia³a lub wykonanie prostych ruchów.;Wdech odbywa siê przez nos, a wydech – przez usta.;Codzienna troska o fizycznoœæ, opieraj¹ca siê na trzech g³ównych filarach: w³aœciwej diecie, odpowiedniej iloœci snu i ruchu.;Tak;;Zdecydowanie tak;Zdecydowanie tak;Tak;Zdecydowanie tak;5;5;wszystkie przekazane treœci;nie;nie ;nie;10;nie
6.2.2025 17:53:13;Akceptujê;dyrektorem/wicedyrektorem;21 lat i wiêcej;Szko³a Podstawowa im. J. Wybickiego w Baboszewie;Obie odpowiedzi s¹ poprawne.;s¹ normalne i potrzebne, poniewa¿ realizuj¹ szereg wa¿nych funkcji.;Przyjêcie odpowiedniej postawy cia³a lub wykonanie prostych ruchów.;Wdech odbywa siê przez nos, a wydech – przez usta.;Codzienna troska o fizycznoœæ, opieraj¹ca siê na trzech g³ównych filarach: w³aœciwej diecie, odpowiedniej iloœci snu i ruchu.;Tak;;Zdecydowanie tak;Zdecydowanie tak;Tak;Zdecydowanie tak;5;5;Sposoby zmniejszania podatnoœæ na odczuwanie trudnych emocji;Tak;Nie by³o takich;Nie;10;Nie
6.2.2025 17:53:41;Akceptujê;psychologiem;16-20 lat;Szko³a Podstawowa im. J. Wybickiego w Baboszewie;Obie odpowiedzi s¹ poprawne.;s¹ normalne i potrzebne, poniewa¿ realizuj¹ szereg wa¿nych funkcji.;Przyjêcie odpowiedniej postawy cia³a lub wykonanie prostych ruchów.;Wdech odbywa siê przez nos, a wydech – przez usta.;Codzienna troska o fizycznoœæ, opieraj¹ca siê na trzech g³ównych filarach: w³aœciwej diecie, odpowiedniej iloœci snu i ruchu.;Tak;;Zdecydowanie tak;Zdecydowanie tak;Tak;Zdecydowanie tak;5;5;Æwiczenia ;Kolejny raz chcê patrzeæ na reakcje rozmówców przez pryzmat ich potrzeb.;Nie;Nie;9;Nie
6.2.2025 17:53:59;Akceptujê;nauczycielem;1-5 lat;Szko³a Podstawowa im. J. Wybickiego w Baboszewie;Obie odpowiedzi s¹ poprawne.;mo¿na podzieliæ na dobre (pozytywne) i z³e (negatywne).;Przyjêcie odpowiedniej postawy cia³a lub wykonanie prostych ruchów.;Wdech odbywa siê przez nos, a wydech – przez usta.;Optymistyczne nastawienie do codziennoœci i koncentrowanie siê na pozytywnych aspektach w³asnego ¿ycia.;Tak;jest wszystko w porz¹dku;Zdecydowanie tak;Raczej tak;Tak;Zdecydowanie tak;5;5;jak radziæ sobie w sytuacjach ;tak, jest wiele takich zagadnieñ;nie ma zbêdnych treœci;nie;10;nie
6.2.2025 17:58:55;Akceptujê;nauczycielem;21 lat i wiêcej;Szko³a Podstawowa im. J. Wybickiego w Baboszewie;Obie odpowiedzi s¹ poprawne.;s¹ normalne i potrzebne, poniewa¿ realizuj¹ szereg wa¿nych funkcji.;Przyjêcie odpowiedniej postawy cia³a lub wykonanie prostych ruchów.;Wdech odbywa siê przez nos, a wydech – przez usta.;Optymistyczne nastawienie do codziennoœci i koncentrowanie siê na pozytywnych aspektach w³asnego ¿ycia.;Tak;;Zdecydowanie tak;Zdecydowanie tak;Tak;Zdecydowanie tak;5;5;Treningi oddechowe, wykorzystam je w momencie kryzysowym lub wspólnie z uczniami;Pomoc w praktyce -  roz³adowanie stresu poprzez zastosowanie æwiczeñ oddechowych. Bardzo pomocna aplikacja - Nie panikuj, która jest dostêpna za darmo dla nas, dla uczniów, dla rodziców.;Nie by³o takich;Nie;10;Nie
6.2.2025 17:59:09;Akceptujê;nauczycielem;16-20 lat;Szko³a Podstawowa im. J. Wybickiego w Baboszewie;Obie odpowiedzi s¹ poprawne.;s¹ normalne i potrzebne, poniewa¿ realizuj¹ szereg wa¿nych funkcji.;Przyjêcie odpowiedniej postawy cia³a lub wykonanie prostych ruchów.;Wdech odbywa siê przez nos, a wydech – przez usta.;Optymistyczne nastawienie do codziennoœci i koncentrowanie siê na pozytywnych aspektach w³asnego ¿ycia.;Tak;;Zdecydowanie tak;Zdecydowanie tak;Tak;Zdecydowanie tak;5;5;Treningi oddechowe. Mogê je wykorzystaæ na lekcji dla uczniów  lub dla siebie w moim kryzysie;pomoc w praktyce - roz³adowanie stresu poprzez zastosowanie æwiczeñ oddechowych. Bardzo pomocna aplikacja nie panikuj która jest dostêpna za darmo dla nauczyciela i ucznia i rodziców. ;nie by³o takich;nie;10;nie
6.2.2025 17:59:29;Akceptujê;nauczycielem;1-5 lat;Szko³a Podstawowa im. J. Wybickiego w Baboszewie;Obie odpowiedzi s¹ poprawne.;s¹ normalne i potrzebne, poniewa¿ realizuj¹ szereg wa¿nych funkcji.;Przyjêcie odpowiedniej postawy cia³a lub wykonanie prostych ruchów.;Wdech odbywa siê przez nos, a wydech – przez usta.;Codzienna troska o fizycznoœæ, opieraj¹ca siê na trzech g³ównych filarach: w³aœciwej diecie, odpowiedniej iloœci snu i ruchu.;Tak;;Zdecydowanie tak;Zdecydowanie tak;Tak;Zdecydowanie tak;5;5;Techniki regulacji emocji;Pozwoli³o mi zrozumieæ sam¹ siebie;Nie ma;nie;10;Szkolenie bardzo przydatne.
6.2.2025 18:06:22;Akceptujê;nauczycielem;21 lat i wiêcej;Szko³a Podstawowa im. J. Wybickiego w Baboszewie;Uruchamiaj¹ ca³y zespó³ zmian w ciele, w sposobie myœlenia i zachowaniu cz³owieka.;mo¿na podzieliæ na dobre (pozytywne) i z³e (negatywne).;Przyjêcie odpowiedniej postawy cia³a lub wykonanie prostych ruchów.;Wdech odbywa siê przez nos, a wydech – przez usta.;Codzienna troska o fizycznoœæ, opieraj¹ca siê na trzech g³ównych filarach: w³aœciwej diecie, odpowiedniej iloœci snu i ruchu.;Tak;nie mam zasterze¿eñ;Zdecydowanie tak;Zdecydowanie tak;Tak;Zdecydowanie tak;5;5;æwiczenia, które mo¿na wykorzystaæ do pracy z dzieæmi na zajêciach;jak skutecznie mo¿na radziæ sobie z w³asnym stresem;nie by³o takich treœci;by³y wyczerpuj¹ce;10;Jestem zadowolona ze szkolenia treœci by³y bardzo ciekawe.
6.3.2025 8:19:44;Akceptujê;nauczycielem;1-5 lat;Szko³a Podstawowa im. J. Wybickiego w Baboszewie;To reakcje, które pojawiaj¹ siê w odpowiedzi na subiektywnie wa¿n¹ dla danej osoby sytuacjê.;s¹ normalne i potrzebne, poniewa¿ realizuj¹ szereg wa¿nych funkcji.;Przyjêcie odpowiedniej postawy cia³a lub wykonanie prostych ruchów.;Wdech odbywa siê przez nos, a wydech – przez usta.;Codzienna troska o fizycznoœæ, opieraj¹ca siê na trzech g³ównych filarach: w³aœciwej diecie, odpowiedniej iloœci snu i ruchu.;Tak;Nic;Zdecydowanie tak;Zdecydowanie tak;Tak;Zdecydowanie tak;5;5;Co robiæ w czasie stresu;Zdanie odnoœnie negatywnych emocji ;Nie;Nie zabrak³o ;10;Nie
6.3.2025 18:33:02;Akceptujê;pedagogiem;11-15 lat;IV Liceum Ogólnokszta³c¹ce im. Krzysztofa Kamila Baczyñskiego w Olkuszu;Obie odpowiedzi s¹ poprawne.;s¹ normalne i potrzebne, poniewa¿ realizuj¹ szereg wa¿nych funkcji.;Przyjêcie odpowiedniej postawy cia³a lub wykonanie prostych ruchów.;Wdech odbywa siê przez nos, a wydech – przez usta.;Codzienna troska o fizycznoœæ, opieraj¹ca siê na trzech g³ównych filarach: w³aœciwej diecie, odpowiedniej iloœci snu i ruchu.;Tak;;Zdecydowanie tak;Zdecydowanie tak;Tak;Zdecydowanie tak;5;5;poznanie sposobów oddechowych;nie;nie;nie;10;nie
6.3.2025 18:35:16;Akceptujê;nauczycielem;6-10 lat;IV Liceum Ogólnokszta³c¹ce im. Krzysztofa Kamila Baczyñskiego w Olkuszu;Obie odpowiedzi s¹ poprawne.;s¹ normalne i potrzebne, poniewa¿ realizuj¹ szereg wa¿nych funkcji.;Przyjêcie odpowiedniej postawy cia³a lub wykonanie prostych ruchów.;Wdech odbywa siê przez nos, a wydech – przez usta.;Codzienna troska o fizycznoœæ, opieraj¹ca siê na trzech g³ównych filarach: w³aœciwej diecie, odpowiedniej iloœci snu i ruchu.;Tak;;Zdecydowanie tak;Zdecydowanie tak;Tak;Zdecydowanie tak;5;5;æwiczenia oddechowe;jak radziæ sobie ze stresem;Nie;Nie;10;Nie
6.3.2025 18:36:09;Akceptujê;nauczycielem;11-15 lat;IV Liceum Ogólnokszta³c¹ce im. Krzysztofa Kamila Baczyñskiego w Olkuszu;Obie odpowiedzi s¹ poprawne.;s¹ normalne i potrzebne, poniewa¿ realizuj¹ szereg wa¿nych funkcji.;Przyjêcie odpowiedniej postawy cia³a lub wykonanie prostych ruchów.;Wdech odbywa siê przez nos, a wydech – przez usta.;Codzienna troska o fizycznoœæ, opieraj¹ca siê na trzech g³ównych filarach: w³aœciwej diecie, odpowiedniej iloœci snu i ruchu.;Tak;-;Zdecydowanie tak;Raczej tak;Tak;Raczej tak;3;3;-;-;-;-;8;-
6.3.2025 18:37:46;Akceptujê;nauczycielem;16-20 lat;IV Liceum Ogólnokszta³c¹ce im. Krzysztofa Kamila Baczyñskiego w Olkuszu;Obie odpowiedzi s¹ poprawne.;s¹ normalne i potrzebne, poniewa¿ realizuj¹ szereg wa¿nych funkcji.;Przyjêcie odpowiedniej postawy cia³a lub wykonanie prostych ruchów.;Wdech odbywa siê przez nos, a wydech – przez usta.;Codzienna troska o fizycznoœæ, opieraj¹ca siê na trzech g³ównych filarach: w³aœciwej diecie, odpowiedniej iloœci snu i ruchu.;Tak;;Zdecydowanie tak;Zdecydowanie tak;Tak;Raczej tak;5;5;Æwiczenia;Metody radzenia sobie ze stresem;nie;nie;9;nie
6.3.2025 18:38:05;Akceptujê;pedagogiem;21 lat i wiêcej;IV Liceum Ogólnokszta³c¹ce im. Krzysztofa Kamila Baczyñskiego w Olkuszu;Obie odpowiedzi s¹ poprawne.;s¹ normalne i potrzebne, poniewa¿ realizuj¹ szereg wa¿nych funkcji.;Przyjêcie odpowiedniej postawy cia³a lub wykonanie prostych ruchów.;Wdech odbywa siê przez nos, a wydech – przez usta.;Codzienna troska o fizycznoœæ, opieraj¹ca siê na trzech g³ównych filarach: w³aœciwej diecie, odpowiedniej iloœci snu i ruchu.;Tak;;Zdecydowanie tak;Zdecydowanie tak;Tak;Zdecydowanie tak;5;5;Bardzo podoba³o mi siê przedstawienie emocji jako wody. Tabletki przeciwbólowe.;Raczej poszerzy³o horyzonty i uporz¹dkowa³o wiedzê;Nie;Nie;10;Dziêkujê, bardzo mila i komunikatywna Pani prowadz¹ca. 
6.3.2025 18:39:05;Akceptujê;pielêgniark¹;21 lat i wiêcej;IV Liceum Ogólnokszta³c¹ce im. Krzysztofa Kamila Baczyñskiego w Olkuszu;Obie odpowiedzi s¹ poprawne.;s¹ normalne i potrzebne, poniewa¿ realizuj¹ szereg wa¿nych funkcji.;Przyjêcie odpowiedniej postawy cia³a lub wykonanie prostych ruchów.;Wdech odbywa siê przez nos, a wydech – przez usta.;Codzienna troska o fizycznoœæ, opieraj¹ca siê na trzech g³ównych filarach: w³aœciwej diecie, odpowiedniej iloœci snu i ruchu.;Tak;;Zdecydowanie tak;Zdecydowanie tak;Tak;Zdecydowanie tak;5;5;Æwiczenie 5 4 3 2 1 bo ju¿ zadzia³a³o;Bardziej siê skupiê na swoich emocjach;Nie ma;By³o wszystko;10;By³o ciekawe, super prowadz¹ca
6.3.2025 18:39:21;Akceptujê;nauczycielem;11-15 lat;IV Liceum Ogólnokszta³c¹ce im. Krzysztofa Kamila Baczyñskiego w Olkuszu;Obie odpowiedzi s¹ poprawne.;s¹ normalne i potrzebne, poniewa¿ realizuj¹ szereg wa¿nych funkcji.;Przyjêcie odpowiedniej postawy cia³a lub wykonanie prostych ruchów.;Wdech odbywa siê przez nos, a wydech – przez usta.;Codzienna troska o fizycznoœæ, opieraj¹ca siê na trzech g³ównych filarach: w³aœciwej diecie, odpowiedniej iloœci snu i ruchu.;Tak;Nic;Zdecydowanie tak;Zdecydowanie tak;Tak;Zdecydowanie tak;5;5;Metody pracy z cia³em w sytuacjach trudnych.;Wzbogaci³o moj¹ wiedzê na temat prawid³owych ruchów oddechowych;Brak;Nie;10;Brak
6.3.2025 18:43:09;Akceptujê;nauczycielem;1-5 lat;IV Liceum Ogólnokszta³c¹ce im. Krzysztofa Kamila Baczyñskiego w Olkuszu;Obie odpowiedzi s¹ poprawne.;s¹ normalne i potrzebne, poniewa¿ realizuj¹ szereg wa¿nych funkcji.;Przyjêcie odpowiedniej postawy cia³a lub wykonanie prostych ruchów.;Wdech odbywa siê przez nos, a wydech – przez usta.;Codzienna troska o fizycznoœæ, opieraj¹ca siê na trzech g³ównych filarach: w³aœciwej diecie, odpowiedniej iloœci snu i ruchu.;Tak;;Raczej tak;Raczej tak;Tak;Raczej tak;5;4;Dot. postawy dominuj¹cej;Tak, dot. pracy cia³a w sytuacjach trudnych;Nie ma takich;Nie;9;Nie
6.4.2025 9:42:46;Akceptujê;psychologiem;1-5 lat;"Niepubliczna Szko³a Podstawowa z Oddzia³ami Integracyjnymi ""Bajkowa Akademia"" w Lublinie";Obie odpowiedzi s¹ poprawne.;s¹ normalne i potrzebne, poniewa¿ realizuj¹ szereg wa¿nych funkcji.;Przyjêcie odpowiedniej postawy cia³a lub wykonanie prostych ruchów.;Wdech odbywa siê przez nos, a wydech – przez usta.;Codzienna troska o fizycznoœæ, opieraj¹ca siê na trzech g³ównych filarach: w³aœciwej diecie, odpowiedniej iloœci snu i ruchu.;Tak;;Zdecydowanie tak;Zdecydowanie tak;Tak;Zdecydowanie tak;3;4;Æwiczenia, które pomagaj¹ wyciszyæ emocje w trudnych sytuacjach ;Nie do koñca ;Nie ;Nie;9;nie 
6.4.2025 17:56:41;Akceptujê;nauczycielem;11-15 lat;Zespó³ Szkolno-Przedszkolny im Jana Brzechwy w Dopiewie;Obie odpowiedzi s¹ poprawne.;s¹ normalne i potrzebne, poniewa¿ realizuj¹ szereg wa¿nych funkcji.;Przyjêcie odpowiedniej postawy cia³a lub wykonanie prostych ruchów.;Wdech odbywa siê przez nos, a wydech – przez usta.;Codzienna troska o fizycznoœæ, opieraj¹ca siê na trzech g³ównych filarach: w³aœciwej diecie, odpowiedniej iloœci snu i ruchu.;Tak;Nic. By³o œwietnie.;Zdecydowanie tak;Zdecydowanie tak;Tak;Zdecydowanie tak;5;5;Praktyczne æwiczenia regulowania emocji. ;Tak. Da³o mi nowe narzêdzia do pracy nad sob¹ :);Nie widzê. ;Nie;10;Œwietne szkolenie. 
6.4.2025 18:00:46;Akceptujê;nauczycielem;1-5 lat;Zespó³ Szkolno-Przedszkolny im Jana Brzechwy w Dopiewie;Obie odpowiedzi s¹ poprawne.;mo¿na podzieliæ na dobre (pozytywne) i z³e (negatywne).;Przyjêcie odpowiedniej postawy cia³a lub wykonanie prostych ruchów.;Wdech odbywa siê przez nos, a wydech – przez usta.;Codzienna troska o fizycznoœæ, opieraj¹ca siê na trzech g³ównych filarach: w³aœciwej diecie, odpowiedniej iloœci snu i ruchu.;Tak;;Zdecydowanie tak;Zdecydowanie tak;Tak;Raczej tak;4;4;"jak¹ ""tabletkê"" przyj¹æ i co najlepiej na mnie zadzia³a";"w jaki sposób mogê wykorzystaæ proste rzeczy do ""ostudzenia"" emocji";brak;brak;9;brak
6.4.2025 18:01:49;Akceptujê;nauczycielem;mniej ni¿ rok;Zespó³ Szkolno-Przedszkolny im Jana Brzechwy w Dopiewie;Obie odpowiedzi s¹ poprawne.;s¹ normalne i potrzebne, poniewa¿ realizuj¹ szereg wa¿nych funkcji.;Przyjêcie odpowiedniej postawy cia³a lub wykonanie prostych ruchów.;Wdech odbywa siê przez nos, a wydech – przez usta.;Codzienna troska o fizycznoœæ, opieraj¹ca siê na trzech g³ównych filarach: w³aœciwej diecie, odpowiedniej iloœci snu i ruchu.;Tak;Nic;Zdecydowanie tak;Raczej tak;Tak;Raczej tak;5;5;Ca³oœæ;Nie;Nie;Nie;9;Nie
6.4.2025 18:03:34;Akceptujê;psychologiem;1-5 lat;Zespó³ Szkolno-Przedszkolny im Jana Brzechwy w Dopiewie;Obie odpowiedzi s¹ poprawne.;s¹ normalne i potrzebne, poniewa¿ realizuj¹ szereg wa¿nych funkcji.;Przyjêcie odpowiedniej postawy cia³a lub wykonanie prostych ruchów.;Wdech odbywa siê przez nos, a wydech – przez usta.;Codzienna troska o fizycznoœæ, opieraj¹ca siê na trzech g³ównych filarach: w³aœciwej diecie, odpowiedniej iloœci snu i ruchu.;Tak;-;Zdecydowanie tak;Zdecydowanie tak;Tak;Zdecydowanie tak;4;4;Wszystkie, pokaza³y praktyczny aspekt odnosz¹cy siê do emocji ;-;Nie;Nie;9;Nie
6.4.2025 18:04:32;Akceptujê;nauczycielem;21 lat i wiêcej;Zespó³ Szkolno-Przedszkolny im Jana Brzechwy w Dopiewie;Obie odpowiedzi s¹ poprawne.;s¹ normalne i potrzebne, poniewa¿ realizuj¹ szereg wa¿nych funkcji.;Przyjêcie odpowiedniej postawy cia³a lub wykonanie prostych ruchów.;Wdech odbywa siê przez nos, a wydech – przez usta.;Codzienna troska o fizycznoœæ, opieraj¹ca siê na trzech g³ównych filarach: w³aœciwej diecie, odpowiedniej iloœci snu i ruchu.;Tak;;Zdecydowanie tak;Raczej tak;Tak;Raczej nie;4;4;Treœci by³y dla mnie oczywiste;nie;nie;nie;8;nie
6.4.2025 18:07:49;Akceptujê;dyrektorem/wicedyrektorem;21 lat i wiêcej;Zespó³ Szkolno-Przedszkolny im Jana Brzechwy w Dopiewie;Obie odpowiedzi s¹ poprawne.;mo¿na podzieliæ na dobre (pozytywne) i z³e (negatywne).;Przyjêcie odpowiedniej postawy cia³a lub wykonanie prostych ruchów.;Wdech odbywa siê przez nos, a wydech – przez usta.;Codzienna troska o fizycznoœæ, opieraj¹ca siê na trzech g³ównych filarach: w³aœciwej diecie, odpowiedniej iloœci snu i ruchu.;Tak;;Zdecydowanie tak;Zdecydowanie tak;Tak;Zdecydowanie tak;5;5;Metody radzenia sobie ze stresem;Poznanie prostych technik uspokajania emocji;Nie;Nie;10;Nie
6.4.2025 18:09:56;Akceptujê;nauczycielem;21 lat i wiêcej;Zespó³ Szkolno-Przedszkolny im Jana Brzechwy w Dopiewie;Obie odpowiedzi s¹ poprawne.;s¹ normalne i potrzebne, poniewa¿ realizuj¹ szereg wa¿nych funkcji.;Przyjêcie odpowiedniej postawy cia³a lub wykonanie prostych ruchów.;Wdech odbywa siê przez nos, a wydech – przez usta.;Codzienna troska o fizycznoœæ, opieraj¹ca siê na trzech g³ównych filarach: w³aœciwej diecie, odpowiedniej iloœci snu i ruchu.;Tak;-;Zdecydowanie tak;Zdecydowanie tak;Tak;Zdecydowanie tak;5;5;Treœci dotycz¹ce tego jak radziæ sobie z w³asnymi emocjami.;Emocje i dbanie o swój dobrostan psychiczny jest bardzo wa¿ne.;-;-;10;-
6.4.2025 18:15:11;Akceptujê;nauczycielem;1-5 lat;Zespó³ Szkolno-Przedszkolny im Jana Brzechwy w Dopiewie;Obie odpowiedzi s¹ poprawne.;s¹ normalne i potrzebne, poniewa¿ realizuj¹ szereg wa¿nych funkcji.;Przyjêcie odpowiedniej postawy cia³a lub wykonanie prostych ruchów.;Wdech odbywa siê przez nos, a wydech – przez usta.;Codzienna troska o fizycznoœæ, opieraj¹ca siê na trzech g³ównych filarach: w³aœciwej diecie, odpowiedniej iloœci snu i ruchu.;Tak;;Zdecydowanie tak;Zdecydowanie tak;Tak;Zdecydowanie tak;4;5;Æwiczenia oddechowe;koniecznoœæ koncentrowania siê równie¿ na sobie;nie;nie;9;nie
6.4.2025 18:28:02;Akceptujê;nauczycielem;21 lat i wiêcej;Zespó³ Szkolno-Przedszkolny im Jana Brzechwy w Dopiewie;Obie odpowiedzi s¹ poprawne.;s¹ normalne i potrzebne, poniewa¿ realizuj¹ szereg wa¿nych funkcji.;Przyjêcie odpowiedniej postawy cia³a lub wykonanie prostych ruchów.;Wdech odbywa siê przez nos, a wydech – przez usta.;Codzienna troska o fizycznoœæ, opieraj¹ca siê na trzech g³ównych filarach: w³aœciwej diecie, odpowiedniej iloœci snu i ruchu.;Tak;;Zdecydowanie tak;Zdecydowanie tak;Tak;Zdecydowanie tak;5;5;Fakt, ¿e fizycznoœæ ma wp³yw na nasz¹ psychikê.;Raczej przypomnia³o, co równie¿ jest bezcenne, ¿e mamy wp³yw na to, jak siê czujemy.;Nie, poniewa¿ w szkoleniu uczestnicz¹ osoby w ró¿nym wieku i bêd¹ce w ró¿nych sytuacjach zawodowych i ¿yciowych.  Jedni ju¿ wiedz¹ sporo i wiedz¹ jak sobie radziæ, dla innych wiele treœci jest nowych. ;Nie.;9;Nie
6.5.2025 17:45:18;Akceptujê;nauczycielem;21 lat i wiêcej;I Liceum Ogólnokszta³c¹ce im M. Kopernika w ¯ywcu;Obie odpowiedzi s¹ poprawne.;s¹ normalne i potrzebne, poniewa¿ realizuj¹ szereg wa¿nych funkcji.;Przyjêcie odpowiedniej postawy cia³a lub wykonanie prostych ruchów.;Wdech odbywa siê przez nos, a wydech – przez usta.;Codzienna troska o fizycznoœæ, opieraj¹ca siê na trzech g³ównych filarach: w³aœciwej diecie, odpowiedniej iloœci snu i ruchu.;Tak;;Zdecydowanie tak;Zdecydowanie tak;Tak;Zdecydowanie tak;5;5;Propozycje æwiczeñ, poniewa¿ pozwol¹ na niwelowanie niepo¿¹danych emocji. ;nie;nie;nie;10;nie
6.5.2025 17:45:31;Akceptujê;nauczycielem;1-5 lat;I Liceum Ogólnokszta³c¹ce im M. Kopernika w ¯ywcu;Obie odpowiedzi s¹ poprawne.;s¹ normalne i potrzebne, poniewa¿ realizuj¹ szereg wa¿nych funkcji.;Przyjêcie odpowiedniej postawy cia³a lub wykonanie prostych ruchów.;Wdech odbywa siê przez nos, a wydech – przez usta.;Codzienna troska o fizycznoœæ, opieraj¹ca siê na trzech g³ównych filarach: w³aœciwej diecie, odpowiedniej iloœci snu i ruchu.;Tak;;Zdecydowanie tak;Zdecydowanie tak;Tak;Zdecydowanie tak;5;5;,,tabletki przeciwbólowe'';Nie, ale ugruntowa³y mnie w moich przekonaniach;Nie;Nie;10;Dziêkujê bardzo za wartoœciowe szkolenie
6.5.2025 17:45:45;Akceptujê;psychologiem;1-5 lat;I Liceum Ogólnokszta³c¹ce im M. Kopernika w ¯ywcu;Obie odpowiedzi s¹ poprawne.;s¹ normalne i potrzebne, poniewa¿ realizuj¹ szereg wa¿nych funkcji.;Przyjêcie odpowiedniej postawy cia³a lub wykonanie prostych ruchów.;Wdech odbywa siê przez nos, a wydech – przez usta.;Optymistyczne nastawienie do codziennoœci i koncentrowanie siê na pozytywnych aspektach w³asnego ¿ycia.;Tak;;Zdecydowanie tak;Zdecydowanie tak;Tak;Zdecydowanie tak;5;5;Æwiczenia na poradzenie sobie z emocjami;Œwiadomoœci swoich emocji i akceptacji ich;Nie by³o takich;Nie;10;Dziêkujê za rzeteln¹ merytoryczn¹ i praktyczn¹ wiedzê
6.5.2025 17:45:50;Akceptujê;nauczycielem;21 lat i wiêcej;I Liceum Ogólnokszta³c¹ce im M. Kopernika w ¯ywcu;Uruchamiaj¹ ca³y zespó³ zmian w ciele, w sposobie myœlenia i zachowaniu cz³owieka.;s¹ normalne i potrzebne, poniewa¿ realizuj¹ szereg wa¿nych funkcji.;Przyjêcie odpowiedniej postawy cia³a lub wykonanie prostych ruchów.;Wdech odbywa siê przez nos, a wydech – przez usta.;Nie wiem;Tak;nie wiem;Raczej tak;Raczej tak;Tak;Raczej tak;4;4;nie wiem;raczej nie;trudno powiedzieæ;nie mam pojêcia;9;dziêkujê
6.5.2025 17:45:53;Akceptujê;nauczycielem;21 lat i wiêcej;I Liceum Ogólnokszta³c¹ce im M. Kopernika w ¯ywcu;Obie odpowiedzi s¹ poprawne.;s¹ normalne i potrzebne, poniewa¿ realizuj¹ szereg wa¿nych funkcji.;Przyjêcie odpowiedniej postawy cia³a lub wykonanie prostych ruchów.;Wdech odbywa siê przez nos, a wydech – przez usta.;Optymistyczne nastawienie do codziennoœci i koncentrowanie siê na pozytywnych aspektach w³asnego ¿ycia.;Tak;;Zdecydowanie tak;Zdecydowanie tak;Tak;Zdecydowanie tak;5;5;wiêkszoœæ æwiczeñ;ugruntowa³o to, co wiedzia³am;nie by³o zbêdnych treœci;nie;10;nie
6.5.2025 17:46:34;Akceptujê;nauczycielem;21 lat i wiêcej;I Liceum Ogólnokszta³c¹ce im M. Kopernika w ¯ywcu;Obie odpowiedzi s¹ poprawne.;s¹ normalne i potrzebne, poniewa¿ realizuj¹ szereg wa¿nych funkcji.;Przyjêcie odpowiedniej postawy cia³a lub wykonanie prostych ruchów.;Wdech odbywa siê przez nos, a wydech – przez usta.;Codzienna troska o fizycznoœæ, opieraj¹ca siê na trzech g³ównych filarach: w³aœciwej diecie, odpowiedniej iloœci snu i ruchu.;Tak;;Zdecydowanie tak;Zdecydowanie tak;Nie, nie by³o przestrzeni do dyskusji;Raczej tak;3;4;æwiczenia w uspokojeniu emocji;Nie;Nie;Zabrak³o dyskusji, wymiany myœli;8;Nie
6.5.2025 17:46:57;Akceptujê;Sekretarz szko³y ;21 lat i wiêcej;I Liceum Ogólnokszta³c¹ce im M. Kopernika w ¯ywcu;Obie odpowiedzi s¹ poprawne.;mo¿na podzieliæ na dobre (pozytywne) i z³e (negatywne).;Przyjêcie odpowiedniej postawy cia³a lub wykonanie prostych ruchów.;Wdech odbywa siê przez nos, a wydech – przez usta.;Codzienna troska o fizycznoœæ, opieraj¹ca siê na trzech g³ównych filarach: w³aœciwej diecie, odpowiedniej iloœci snu i ruchu.;Tak;;Zdecydowanie tak;Zdecydowanie tak;Tak;Raczej tak;4;4;Cwiczenia;Raczej tak;Nie;Nie;10;Nie
6.5.2025 17:47:21;Akceptujê;nauczycielem;6-10 lat;I Liceum Ogólnokszta³c¹ce im M. Kopernika w ¯ywcu;Obie odpowiedzi s¹ poprawne.;s¹ normalne i potrzebne, poniewa¿ realizuj¹ szereg wa¿nych funkcji.;Przyjêcie odpowiedniej postawy cia³a lub wykonanie prostych ruchów.;Wdech odbywa siê przez nos, a wydech – przez usta.;Codzienna troska o fizycznoœæ, opieraj¹ca siê na trzech g³ównych filarach: w³aœciwej diecie, odpowiedniej iloœci snu i ruchu.;Tak;;Zdecydowanie tak;Zdecydowanie tak;Tak;Zdecydowanie tak;5;5;Konkretne æwiczenia na wyciszenie ;Myœlê, ¿e nie;Nie mam;Nie;9;Nie
6.5.2025 17:47:44;Akceptujê;nauczycielem;21 lat i wiêcej;I Liceum Ogólnokszta³c¹ce im M. Kopernika w ¯ywcu;Obie odpowiedzi s¹ poprawne.;s¹ normalne i potrzebne, poniewa¿ realizuj¹ szereg wa¿nych funkcji.;Przyjêcie odpowiedniej postawy cia³a lub wykonanie prostych ruchów.;Wdech odbywa siê przez nos, a wydech – przez usta.;Optymistyczne nastawienie do codziennoœci i koncentrowanie siê na pozytywnych aspektach w³asnego ¿ycia.;Tak;;Raczej tak;Raczej tak;Tak;Raczej tak;4;4;Sposoby na budowanie stabilnoœci emocjonalnej;Postrzegania sposobów radzenia sobie z trudnymi emocjami;Nie;Nie;9;Nie
6.5.2025 17:48:07;Akceptujê;nauczycielem;21 lat i wiêcej;I Liceum Ogólnokszta³c¹ce im M. Kopernika w ¯ywcu;Obie odpowiedzi s¹ poprawne.;mo¿na podzieliæ na dobre (pozytywne) i z³e (negatywne).;Przyjêcie odpowiedniej postawy cia³a lub wykonanie prostych ruchów.;Wdech odbywa siê przez nos, a wydech – przez usta.;Codzienna troska o fizycznoœæ, opieraj¹ca siê na trzech g³ównych filarach: w³aœciwej diecie, odpowiedniej iloœci snu i ruchu.;Tak;;Zdecydowanie tak;Zdecydowanie tak;Tak;Zdecydowanie tak;5;5;reagowanie na emocje;nie zmieni³o lecz przypomnia³o;nie;nie;10;nie
6.5.2025 17:50:26;Akceptujê;nauczycielem;21 lat i wiêcej;I Liceum Ogólnokszta³c¹ce im M. Kopernika w ¯ywcu;Obie odpowiedzi s¹ poprawne.;s¹ normalne i potrzebne, poniewa¿ realizuj¹ szereg wa¿nych funkcji.;Przyjêcie odpowiedniej postawy cia³a lub wykonanie prostych ruchów.;Wdech odbywa siê przez nos, a wydech – przez usta.;Codzienna troska o fizycznoœæ, opieraj¹ca siê na trzech g³ównych filarach: w³aœciwej diecie, odpowiedniej iloœci snu i ruchu.;Tak;-;Zdecydowanie tak;Zdecydowanie tak;Tak;Zdecydowanie tak;5;5;ÆWICZENIA ODPRÊ¯AJ¥CE;Tak;-;-;10;-
6.5.2025 17:50:40;Akceptujê;nauczycielem;21 lat i wiêcej;I Liceum Ogólnokszta³c¹ce im M. Kopernika w ¯ywcu;Obie odpowiedzi s¹ poprawne.;mo¿na podzieliæ na dobre (pozytywne) i z³e (negatywne).;Przyjêcie odpowiedniej postawy cia³a lub wykonanie prostych ruchów.;Wdech odbywa siê przez nos, a wydech – przez usta.;Optymistyczne nastawienie do codziennoœci i koncentrowanie siê na pozytywnych aspektach w³asnego ¿ycia.;Tak;;Zdecydowanie tak;Zdecydowanie tak;Tak;Zdecydowanie tak;5;4;wszystkie;tak;nie;raczej nie;10;nie
6.5.2025 17:51:38;Akceptujê;nauczycielem;11-15 lat;I Liceum Ogólnokszta³c¹ce im M. Kopernika w ¯ywcu;Obie odpowiedzi s¹ poprawne.;s¹ normalne i potrzebne, poniewa¿ realizuj¹ szereg wa¿nych funkcji.;Przyjêcie odpowiedniej postawy cia³a lub wykonanie prostych ruchów.;Wdech odbywa siê przez nos, a wydech – przez usta.;Codzienna troska o fizycznoœæ, opieraj¹ca siê na trzech g³ównych filarach: w³aœciwej diecie, odpowiedniej iloœci snu i ruchu.;Tak;;Raczej tak;Raczej tak;Tak;Raczej tak;5;5;metody relaksacji;jestem spokojniejsza;nie;nie;9;nie
6.5.2025 17:52:23;Akceptujê;nauczycielem;1-5 lat;I Liceum Ogólnokszta³c¹ce im M. Kopernika w ¯ywcu;Obie odpowiedzi s¹ poprawne.;s¹ normalne i potrzebne, poniewa¿ realizuj¹ szereg wa¿nych funkcji.;Przyjêcie odpowiedniej postawy cia³a lub wykonanie prostych ruchów.;Wdech odbywa siê przez nos, a wydech – przez usta.;Codzienna troska o fizycznoœæ, opieraj¹ca siê na trzech g³ównych filarach: w³aœciwej diecie, odpowiedniej iloœci snu i ruchu.;Tak;;Zdecydowanie tak;Zdecydowanie tak;Tak;Zdecydowanie tak;5;5;podane sposoby regulowania emocji;Nie;Nie;Nie;10;Dziêkujê
6.5.2025 20:25:12;Akceptujê;nauczycielem;21 lat i wiêcej;"Niepubliczna Szko³a Podstawowa z Oddzia³ami Integracyjnymi ""Bajkowa Akademia"" w Lublinie";Obie odpowiedzi s¹ poprawne.;mo¿na podzieliæ na dobre (pozytywne) i z³e (negatywne).;Przyjêcie odpowiedniej postawy cia³a lub wykonanie prostych ruchów.;Wdech odbywa siê przez nos, a wydech – przez usta.;Optymistyczne nastawienie do codziennoœci i koncentrowanie siê na pozytywnych aspektach w³asnego ¿ycia.;Tak;;Zdecydowanie tak;Zdecydowanie tak;Tak;Zdecydowanie tak;5;5;Wszystkie Zawsze krok do przodu;Zastanawianie siê nad prze¿ywaniem swoich emocji;Nie;Nie;10;Nie
6.9.2025 17:57:50;Akceptujê;nauczycielem;6-10 lat;Zespó³ Szkó³ Licealnych im Boles³awa Chrobrego w Le¿ajsku;Obie odpowiedzi s¹ poprawne.;s¹ normalne i potrzebne, poniewa¿ realizuj¹ szereg wa¿nych funkcji.;Przyjêcie odpowiedniej postawy cia³a lub wykonanie prostych ruchów.;Wdech odbywa siê przez nos, a wydech – przez usta.;Codzienna troska o fizycznoœæ, opieraj¹ca siê na trzech g³ównych filarach: w³aœciwej diecie, odpowiedniej iloœci snu i ruchu.;Tak;;Zdecydowanie tak;Zdecydowanie tak;Tak;Zdecydowanie tak;5;5;Wszystkie;Tak;Nie;Nie;10;Nie
6.9.2025 17:58:34;Akceptujê;wychowawca internatu;21 lat i wiêcej;Zespó³ Szkó³ Licealnych im Boles³awa Chrobrego w Le¿ajsku;Obie odpowiedzi s¹ poprawne.;s¹ normalne i potrzebne, poniewa¿ realizuj¹ szereg wa¿nych funkcji.;Przyjêcie odpowiedniej postawy cia³a lub wykonanie prostych ruchów.;Wdech odbywa siê przez nos, a wydech – przez usta.;Codzienna troska o fizycznoœæ, opieraj¹ca siê na trzech g³ównych filarach: w³aœciwej diecie, odpowiedniej iloœci snu i ruchu.;Tak;;Zdecydowanie tak;Zdecydowanie tak;Tak;Zdecydowanie tak;5;5;.;.;Nie;Nie;10;Nie
6.9.2025 17:58:54;Akceptujê;pedagogiem;16-20 lat;Zespó³ Szkó³ Licealnych im Boles³awa Chrobrego w Le¿ajsku;Obie odpowiedzi s¹ poprawne.;s¹ normalne i potrzebne, poniewa¿ realizuj¹ szereg wa¿nych funkcji.;Przyjêcie odpowiedniej postawy cia³a lub wykonanie prostych ruchów.;Wdech odbywa siê przez nos, a wydech – przez usta.;Codzienna troska o fizycznoœæ, opieraj¹ca siê na trzech g³ównych filarach: w³aœciwej diecie, odpowiedniej iloœci snu i ruchu.;Tak;;Zdecydowanie tak;Zdecydowanie tak;Tak;Zdecydowanie tak;5;5;postawa cia³a i æwiczenia;tak, trzeba siê zatrzymaæ relaksowaæ, znale¿æ sposób na odreagowanie;Wszystkie by³y potrzebne;wszystko by³o ok, nic nie zabrak³o;10;Bardzo dziêkuje za to szkolenie :)
6.9.2025 17:58:54;Akceptujê;nauczycielem;6-10 lat;Zespó³ Szkó³ Licealnych im Boles³awa Chrobrego w Le¿ajsku;Uruchamiaj¹ ca³y zespó³ zmian w ciele, w sposobie myœlenia i zachowaniu cz³owieka.;mo¿na podzieliæ na dobre (pozytywne) i z³e (negatywne).;Przyjêcie odpowiedniej postawy cia³a lub wykonanie prostych ruchów.;Wdech odbywa siê przez nos, a wydech – przez usta.;Codzienna troska o fizycznoœæ, opieraj¹ca siê na trzech g³ównych filarach: w³aœciwej diecie, odpowiedniej iloœci snu i ruchu.;Tak;;Zdecydowanie tak;Zdecydowanie tak;Tak;Zdecydowanie tak;5;5;Ziom;Sposobów relaksacji;Nie;Nie;10;Nie
6.9.2025 17:59:04;Akceptujê;Wychowawca internatu;1-5 lat;Zespó³ Szkó³ Licealnych im Boles³awa Chrobrego w Le¿ajsku;Obie odpowiedzi s¹ poprawne.;mo¿na podzieliæ na dobre (pozytywne) i z³e (negatywne).;Przyjêcie odpowiedniej postawy cia³a lub wykonanie prostych ruchów.;Wdech odbywa siê przez nos, a wydech – przez usta.;Codzienna troska o fizycznoœæ, opieraj¹ca siê na trzech g³ównych filarach: w³aœciwej diecie, odpowiedniej iloœci snu i ruchu.;Tak;;Raczej tak;Raczej tak;Tak;Raczej tak;5;5;Wszystkie;Tak;Nie;Nie;10;Nie
6.9.2025 17:59:43;Akceptujê;kierownikiem internatu;21 lat i wiêcej;Zespó³ Szkó³ Licealnych im Boles³awa Chrobrego w Le¿ajsku;Obie odpowiedzi s¹ poprawne.;s¹ normalne i potrzebne, poniewa¿ realizuj¹ szereg wa¿nych funkcji.;Przyjêcie odpowiedniej postawy cia³a lub wykonanie prostych ruchów.;Wdech odbywa siê przez nos, a wydech – przez usta.;Codzienna troska o fizycznoœæ, opieraj¹ca siê na trzech g³ównych filarach: w³aœciwej diecie, odpowiedniej iloœci snu i ruchu.;Tak;;Zdecydowanie tak;Zdecydowanie tak;Tak;Raczej tak;5;5;Uspokojenie, wyciszenie emocji w krótkim czasie;Tak, wartoœæ poznania swojego cia³a i pracy z nim.;Nie;Raczej nie;10;Nie
6.9.2025 18:00:03;Akceptujê;nauczycielem;mniej ni¿ rok;Zespó³ Szkó³ Licealnych im Boles³awa Chrobrego w Le¿ajsku;Uruchamiaj¹ ca³y zespó³ zmian w ciele, w sposobie myœlenia i zachowaniu cz³owieka.;s¹ normalne i potrzebne, poniewa¿ realizuj¹ szereg wa¿nych funkcji.;Przyjêcie odpowiedniej postawy cia³a lub wykonanie prostych ruchów.;Wdech odbywa siê przez nos, a wydech – przez usta.;Codzienna troska o fizycznoœæ, opieraj¹ca siê na trzech g³ównych filarach: w³aœciwej diecie, odpowiedniej iloœci snu i ruchu.;Tak;;Zdecydowanie tak;Raczej tak;Tak;Raczej tak;4;5;Wszystkie by³y cenne;Nie;Nie;Nie;10;Nie
6.9.2025 18:00:05;Akceptujê;nauczycielem;21 lat i wiêcej;Zespó³ Szkó³ Licealnych im Boles³awa Chrobrego w Le¿ajsku;Obie odpowiedzi s¹ poprawne.;mo¿na podzieliæ na dobre (pozytywne) i z³e (negatywne).;Przyjêcie odpowiedniej postawy cia³a lub wykonanie prostych ruchów.;Wdech odbywa siê przez nos, a wydech – przez usta.;Codzienna troska o fizycznoœæ, opieraj¹ca siê na trzech g³ównych filarach: w³aœciwej diecie, odpowiedniej iloœci snu i ruchu.;Tak;;Zdecydowanie tak;Zdecydowanie tak;Tak;Zdecydowanie tak;5;5;Jak wyciszyæ siê w sytuacji zdenerwowania, opanowanie w relacjach z uczniami;Jak mo¿na szybko uspokoiæ sie;Raczej nie;Trudno powiedzieæ;9;Nie
6.9.2025 18:00:38;Akceptujê;nauczyciel -  wychowawca internatu ;21 lat i wiêcej;Zespó³ Szkó³ Licealnych im Boles³awa Chrobrego w Le¿ajsku;Obie odpowiedzi s¹ poprawne.;mo¿na podzieliæ na dobre (pozytywne) i z³e (negatywne).;Przyjêcie odpowiedniej postawy cia³a lub wykonanie prostych ruchów.;Wdech odbywa siê przez nos, a wydech – przez usta.;Optymistyczne nastawienie do codziennoœci i koncentrowanie siê na pozytywnych aspektach w³asnego ¿ycia.;Tak;brak;Zdecydowanie tak;Zdecydowanie tak;Tak;Zdecydowanie tak;5;5;æwiczenia rychowe ;zagadnienia by³y bardzo ciekawie prowadzine;szkolenie profesjonalne;brak;9;brak
6.9.2025 18:00:44;Akceptujê;pedagogiem;16-20 lat;Zespó³ Szkó³ Licealnych im Boles³awa Chrobrego w Le¿ajsku;Obie odpowiedzi s¹ poprawne.;s¹ normalne i potrzebne, poniewa¿ realizuj¹ szereg wa¿nych funkcji.;Przyjêcie odpowiedniej postawy cia³a lub wykonanie prostych ruchów.;Wdech odbywa siê przez nos, a wydech – przez usta.;Codzienna troska o fizycznoœæ, opieraj¹ca siê na trzech g³ównych filarach: w³aœciwej diecie, odpowiedniej iloœci snu i ruchu.;Tak;;Zdecydowanie tak;Zdecydowanie tak;Tak;Zdecydowanie tak;5;5;æwiczenia ;ciekawe porównanie emocji do wody ;Nie;Nie ;9;Zapewnienie kilku minut ciszy przed szkoleniem na wype³nienie ankiety. 
6.9.2025 18:00:52;Akceptujê;wychowawca internatu;21 lat i wiêcej;Zespó³ Szkó³ Licealnych im Boles³awa Chrobrego w Le¿ajsku;Obie odpowiedzi s¹ poprawne.;mo¿na podzieliæ na dobre (pozytywne) i z³e (negatywne).;Przyjêcie odpowiedniej postawy cia³a lub wykonanie prostych ruchów.;Wdech odbywa siê przez nos, a wydech – przez usta.;¯adna z powy¿szych.;Tak;;Zdecydowanie tak;Raczej tak;Tak;Zdecydowanie tak;5;5;Sposoby roz³adowania emocji;Æwiczenia relaksacyjne;brak uwag;nie;10;nie
6.9.2025 18:01:46;Akceptujê;nauczycielem;11-15 lat;Zespó³ Szkó³ Licealnych im Boles³awa Chrobrego w Le¿ajsku;To reakcje, które pojawiaj¹ siê w odpowiedzi na subiektywnie wa¿n¹ dla danej osoby sytuacjê.;mo¿na podzieliæ na dobre (pozytywne) i z³e (negatywne).;Przyjêcie odpowiedniej postawy cia³a lub wykonanie prostych ruchów.;Wdech odbywa siê przez nos, a wydech – przez usta.;Codzienna troska o fizycznoœæ, opieraj¹ca siê na trzech g³ównych filarach: w³aœciwej diecie, odpowiedniej iloœci snu i ruchu.;Tak;Nuc;Zdecydowanie tak;Zdecydowanie tak;Tak;Zdecydowanie tak;5;5;Wszystkie;Nie;Nie;Tak;10;Nue
6.9.2025 18:02:36;Akceptujê;nauczycielem;21 lat i wiêcej;Zespó³ Szkó³ Licealnych im Boles³awa Chrobrego w Le¿ajsku;Obie odpowiedzi s¹ poprawne.;s¹ normalne i potrzebne, poniewa¿ realizuj¹ szereg wa¿nych funkcji.;Przyjêcie odpowiedniej postawy cia³a lub wykonanie prostych ruchów.;Wdech odbywa siê przez nos, a wydech – przez usta.;Codzienna troska o fizycznoœæ, opieraj¹ca siê na trzech g³ównych filarach: w³aœciwej diecie, odpowiedniej iloœci snu i ruchu.;Tak;;Zdecydowanie tak;Zdecydowanie tak;Tak;Zdecydowanie tak;5;5;wszystko jest pzrydatne;wiele;nie;nie;10;nie
6.9.2025 18:03:49;Akceptujê;nauczycielem;1-5 lat;Zespó³ Szkó³ Licealnych im Boles³awa Chrobrego w Le¿ajsku;Obie odpowiedzi s¹ poprawne.;s¹ normalne i potrzebne, poniewa¿ realizuj¹ szereg wa¿nych funkcji.;Przyjêcie odpowiedniej postawy cia³a lub wykonanie prostych ruchów.;Wdech odbywa siê przez nos, a wydech – przez usta.;Codzienna troska o fizycznoœæ, opieraj¹ca siê na trzech g³ównych filarach: w³aœciwej diecie, odpowiedniej iloœci snu i ruchu.;Tak;;Raczej tak;Raczej tak;Tak;Raczej tak;4;4;-;-;-;-;8;-
6.9.2025 18:05:06;Akceptujê;nauczycielem;1-5 lat;Zespó³ Szkó³ Licealnych im Boles³awa Chrobrego w Le¿ajsku;Obie odpowiedzi s¹ poprawne.;s¹ normalne i potrzebne, poniewa¿ realizuj¹ szereg wa¿nych funkcji.;Przyjêcie odpowiedniej postawy cia³a lub wykonanie prostych ruchów.;Wdech odbywa siê przez nos, a wydech – przez usta.;Codzienna troska o fizycznoœæ, opieraj¹ca siê na trzech g³ównych filarach: w³aœciwej diecie, odpowiedniej iloœci snu i ruchu.;Tak;;Zdecydowanie tak;Zdecydowanie tak;Tak;Zdecydowanie tak;5;5;Na pewno porównanie emocji do wody, która jest niezbêdna do prawid³owego funkcjonowania, oraz to, ¿e wszystkie emocje s¹ potrzebne. ;Nie;Nie;Nie;10;Nie
6.9.2025 18:05:18;Akceptujê;nauczycielem;21 lat i wiêcej;Zespó³ Szkó³ Licealnych im Boles³awa Chrobrego w Le¿ajsku;Obie odpowiedzi s¹ poprawne.;s¹ normalne i potrzebne, poniewa¿ realizuj¹ szereg wa¿nych funkcji.;Przyjêcie odpowiedniej postawy cia³a lub wykonanie prostych ruchów.;Wdech odbywa siê przez nos, a wydech – przez usta.;Codzienna troska o fizycznoœæ, opieraj¹ca siê na trzech g³ównych filarach: w³aœciwej diecie, odpowiedniej iloœci snu i ruchu.;Tak;;Zdecydowanie tak;Zdecydowanie tak;Tak;Zdecydowanie tak;5;5;techniki relaksacji;raczej nie;nie;nie;10;nie
6.9.2025 18:05:36;Akceptujê;pedagogiem;21 lat i wiêcej;Zespó³ Szkó³ Licealnych im Boles³awa Chrobrego w Le¿ajsku;Uruchamiaj¹ ca³y zespó³ zmian w ciele, w sposobie myœlenia i zachowaniu cz³owieka.;s¹ normalne i potrzebne, poniewa¿ realizuj¹ szereg wa¿nych funkcji.;Przyjêcie odpowiedniej postawy cia³a lub wykonanie prostych ruchów.;Wdech odbywa siê przez nos, a wydech – przez usta.;Codzienna troska o fizycznoœæ, opieraj¹ca siê na trzech g³ównych filarach: w³aœciwej diecie, odpowiedniej iloœci snu i ruchu.;Tak;;Raczej tak;Raczej tak;Tak;Raczej tak;4;4;oddech;tak;nie by³o;nie;8;nie
6.9.2025 18:07:08;Akceptujê;Nauczyciel-wychowawca internatu;6-10 lat;Zespó³ Szkó³ Licealnych im Boles³awa Chrobrego w Le¿ajsku;Obie odpowiedzi s¹ poprawne.;s¹ normalne i potrzebne, poniewa¿ realizuj¹ szereg wa¿nych funkcji.;Przyjêcie odpowiedniej postawy cia³a lub wykonanie prostych ruchów.;Wdech odbywa siê przez nos, a wydech – przez usta.;Codzienna troska o fizycznoœæ, opieraj¹ca siê na trzech g³ównych filarach: w³aœciwej diecie, odpowiedniej iloœci snu i ruchu.;Tak;;Zdecydowanie tak;Zdecydowanie tak;Tak;Zdecydowanie tak;5;5;Najbardziej przydatne wed³ug mnie bêd¹ przedstawione wszystkie æwiczenia praktyczne;nie zmieni³o, a raczej uszeregowa³o wiedzê teoretyczn¹ i praktyczn¹;Nie;Myœlê, ¿e wszystko by³o przekazane, na pocz¹tku spotkania zosta³a przedstawiona wiedza teoretyczna a nastêpnie masê æwiczeñ praktycznych do wykorzystania;10;Nie mam
6.9.2025 18:07:40;Akceptujê;nauczycielem;1-5 lat;Zespó³ Szkó³ Licealnych im Boles³awa Chrobrego w Le¿ajsku;Obie odpowiedzi s¹ poprawne.;s¹ normalne i potrzebne, poniewa¿ realizuj¹ szereg wa¿nych funkcji.;Przyjêcie odpowiedniej postawy cia³a lub wykonanie prostych ruchów.;Wdech odbywa siê przez nos, a wydech – przez usta.;Codzienna troska o fizycznoœæ, opieraj¹ca siê na trzech g³ównych filarach: w³aœciwej diecie, odpowiedniej iloœci snu i ruchu.;Tak;;Zdecydowanie tak;Zdecydowanie tak;Tak;Zdecydowanie tak;5;5;Brak;Brak;Brak;Bark;10;Brak 
6.9.2025 18:08:31;Akceptujê;pedagogiem;21 lat i wiêcej;Zespó³ Szkó³ Licealnych im Boles³awa Chrobrego w Le¿ajsku;Obie odpowiedzi s¹ poprawne.;s¹ normalne i potrzebne, poniewa¿ realizuj¹ szereg wa¿nych funkcji.;Przyjêcie odpowiedniej postawy cia³a lub wykonanie prostych ruchów.;Wdech odbywa siê przez nos, a wydech – przez usta.;Codzienna troska o fizycznoœæ, opieraj¹ca siê na trzech g³ównych filarach: w³aœciwej diecie, odpowiedniej iloœci snu i ruchu.;Tak;Nie;Zdecydowanie tak;Zdecydowanie tak;Tak;Zdecydowanie tak;5;5;Æwiczenia oddechowe;Tak, nale¿y zachowaæ spokój i zadbaæ o swój dobrostan;NIe;Nie;10;Nie
6.9.2025 18:08:45;Akceptujê;nauczycielem;1-5 lat;Zespó³ Szkó³ Licealnych im Boles³awa Chrobrego w Le¿ajsku;Obie odpowiedzi s¹ poprawne.;s¹ normalne i potrzebne, poniewa¿ realizuj¹ szereg wa¿nych funkcji.;Przyjêcie odpowiedniej postawy cia³a lub wykonanie prostych ruchów.;Wdech odbywa siê przez nos, a wydech – przez usta.;Codzienna troska o fizycznoœæ, opieraj¹ca siê na trzech g³ównych filarach: w³aœciwej diecie, odpowiedniej iloœci snu i ruchu.;Tak;;Zdecydowanie tak;Zdecydowanie tak;Tak;Zdecydowanie tak;5;5;Techniki oddechowe, poniewa¿ skutecznie pomaga mi to w relaksacji i zmniejszeniu stresu oraz poprawia koncentracjê.;-;Nie;Nie;10;Brak
6.10.2025 18:22:30;Akceptujê;nauczycielem;11-15 lat;Szko³a Podstawowa im. Wojska Polskiego w Zegrzu;Obie odpowiedzi s¹ poprawne.;s¹ normalne i potrzebne, poniewa¿ realizuj¹ szereg wa¿nych funkcji.;Przyjêcie odpowiedniej postawy cia³a lub wykonanie prostych ruchów.;Wdech odbywa siê przez nos, a wydech – przez usta.;Codzienna troska o fizycznoœæ, opieraj¹ca siê na trzech g³ównych filarach: w³aœciwej diecie, odpowiedniej iloœci snu i ruchu.;Tak;;Zdecydowanie tak;Zdecydowanie tak;Tak;Zdecydowanie tak;5;5;W jaki sposób kontrolowaæ swoj¹ z³oœæ;Nie zmieni³o sposobu;Nie wiem;Raczej nie;9;Nie
6.10.2025 18:22:40;Akceptujê;dyrektorem/wicedyrektorem;16-20 lat;Szko³a Podstawowa im. Wojska Polskiego w Zegrzu;Obie odpowiedzi s¹ poprawne.;s¹ normalne i potrzebne, poniewa¿ realizuj¹ szereg wa¿nych funkcji.;Przyjêcie odpowiedniej postawy cia³a lub wykonanie prostych ruchów.;Wdech odbywa siê przez nos, a wydech – przez usta.;Codzienna troska o fizycznoœæ, opieraj¹ca siê na trzech g³ównych filarach: w³aœciwej diecie, odpowiedniej iloœci snu i ruchu.;Tak;;Zdecydowanie tak;Zdecydowanie tak;Tak;Zdecydowanie tak;5;5;Techniki radzenia sobie ze stresem w sytuacjach szkolnych ;Nie wiem ;Nie ;Nie ;10;Nie 
6.10.2025 18:26:21;Akceptujê;nauczycielem;11-15 lat;Szko³a Podstawowa im. Wojska Polskiego w Zegrzu;Obie odpowiedzi s¹ poprawne.;mo¿na podzieliæ na dobre (pozytywne) i z³e (negatywne).;Przyjêcie odpowiedniej postawy cia³a lub wykonanie prostych ruchów.;Wdech odbywa siê przez nos, a wydech – przez usta.;Codzienna troska o fizycznoœæ, opieraj¹ca siê na trzech g³ównych filarach: w³aœciwej diecie, odpowiedniej iloœci snu i ruchu.;Tak;;Zdecydowanie tak;Zdecydowanie tak;Tak;Zdecydowanie tak;5;5;,;,;,;,;10;nie
6.10.2025 18:26:51;Akceptujê;nauczycielem;21 lat i wiêcej;Szko³a Podstawowa im. Wojska Polskiego w Zegrzu;Obie odpowiedzi s¹ poprawne.;mo¿na podzieliæ na dobre (pozytywne) i z³e (negatywne).;Przyjêcie odpowiedniej postawy cia³a lub wykonanie prostych ruchów.;Wdech odbywa siê przez nos, a wydech – przez usta.;Codzienna troska o fizycznoœæ, opieraj¹ca siê na trzech g³ównych filarach: w³aœciwej diecie, odpowiedniej iloœci snu i ruchu.;Tak;;Zdecydowanie tak;Zdecydowanie tak;Tak;Zdecydowanie tak;5;5;wszystkie;nie;nie by³o takich;nie;10;nie
6.10.2025 18:31:13;Akceptujê;dyrektorem/wicedyrektorem;21 lat i wiêcej;Szko³a Podstawowa im. Wojska Polskiego w Zegrzu;Obie odpowiedzi s¹ poprawne.;s¹ normalne i potrzebne, poniewa¿ realizuj¹ szereg wa¿nych funkcji.;Przyjêcie odpowiedniej postawy cia³a lub wykonanie prostych ruchów.;Wdech odbywa siê przez nos, a wydech – przez usta.;Codzienna troska o fizycznoœæ, opieraj¹ca siê na trzech g³ównych filarach: w³aœciwej diecie, odpowiedniej iloœci snu i ruchu.;Tak;;Zdecydowanie tak;Zdecydowanie tak;Tak;Zdecydowanie tak;5;5;techniki relaksacyjne;relaksacja;nie jestem;nie;10;nie mam
6.10.2025 18:35:45;Akceptujê;nauczycielem;mniej ni¿ rok;Szko³a Podstawowa im. Wojska Polskiego w Zegrzu;Obie odpowiedzi s¹ poprawne.;s¹ normalne i potrzebne, poniewa¿ realizuj¹ szereg wa¿nych funkcji.;Przyjêcie odpowiedniej postawy cia³a lub wykonanie prostych ruchów.;Wdech odbywa siê przez nos, a wydech – przez usta.;Codzienna troska o fizycznoœæ, opieraj¹ca siê na trzech g³ównych filarach: w³aœciwej diecie, odpowiedniej iloœci snu i ruchu.;Tak;;Zdecydowanie tak;Zdecydowanie tak;Tak;Zdecydowanie tak;5;5;Wszystkie;Nauczy³o mnie radzenia sobie ze emocjami;wszystkie;nie wszystko by³o bardzo dobrze przedstawione;10;Pani prowadz¹ca jest naturalna i bardzo dobrze prezentujê omawiane zagadnienia
6.11.2025 17:52:37;Akceptujê;nauczycielem;1-5 lat;Zespó³ Szkó³ Ogólnokszta³c¹cych nr 33 w Poznaniu;Obie odpowiedzi s¹ poprawne.;s¹ normalne i potrzebne, poniewa¿ realizuj¹ szereg wa¿nych funkcji.;Przyjêcie odpowiedniej postawy cia³a lub wykonanie prostych ruchów.;Wdech odbywa siê przez nos, a wydech – przez usta.;Codzienna troska o fizycznoœæ, opieraj¹ca siê na trzech g³ównych filarach: w³aœciwej diecie, odpowiedniej iloœci snu i ruchu.;Tak;;Raczej tak;Raczej tak;Tak;Raczej tak;3;3;-;-;-;-;8;-
6.11.2025 17:53:47;Akceptujê;nauczycielem;1-5 lat;Zespó³ Szkó³ Ogólnokszta³c¹cych nr 33 w Poznaniu;Obie odpowiedzi s¹ poprawne.;s¹ normalne i potrzebne, poniewa¿ realizuj¹ szereg wa¿nych funkcji.;Przyjêcie odpowiedniej postawy cia³a lub wykonanie prostych ruchów.;Wdech odbywa siê przez nos, a wydech – przez usta.;¯adna z powy¿szych.;Tak;;Zdecydowanie tak;Zdecydowanie tak;Tak;Zdecydowanie tak;5;5;Techniki oddechu. ;Raczej poszerzy³y wiedzê. ;Nie ;nie ;10;Pani Ma³gorzata mog³aby prowadziæ wszystkie modu³y :) 
6.11.2025 17:53:52;Akceptujê;dyrektorem/wicedyrektorem;16-20 lat;Zespó³ Szkó³ Ogólnokszta³c¹cych nr 33 w Poznaniu;Obie odpowiedzi s¹ poprawne.;s¹ normalne i potrzebne, poniewa¿ realizuj¹ szereg wa¿nych funkcji.;Przyjêcie odpowiedniej postawy cia³a lub wykonanie prostych ruchów.;Wdech odbywa siê przez nos, a wydech – przez usta.;¯adna z powy¿szych.;Tak;Nic;Zdecydowanie tak;Zdecydowanie tak;Tak;Zdecydowanie tak;5;5;Da³o mi narzêdzia dla mnie i do pomagania w trudnych sytuacjom uczniom - zwiekszenie œwiadomoœci;Tak;Wszystkie by³y wa¿ne;Nie;10;Nie
6.11.2025 17:53:52;Akceptujê;nauczycielem;1-5 lat;Zespó³ Szkó³ Ogólnokszta³c¹cych nr 33 w Poznaniu;Obie odpowiedzi s¹ poprawne.;mo¿na podzieliæ na dobre (pozytywne) i z³e (negatywne).;Przyjêcie odpowiedniej postawy cia³a lub wykonanie prostych ruchów.;Wdech odbywa siê przez nos, a wydech – przez usta.;Codzienna troska o fizycznoœæ, opieraj¹ca siê na trzech g³ównych filarach: w³aœciwej diecie, odpowiedniej iloœci snu i ruchu.;Tak;;Zdecydowanie tak;Raczej tak;Tak;Raczej tak;4;4;Æwiczenia ;Techniki relaksacyjne ;Nie;Nie;9;Nie
6.11.2025 17:54:23;Akceptujê;nauczycielem;6-10 lat;Zespó³ Szkó³ Ogólnokszta³c¹cych nr 33 w Poznaniu;Obie odpowiedzi s¹ poprawne.;s¹ normalne i potrzebne, poniewa¿ realizuj¹ szereg wa¿nych funkcji.;Przyjêcie odpowiedniej postawy cia³a lub wykonanie prostych ruchów.;Wdech odbywa siê przez nos, a wydech – przez usta.;Codzienna troska o fizycznoœæ, opieraj¹ca siê na trzech g³ównych filarach: w³aœciwej diecie, odpowiedniej iloœci snu i ruchu.;Tak;nic;Zdecydowanie tak;Raczej tak;Tak;Raczej tak;4;4;Lód w lodówce.;Nie.;nie;nie;8;brak
6.11.2025 17:54:39;Akceptujê;dyrektorem/wicedyrektorem;21 lat i wiêcej;Zespó³ Szkó³ Ogólnokszta³c¹cych nr 33 w Poznaniu;Obie odpowiedzi s¹ poprawne.;s¹ normalne i potrzebne, poniewa¿ realizuj¹ szereg wa¿nych funkcji.;Przyjêcie odpowiedniej postawy cia³a lub wykonanie prostych ruchów.;Wdech odbywa siê przez nos, a wydech – przez usta.;Codzienna troska o fizycznoœæ, opieraj¹ca siê na trzech g³ównych filarach: w³aœciwej diecie, odpowiedniej iloœci snu i ruchu.;Tak;;Zdecydowanie tak;Zdecydowanie tak;Tak;Zdecydowanie tak;5;5;techniki panowania nad emocjami;tak, wa¿noœæ oddechu;nie;nie;10;brak
6.11.2025 17:54:40;Akceptujê;nauczycielem;1-5 lat;Zespó³ Szkó³ Ogólnokszta³c¹cych nr 33 w Poznaniu;Obie odpowiedzi s¹ poprawne.;s¹ normalne i potrzebne, poniewa¿ realizuj¹ szereg wa¿nych funkcji.;Przyjêcie odpowiedniej postawy cia³a lub wykonanie prostych ruchów.;Wdech odbywa siê przez nos, a wydech – przez usta.;Codzienna troska o fizycznoœæ, opieraj¹ca siê na trzech g³ównych filarach: w³aœciwej diecie, odpowiedniej iloœci snu i ruchu.;Tak;;Zdecydowanie tak;Zdecydowanie tak;Tak;Zdecydowanie tak;5;5;Metody radzenia sobie z trudnymi emocjami - æwiczenia oddechowe, TIPP, 54321;Nie wiedzia³am, ¿e postawa cia³a w trudnych emocjach jest tak wa¿na;nie ma takich;nie;10;nie 
6.11.2025 17:57:39;Akceptujê;nauczycielem;6-10 lat;Zespó³ Szkó³ Ogólnokszta³c¹cych nr 33 w Poznaniu;To reakcje, które pojawiaj¹ siê w odpowiedzi na subiektywnie wa¿n¹ dla danej osoby sytuacjê.;s¹ normalne i potrzebne, poniewa¿ realizuj¹ szereg wa¿nych funkcji.;Przyjêcie odpowiedniej postawy cia³a lub wykonanie prostych ruchów.;Wdech odbywa siê przez nos, a wydech – przez usta.;Codzienna troska o fizycznoœæ, opieraj¹ca siê na trzech g³ównych filarach: w³aœciwej diecie, odpowiedniej iloœci snu i ruchu.;Tak;;Zdecydowanie tak;Zdecydowanie tak;Tak;Raczej tak;5;5;Praktyczne æwiczenie na uspokojenie ;-;-;nie;10;nie
6.11.2025 17:58:03;Akceptujê;nauczycielem;1-5 lat;Zespó³ Szkó³ Ogólnokszta³c¹cych nr 33 w Poznaniu;Obie odpowiedzi s¹ poprawne.;s¹ normalne i potrzebne, poniewa¿ realizuj¹ szereg wa¿nych funkcji.;Przyjêcie odpowiedniej postawy cia³a lub wykonanie prostych ruchów.;Wdech odbywa siê przez nos, a wydech – przez usta.;Codzienna troska o fizycznoœæ, opieraj¹ca siê na trzech g³ównych filarach: w³aœciwej diecie, odpowiedniej iloœci snu i ruchu.;Tak;;Zdecydowanie tak;Zdecydowanie tak;Tak;Zdecydowanie tak;5;5;Najbardziej przydatne by³y dla mnie treœci dotycz¹ce emocji i dobrostanu psychicznego nauczyciela, poniewa¿ uwa¿am, ¿e rozumienie w³asnych emocji, umiejêtnoœæ ich regulowania oraz codzienna troska o dobrostan s¹ kluczowe w pracy nauczyciela.;Zrozumia³am, ¿e emocje – równie¿ te trudne – s¹ naturalne i pe³ni¹ wa¿ne funkcje. Do tej pory traktowa³am je raczej jako coœ, co trzeba szybko „opanowaæ” lub „schowaæ”, a teraz widzê, ¿e ich œwiadome prze¿ywanie i regulowanie mo¿e byæ Ÿród³em si³y, a nie s³aboœci.;Nie mam takich;Nie zabrak³o;9;Brak
6.11.2025 17:59:19;Akceptujê;pielêgniark¹;21 lat i wiêcej;Zespó³ Szkó³ Ogólnokszta³c¹cych nr 33 w Poznaniu;Obie odpowiedzi s¹ poprawne.;s¹ normalne i potrzebne, poniewa¿ realizuj¹ szereg wa¿nych funkcji.;Przyjêcie odpowiedniej postawy cia³a lub wykonanie prostych ruchów.;Wdech odbywa siê przez nos, a wydech – przez usta.;¯adna z powy¿szych.;Tak;;Zdecydowanie tak;Zdecydowanie tak;Tak;Zdecydowanie tak;5;5;Wszystkie;Tak. Radzenia sobie ze stresem ;Nie by³o treœci niezbêdnych ;Nie;10;Nie
6.11.2025 17:59:25;Akceptujê;psychologiem;1-5 lat;Zespó³ Szkó³ Ogólnokszta³c¹cych nr 33 w Poznaniu;Obie odpowiedzi s¹ poprawne.;s¹ normalne i potrzebne, poniewa¿ realizuj¹ szereg wa¿nych funkcji.;Przyjêcie odpowiedniej postawy cia³a lub wykonanie prostych ruchów.;Wdech odbywa siê przez nos, a wydech – przez usta.;Codzienna troska o fizycznoœæ, opieraj¹ca siê na trzech g³ównych filarach: w³aœciwej diecie, odpowiedniej iloœci snu i ruchu.;Tak;;Raczej tak;Raczej tak;Tak;Raczej tak;4;4;xxx;xxx;xxx;xxx;9;xxx
6.11.2025 17:59:35;Akceptujê;nauczycielem;1-5 lat;Zespó³ Szkó³ Ogólnokszta³c¹cych nr 33 w Poznaniu;Obie odpowiedzi s¹ poprawne.;mo¿na podzieliæ na dobre (pozytywne) i z³e (negatywne).;Przyjêcie odpowiedniej postawy cia³a lub wykonanie prostych ruchów.;Wdech odbywa siê przez nos, a wydech – przez usta.;Codzienna troska o fizycznoœæ, opieraj¹ca siê na trzech g³ównych filarach: w³aœciwej diecie, odpowiedniej iloœci snu i ruchu.;Tak;;Raczej tak;Zdecydowanie tak;Tak;Raczej tak;5;5;metoda TiPP i wielorakoœæ jej wprowadzenia na co dzieñ nawet w pracy ;Nie;nie;nie;10;nie
6.11.2025 18:00:18;Akceptujê;pedagogiem;1-5 lat;Zespó³ Szkó³ Ogólnokszta³c¹cych nr 33 w Poznaniu;Obie odpowiedzi s¹ poprawne.;s¹ normalne i potrzebne, poniewa¿ realizuj¹ szereg wa¿nych funkcji.;Przyjêcie odpowiedniej postawy cia³a lub wykonanie prostych ruchów.;Wdech odbywa siê przez nos, a wydech – przez usta.;Codzienna troska o fizycznoœæ, opieraj¹ca siê na trzech g³ównych filarach: w³aœciwej diecie, odpowiedniej iloœci snu i ruchu.;Tak;Brak;Zdecydowanie tak;Zdecydowanie tak;Tak;Zdecydowanie tak;5;5;Techniki relaksacyjnie, poniewa¿ mo¿na je wykorzystaæ tu i teraz ;Raczej nie zmieni³o. ;Nie jestem w stanie. ;Chyba nie.;10;Nie mam.
6.11.2025 18:01:24;Akceptujê;nauczycielem;21 lat i wiêcej;I Liceum Ogólnokszta³c¹ce im. Bojowników o Polskoœæ Mazur w Piszu;Uruchamiaj¹ ca³y zespó³ zmian w ciele, w sposobie myœlenia i zachowaniu cz³owieka.;s¹ normalne i potrzebne, poniewa¿ realizuj¹ szereg wa¿nych funkcji.;Przyjêcie odpowiedniej postawy cia³a lub wykonanie prostych ruchów.;Wdech odbywa siê przez nos, a wydech – przez usta.;Codzienna troska o fizycznoœæ, opieraj¹ca siê na trzech g³ównych filarach: w³aœciwej diecie, odpowiedniej iloœci snu i ruchu.;Tak;;Zdecydowanie tak;Zdecydowanie tak;Tak;Zdecydowanie tak;5;5;oddech;tak;nie;nie;9;nie
6.11.2025 18:01:27;Akceptujê;nauczycielem;6-10 lat;Zespó³ Szkó³ Ogólnokszta³c¹cych nr 33 w Poznaniu;To reakcje, które pojawiaj¹ siê w odpowiedzi na subiektywnie wa¿n¹ dla danej osoby sytuacjê.;s¹ normalne i potrzebne, poniewa¿ realizuj¹ szereg wa¿nych funkcji.;Przyjêcie odpowiedniej postawy cia³a lub wykonanie prostych ruchów.;Wdech odbywa siê przez nos, a wydech – przez usta.;Codzienna troska o fizycznoœæ, opieraj¹ca siê na trzech g³ównych filarach: w³aœciwej diecie, odpowiedniej iloœci snu i ruchu.;Tak;;Raczej tak;Raczej tak;Tak;Raczej tak;4;3;Sposoby radzenia sobie ze stresem;Raczej nie;Raczej nie;Nie;8;Nie
6.11.2025 18:01:31;Akceptujê;nauczycielem;16-20 lat;I Liceum Ogólnokszta³c¹ce im. Bojowników o Polskoœæ Mazur w Piszu;Obie odpowiedzi s¹ poprawne.;s¹ normalne i potrzebne, poniewa¿ realizuj¹ szereg wa¿nych funkcji.;Przyjêcie odpowiedniej postawy cia³a lub wykonanie prostych ruchów.;Wdech odbywa siê przez nos, a wydech – przez usta.;Codzienna troska o fizycznoœæ, opieraj¹ca siê na trzech g³ównych filarach: w³aœciwej diecie, odpowiedniej iloœci snu i ruchu.;Tak;;Raczej tak;Raczej tak;Tak;Raczej tak;4;4;O wypaleniu zawodowym.;Tak.;Nie.;Nie.;7;Nie.
6.11.2025 18:01:31;Akceptujê;nauczycielem;16-20 lat;I Liceum Ogólnokszta³c¹ce im. Bojowników o Polskoœæ Mazur w Piszu;Obie odpowiedzi s¹ poprawne.;mo¿na podzieliæ na dobre (pozytywne) i z³e (negatywne).;Przyjêcie odpowiedniej postawy cia³a lub wykonanie prostych ruchów.;Wdech odbywa siê przez nos, a wydech – przez usta.;Codzienna troska o fizycznoœæ, opieraj¹ca siê na trzech g³ównych filarach: w³aœciwej diecie, odpowiedniej iloœci snu i ruchu.;Tak;;Zdecydowanie tak;Zdecydowanie tak;Tak;Raczej tak;5;4;.;.;.;.;10;.
6.11.2025 18:01:58;Akceptujê;pedagogiem;21 lat i wiêcej;I Liceum Ogólnokszta³c¹ce im. Bojowników o Polskoœæ Mazur w Piszu;To reakcje, które pojawiaj¹ siê w odpowiedzi na subiektywnie wa¿n¹ dla danej osoby sytuacjê.;s¹ normalne i potrzebne, poniewa¿ realizuj¹ szereg wa¿nych funkcji.;Przyjêcie odpowiedniej postawy cia³a lub wykonanie prostych ruchów.;Wdech odbywa siê przez nos, a wydech – przez usta.;Codzienna troska o fizycznoœæ, opieraj¹ca siê na trzech g³ównych filarach: w³aœciwej diecie, odpowiedniej iloœci snu i ruchu.;Tak;;Zdecydowanie tak;Zdecydowanie tak;Tak;Zdecydowanie tak;5;5;techniki relaksacyjne;tak, mo¿liwoœæ pracy z oddechem;brak;nie;10;nie
6.11.2025 18:02:03;Akceptujê;psychologiem;16-20 lat;I Liceum Ogólnokszta³c¹ce im. Bojowników o Polskoœæ Mazur w Piszu;Obie odpowiedzi s¹ poprawne.;s¹ normalne i potrzebne, poniewa¿ realizuj¹ szereg wa¿nych funkcji.;Przyjêcie odpowiedniej postawy cia³a lub wykonanie prostych ruchów.;Wdech odbywa siê przez nos, a wydech – przez usta.;Codzienna troska o fizycznoœæ, opieraj¹ca siê na trzech g³ównych filarach: w³aœciwej diecie, odpowiedniej iloœci snu i ruchu.;Tak;;Zdecydowanie tak;Zdecydowanie tak;Tak;Zdecydowanie tak;5;5;Æwiczenia ;Znam te zagadnienia, ale uporz¹dkowa³am i odœwie¿y³am sobie wiedzê ;Nie;Nie;10;Nie
6.11.2025 18:02:10;Akceptujê;nauczycielem;21 lat i wiêcej;I Liceum Ogólnokszta³c¹ce im. Bojowników o Polskoœæ Mazur w Piszu;Obie odpowiedzi s¹ poprawne.;s¹ normalne i potrzebne, poniewa¿ realizuj¹ szereg wa¿nych funkcji.;Przyjêcie odpowiedniej postawy cia³a lub wykonanie prostych ruchów.;Wdech odbywa siê przez nos, a wydech – przez usta.;Codzienna troska o fizycznoœæ, opieraj¹ca siê na trzech g³ównych filarach: w³aœciwej diecie, odpowiedniej iloœci snu i ruchu.;Tak;;Raczej tak;Raczej tak;Tak;Raczej tak;4;4;sposoby odpoczynku;Tak;nie;nie zabrak³;8;nie
6.11.2025 18:02:18;Akceptujê;nauczycielem;21 lat i wiêcej;I Liceum Ogólnokszta³c¹ce im. Bojowników o Polskoœæ Mazur w Piszu;Obie odpowiedzi s¹ poprawne.;s¹ normalne i potrzebne, poniewa¿ realizuj¹ szereg wa¿nych funkcji.;Przyjêcie odpowiedniej postawy cia³a lub wykonanie prostych ruchów.;Wdech odbywa siê przez nos, a wydech – przez usta.;Codzienna troska o fizycznoœæ, opieraj¹ca siê na trzech g³ównych filarach: w³aœciwej diecie, odpowiedniej iloœci snu i ruchu.;Tak;;Zdecydowanie tak;Raczej tak;Tak;Zdecydowanie tak;4;4;Technika oddychania. Szybka pomoc w stresie.;Nie;Nie ma takich.;Nie.;9;Dziêkujê.
6.11.2025 18:02:40;Akceptujê;nauczycielem;21 lat i wiêcej;I Liceum Ogólnokszta³c¹ce im. Bojowników o Polskoœæ Mazur w Piszu;Obie odpowiedzi s¹ poprawne.;s¹ normalne i potrzebne, poniewa¿ realizuj¹ szereg wa¿nych funkcji.;Przyjêcie odpowiedniej postawy cia³a lub wykonanie prostych ruchów.;Wdech odbywa siê przez nos, a wydech – przez usta.;Codzienna troska o fizycznoœæ, opieraj¹ca siê na trzech g³ównych filarach: w³aœciwej diecie, odpowiedniej iloœci snu i ruchu.;Tak;;Zdecydowanie tak;Zdecydowanie tak;Tak;Zdecydowanie tak;4;4;æwiczenia oddechowe ;emocje wczeœniej dzieli³am na dobre i z³e;nie;nie;9;Dziêkujê 
6.11.2025 18:03:10;Akceptujê;pedagogiem;16-20 lat;I Liceum Ogólnokszta³c¹ce im. Bojowników o Polskoœæ Mazur w Piszu;Obie odpowiedzi s¹ poprawne.;s¹ normalne i potrzebne, poniewa¿ realizuj¹ szereg wa¿nych funkcji.;Przyjêcie odpowiedniej postawy cia³a lub wykonanie prostych ruchów.;Wdech odbywa siê przez nos, a wydech – przez usta.;Codzienna troska o fizycznoœæ, opieraj¹ca siê na trzech g³ównych filarach: w³aœciwej diecie, odpowiedniej iloœci snu i ruchu.;Tak;;Zdecydowanie tak;Zdecydowanie tak;Tak;Zdecydowanie tak;5;5;oddech;samo -relaksacja;nie;nie;10;dziêkujê
6.11.2025 18:03:12;Akceptujê;nauczycielem;21 lat i wiêcej;I Liceum Ogólnokszta³c¹ce im. Bojowników o Polskoœæ Mazur w Piszu;Uruchamiaj¹ ca³y zespó³ zmian w ciele, w sposobie myœlenia i zachowaniu cz³owieka.;s¹ normalne i potrzebne, poniewa¿ realizuj¹ szereg wa¿nych funkcji.;Przyjêcie odpowiedniej postawy cia³a lub wykonanie prostych ruchów.;Wdech odbywa siê przez nos, a wydech – przez usta.;Codzienna troska o fizycznoœæ, opieraj¹ca siê na trzech g³ównych filarach: w³aœciwej diecie, odpowiedniej iloœci snu i ruchu.;Tak;;Zdecydowanie tak;Zdecydowanie tak;Tak;Zdecydowanie tak;5;5;Techniki radzenia sobie ze stresem;Rozumienie emocji, wagi relaksacji;Nie by³o takich;Nie;10;Nie
6.11.2025 18:03:48;Akceptujê;dyrektorem/wicedyrektorem;16-20 lat;Zespó³ Szkó³ Ogólnokszta³c¹cych nr 33 w Poznaniu;Obie odpowiedzi s¹ poprawne.;mo¿na podzieliæ na dobre (pozytywne) i z³e (negatywne).;Przyjêcie odpowiedniej postawy cia³a lub wykonanie prostych ruchów.;Wdech odbywa siê przez nos, a wydech – przez usta.;Codzienna troska o fizycznoœæ, opieraj¹ca siê na trzech g³ównych filarach: w³aœciwej diecie, odpowiedniej iloœci snu i ruchu.;Tak;;Zdecydowanie tak;Raczej tak;Tak;Raczej tak;4;4;jak opanowaæ stres ;nie zmieni³o ;nie ma takich ;nie zabrak³o ;10;brak 
6.11.2025 18:04:11;Akceptujê;nauczycielem;16-20 lat;I Liceum Ogólnokszta³c¹ce im. Bojowników o Polskoœæ Mazur w Piszu;Obie odpowiedzi s¹ poprawne.;s¹ normalne i potrzebne, poniewa¿ realizuj¹ szereg wa¿nych funkcji.;Przyjêcie odpowiedniej postawy cia³a lub wykonanie prostych ruchów.;Wdech odbywa siê przez nos, a wydech – przez usta.;Codzienna troska o fizycznoœæ, opieraj¹ca siê na trzech g³ównych filarach: w³aœciwej diecie, odpowiedniej iloœci snu i ruchu.;Tak;;Zdecydowanie tak;Zdecydowanie tak;Tak;Zdecydowanie tak;5;5;Konkretne sposoby radzenia sobie ze stresem i relaksacja;Raczej nie;Nie by³o takich;Niczego nie zabrak³o ;10;Nie
6.11.2025 18:04:19;Akceptujê;dyrektorem/wicedyrektorem;21 lat i wiêcej;I Liceum Ogólnokszta³c¹ce im. Bojowników o Polskoœæ Mazur w Piszu;Obie odpowiedzi s¹ poprawne.;s¹ normalne i potrzebne, poniewa¿ realizuj¹ szereg wa¿nych funkcji.;Przyjêcie odpowiedniej postawy cia³a lub wykonanie prostych ruchów.;Wdech odbywa siê przez nos, a wydech – przez usta.;Codzienna troska o fizycznoœæ, opieraj¹ca siê na trzech g³ównych filarach: w³aœciwej diecie, odpowiedniej iloœci snu i ruchu.;Tak;;Zdecydowanie tak;Zdecydowanie tak;Tak;Zdecydowanie tak;5;5;Sposób na odprê¿enie.;Sposób odczytywania w³asnych emocji, tego co czujê, umiejêtnoœæ ich nazwania.;Wszystko stanowi³o kompleksowe omówienie zagadnienia.;Wydaje mi siê, ¿e nie.;10;Prowadz¹ca bardzo kompetentna.
6.11.2025 18:04:20;Akceptujê;dyrektorem/wicedyrektorem;21 lat i wiêcej;I Liceum Ogólnokszta³c¹ce im. Bojowników o Polskoœæ Mazur w Piszu;Obie odpowiedzi s¹ poprawne.;s¹ normalne i potrzebne, poniewa¿ realizuj¹ szereg wa¿nych funkcji.;Przyjêcie odpowiedniej postawy cia³a lub wykonanie prostych ruchów.;Wdech odbywa siê przez nos, a wydech – przez usta.;Codzienna troska o fizycznoœæ, opieraj¹ca siê na trzech g³ównych filarach: w³aœciwej diecie, odpowiedniej iloœci snu i ruchu.;Tak;;Zdecydowanie tak;Zdecydowanie tak;Tak;Zdecydowanie tak;5;5;propozycje technik relaksacyjnych. Nie s³ysza³em wczeœniej o tych technikach i bedê próbowa³ wykorzystaæ;Technik relaksacyjnych;Nie;Raczej nie;9;Bez uwag
6.11.2025 18:04:36;Akceptujê;nauczycielem;6-10 lat;Zespó³ Szkó³ Ogólnokszta³c¹cych nr 33 w Poznaniu;Obie odpowiedzi s¹ poprawne.;s¹ normalne i potrzebne, poniewa¿ realizuj¹ szereg wa¿nych funkcji.;Przyjêcie odpowiedniej postawy cia³a lub wykonanie prostych ruchów.;Wdech odbywa siê przez nos, a wydech – przez usta.;Codzienna troska o fizycznoœæ, opieraj¹ca siê na trzech g³ównych filarach: w³aœciwej diecie, odpowiedniej iloœci snu i ruchu.;Tak;;Zdecydowanie tak;Zdecydowanie tak;Tak;Zdecydowanie tak;5;5;konkretne æwiczenia;reakcje mojego organzimu;nie;nie;10;nie
6.11.2025 18:04:47;Akceptujê;nauczycielem;21 lat i wiêcej;I Liceum Ogólnokszta³c¹ce im. Bojowników o Polskoœæ Mazur w Piszu;Obie odpowiedzi s¹ poprawne.;s¹ normalne i potrzebne, poniewa¿ realizuj¹ szereg wa¿nych funkcji.;Przyjêcie odpowiedniej postawy cia³a lub wykonanie prostych ruchów.;Wdech odbywa siê przez nos, a wydech – przez usta.;Codzienna troska o fizycznoœæ, opieraj¹ca siê na trzech g³ównych filarach: w³aœciwej diecie, odpowiedniej iloœci snu i ruchu.;Tak;;Raczej tak;Zdecydowanie tak;Tak;Raczej tak;4;5;Æwiczenia oddechowe;Tak, stawianie siebie na pierwszym miejscu.;Nie;Nie;10;Nie mam.
6.11.2025 18:04:54;Akceptujê;nauczycielem;21 lat i wiêcej;I Liceum Ogólnokszta³c¹ce im. Bojowników o Polskoœæ Mazur w Piszu;Obie odpowiedzi s¹ poprawne.;s¹ normalne i potrzebne, poniewa¿ realizuj¹ szereg wa¿nych funkcji.;Przyjêcie odpowiedniej postawy cia³a lub wykonanie prostych ruchów.;Wdech odbywa siê przez nos, a wydech – przez usta.;Codzienna troska o fizycznoœæ, opieraj¹ca siê na trzech g³ównych filarach: w³aœciwej diecie, odpowiedniej iloœci snu i ruchu.;Tak;;Zdecydowanie tak;Zdecydowanie tak;Tak;Zdecydowanie tak;5;5;Wszystkie, pomog³y usystematyzowaæ wiedzê. ;Nie, poniewa¿ by³y oczywiste dla mnie. ;Nie ma takich.;Raczej nie.;10;Raczej nie
6.11.2025 18:05:12;Akceptujê;nauczycielem;6-10 lat;Zespó³ Szkó³ Ogólnokszta³c¹cych nr 33 w Poznaniu;Obie odpowiedzi s¹ poprawne.;s¹ normalne i potrzebne, poniewa¿ realizuj¹ szereg wa¿nych funkcji.;Przyjêcie odpowiedniej postawy cia³a lub wykonanie prostych ruchów.;Wdech odbywa siê przez nos, a wydech – przez usta.;Codzienna troska o fizycznoœæ, opieraj¹ca siê na trzech g³ównych filarach: w³aœciwej diecie, odpowiedniej iloœci snu i ruchu.;Tak;;Zdecydowanie tak;Zdecydowanie tak;Tak;Raczej tak;5;5;przyk³ady æwiczeñ;-;nie by³o takich;nie;10;-
6.11.2025 18:05:20;Akceptujê;nauczycielem;6-10 lat;Zespó³ Szkó³ Ogólnokszta³c¹cych nr 33 w Poznaniu;Obie odpowiedzi s¹ poprawne.;s¹ normalne i potrzebne, poniewa¿ realizuj¹ szereg wa¿nych funkcji.;Przyjêcie odpowiedniej postawy cia³a lub wykonanie prostych ruchów.;Wdech odbywa siê przez nos, a wydech – przez usta.;Codzienna troska o fizycznoœæ, opieraj¹ca siê na trzech g³ównych filarach: w³aœciwej diecie, odpowiedniej iloœci snu i ruchu.;Tak;Nic, jak zwykle spotkanie by³o profesjonalnie przygotowane, a zarazem bardzo przyjemne w odbiorze;Zdecydowanie tak;Zdecydowanie tak;Tak;Zdecydowanie tak;5;5;Sposoby radzenia sobie z negatywnymi emocjami -  dowiedzia³am siê jak mogê pomóc sobie ale tak¿e innym, np. uczniom. Wiedzê zdobyt¹ na dzisiejszym szkoleniu na pewno przeka¿ê swoim wychowankom.;nie zmieni³o, raczej uporz¹dkowa³o informacje.;nie.;nie.;10;Nie, pani Magda jest rewelacyjna, bardzo otwarta  i œwietnie potrafi dotrzeæ do odbiorcy.
6.11.2025 18:05:25;Akceptujê;nauczycielem;16-20 lat;Zespó³ Szkó³ Ogólnokszta³c¹cych nr 33 w Poznaniu;Obie odpowiedzi s¹ poprawne.;s¹ normalne i potrzebne, poniewa¿ realizuj¹ szereg wa¿nych funkcji.;Przyjêcie odpowiedniej postawy cia³a lub wykonanie prostych ruchów.;Wdech odbywa siê przez nos, a wydech – przez usta.;Codzienna troska o fizycznoœæ, opieraj¹ca siê na trzech g³ównych filarach: w³aœciwej diecie, odpowiedniej iloœci snu i ruchu.;Tak;nic;Raczej tak;Raczej tak;Tak;Raczej tak;5;4;-;Tak.;nie;nie;10;nie
6.11.2025 18:05:50;Akceptujê;nauczycielem;mniej ni¿ rok;Zespó³ Szkó³ Ogólnokszta³c¹cych nr 33 w Poznaniu;Obie odpowiedzi s¹ poprawne.;mo¿na podzieliæ na dobre (pozytywne) i z³e (negatywne).;Przyjêcie odpowiedniej postawy cia³a lub wykonanie prostych ruchów.;Wdech odbywa siê przez nos, a wydech – przez usta.;Codzienna troska o fizycznoœæ, opieraj¹ca siê na trzech g³ównych filarach: w³aœciwej diecie, odpowiedniej iloœci snu i ruchu.;Tak;;Raczej tak;Raczej tak;Tak;Raczej tak;4;4;Mapa emocji ;Podejœcia do emocji i panowania nad nimi ;Nie ;Nie ;8;Nie 
6.11.2025 18:06:45;Akceptujê;nauczycielem;21 lat i wiêcej;I Liceum Ogólnokszta³c¹ce im. Bojowników o Polskoœæ Mazur w Piszu;Obie odpowiedzi s¹ poprawne.;s¹ normalne i potrzebne, poniewa¿ realizuj¹ szereg wa¿nych funkcji.;Przyjêcie odpowiedniej postawy cia³a lub wykonanie prostych ruchów.;Wdech odbywa siê przez nos, a wydech – przez usta.;Codzienna troska o fizycznoœæ, opieraj¹ca siê na trzech g³ównych filarach: w³aœciwej diecie, odpowiedniej iloœci snu i ruchu.;Tak;;Zdecydowanie tak;Raczej tak;Tak;Raczej tak;4;4;jak siê nie zapalisz, to siê nie wypalisz;w pracy nauczyciela lepiej byæ rzemieœlnikiem, ni¿ pasjonat¹:));nie;nie wiem;8;nie
6.11.2025 18:10:19;Akceptujê;nauczycielem;6-10 lat;Zespó³ Szkó³ Ogólnokszta³c¹cych nr 33 w Poznaniu;Obie odpowiedzi s¹ poprawne.;s¹ normalne i potrzebne, poniewa¿ realizuj¹ szereg wa¿nych funkcji.;Przyjêcie odpowiedniej postawy cia³a lub wykonanie prostych ruchów.;Wdech i wydech odbywaj¹ siê przez nos.;Codzienna troska o fizycznoœæ, opieraj¹ca siê na trzech g³ównych filarach: w³aœciwej diecie, odpowiedniej iloœci snu i ruchu.;Tak;;Zdecydowanie tak;Zdecydowanie tak;Tak;Zdecydowanie tak;5;5;Æwiczenia maj¹ce na celu dba³oœæ o codzienny dobrostan. ;Nie;Nie;Nie;10;Nie
6.11.2025 19:20:03;Akceptujê;nauczycielem;6-10 lat;I Liceum Ogólnokszta³c¹ce im. Bojowników o Polskoœæ Mazur w Piszu;Obie odpowiedzi s¹ poprawne.;s¹ normalne i potrzebne, poniewa¿ realizuj¹ szereg wa¿nych funkcji.;Przyjêcie odpowiedniej postawy cia³a lub wykonanie prostych ruchów.;Wdech odbywa siê przez nos, a wydech – przez usta.;Codzienna troska o fizycznoœæ, opieraj¹ca siê na trzech g³ównych filarach: w³aœciwej diecie, odpowiedniej iloœci snu i ruchu.;Tak;;Zdecydowanie tak;Zdecydowanie tak;Tak;Zdecydowanie tak;5;5;Jak radziæ sobie ze stresem ;Podejœcie do emocji ;Nie;Nie;10;Nie
6.11.2025 19:57:52;Akceptujê;nauczycielem;6-10 lat;Szko³a Podstawowa nr 28 im. ¯o³nierzy 4PP „Czwartaków” Zespó³ Placówek Oœwiatowych nr 1 w Kielcach;Obie odpowiedzi s¹ poprawne.;s¹ normalne i potrzebne, poniewa¿ realizuj¹ szereg wa¿nych funkcji.;Przyjêcie odpowiedniej postawy cia³a lub wykonanie prostych ruchów.;Wdech odbywa siê przez nos, a wydech – przez usta.;Codzienna troska o fizycznoœæ, opieraj¹ca siê na trzech g³ównych filarach: w³aœciwej diecie, odpowiedniej iloœci snu i ruchu.;Tak;;Zdecydowanie tak;Zdecydowanie tak;Tak;Zdecydowanie tak;5;5;brak;brak;brak;brak;10;brak
6.11.2025 19:59:21;Akceptujê;nauczycielem;21 lat i wiêcej;Szko³a Podstawowa nr 28 im. ¯o³nierzy 4PP „Czwartaków” Zespó³ Placówek Oœwiatowych nr 1 w Kielcach;Obie odpowiedzi s¹ poprawne.;s¹ normalne i potrzebne, poniewa¿ realizuj¹ szereg wa¿nych funkcji.;Przyjêcie odpowiedniej postawy cia³a lub wykonanie prostych ruchów.;Wdech odbywa siê przez nos, a wydech – przez usta.;Codzienna troska o fizycznoœæ, opieraj¹ca siê na trzech g³ównych filarach: w³aœciwej diecie, odpowiedniej iloœci snu i ruchu.;Nie;sposób prowadzenia;Raczej tak;Raczej tak;Tak;Raczej nie;3;3;sposoby odreagowania;nie;nie;nie;5;nie
6.11.2025 20:00:09;Akceptujê;nauczycielem;21 lat i wiêcej;Szko³a Podstawowa nr 28 im. ¯o³nierzy 4PP „Czwartaków” Zespó³ Placówek Oœwiatowych nr 1 w Kielcach;Obie odpowiedzi s¹ poprawne.;s¹ normalne i potrzebne, poniewa¿ realizuj¹ szereg wa¿nych funkcji.;Przyjêcie odpowiedniej postawy cia³a lub wykonanie prostych ruchów.;Wdech odbywa siê przez nos, a wydech – przez usta.;Codzienna troska o fizycznoœæ, opieraj¹ca siê na trzech g³ównych filarach: w³aœciwej diecie, odpowiedniej iloœci snu i ruchu.;Tak;;Zdecydowanie tak;Zdecydowanie tak;Tak;Zdecydowanie tak;5;5;Æwiczenia;Nie, poniewa¿ by³am na kursie mindfulness;Nie;Nie;10;Nie
6.11.2025 20:00:38;Akceptujê;nauczycielem;1-5 lat;Szko³a Podstawowa nr 28 im. ¯o³nierzy 4PP „Czwartaków” Zespó³ Placówek Oœwiatowych nr 1 w Kielcach;To reakcje, które pojawiaj¹ siê w odpowiedzi na subiektywnie wa¿n¹ dla danej osoby sytuacjê.;s¹ normalne i potrzebne, poniewa¿ realizuj¹ szereg wa¿nych funkcji.;Przyjêcie odpowiedniej postawy cia³a lub wykonanie prostych ruchów.;Wdech odbywa siê przez nos, a wydech – przez usta.;Codzienna troska o fizycznoœæ, opieraj¹ca siê na trzech g³ównych filarach: w³aœciwej diecie, odpowiedniej iloœci snu i ruchu.;Tak;;Zdecydowanie tak;Zdecydowanie tak;Tak;Zdecydowanie tak;5;5;Wprowadzenie takich zajêæ z uczniami. ;Nie. ;Nie..;Nie.;10;Nie. 
6.11.2025 20:00:53;Akceptujê;dyrektorem/wicedyrektorem;21 lat i wiêcej;Szko³a Podstawowa nr 28 im. ¯o³nierzy 4PP „Czwartaków” Zespó³ Placówek Oœwiatowych nr 1 w Kielcach;Obie odpowiedzi s¹ poprawne.;s¹ normalne i potrzebne, poniewa¿ realizuj¹ szereg wa¿nych funkcji.;Przyjêcie odpowiedniej postawy cia³a lub wykonanie prostych ruchów.;Wdech odbywa siê przez nos, a wydech – przez usta.;Codzienna troska o fizycznoœæ, opieraj¹ca siê na trzech g³ównych filarach: w³aœciwej diecie, odpowiedniej iloœci snu i ruchu.;Tak;;Zdecydowanie tak;Zdecydowanie tak;Tak;Zdecydowanie tak;5;5;Sposoby radzenia sobie w sytuacjach stresowych i umiejêtnoœci roz³adowywania emocji.;Mam du¿y wp³yw na to, jak reagowaæ w trudnych sytuacjach i jak sobie z nimi radziæ.;nie by³o takich.;Nie mam zdania.;10;nie
6.11.2025 20:01:22;Akceptujê;nauczycielem;11-15 lat;Szko³a Podstawowa nr 28 im. ¯o³nierzy 4PP „Czwartaków” Zespó³ Placówek Oœwiatowych nr 1 w Kielcach;To reakcje, które pojawiaj¹ siê w odpowiedzi na subiektywnie wa¿n¹ dla danej osoby sytuacjê.;s¹ normalne i potrzebne, poniewa¿ realizuj¹ szereg wa¿nych funkcji.;Przyjêcie odpowiedniej postawy cia³a lub wykonanie prostych ruchów.;Wdech odbywa siê przez nos, a wydech – przez usta.;Codzienna troska o fizycznoœæ, opieraj¹ca siê na trzech g³ównych filarach: w³aœciwej diecie, odpowiedniej iloœci snu i ruchu.;Tak;;Zdecydowanie tak;Zdecydowanie tak;Tak;Zdecydowanie tak;5;5;Sposoby radzenia sobie z sytuacja trudnymi, emocjami ;Roz³adowywanie napiêcia;Brak. Wszystko przydatne ;Treœci by³y wyczerpuj¹ce ;10;Brak
6.11.2025 20:01:31;Akceptujê;kierownik œwietlicy;1-5 lat;Szko³a Podstawowa nr 28 im. ¯o³nierzy 4PP „Czwartaków” Zespó³ Placówek Oœwiatowych nr 1 w Kielcach;Obie odpowiedzi s¹ poprawne.;s¹ normalne i potrzebne, poniewa¿ realizuj¹ szereg wa¿nych funkcji.;Przyjêcie odpowiedniej postawy cia³a lub wykonanie prostych ruchów.;Wdech odbywa siê przez nos, a wydech – przez usta.;Codzienna troska o fizycznoœæ, opieraj¹ca siê na trzech g³ównych filarach: w³aœciwej diecie, odpowiedniej iloœci snu i ruchu.;Tak;;Zdecydowanie tak;Raczej tak;Tak;Raczej tak;5;5;Nowa okaza³a siê informacja o sekwencji TIPP, bedê zg³êbiaæ temat;Raczej usystymatyzowa³o mi wiedzê;nie ma;nie;9;nie mam
6.11.2025 20:01:50;Akceptujê;pedagog specjalny, n-l wspó³organizuj¹cy ;6-10 lat;Szko³a Podstawowa nr 28 im. ¯o³nierzy 4PP „Czwartaków” Zespó³ Placówek Oœwiatowych nr 1 w Kielcach;Obie odpowiedzi s¹ poprawne.;s¹ normalne i potrzebne, poniewa¿ realizuj¹ szereg wa¿nych funkcji.;Przyjêcie odpowiedniej postawy cia³a lub wykonanie prostych ruchów.;Wdech odbywa siê przez nos, a wydech – przez usta.;Codzienna troska o fizycznoœæ, opieraj¹ca siê na trzech g³ównych filarach: w³aœciwej diecie, odpowiedniej iloœci snu i ruchu.;Tak;;Zdecydowanie tak;Raczej tak;Tak;Raczej tak;4;4;Sposoby dbania o siebie, by móc pomagaæ innym.;Raczej nie;Nie;Nie;8;Nie
6.11.2025 20:01:52;Akceptujê;psychologiem;1-5 lat;Szko³a Podstawowa nr 28 im. ¯o³nierzy 4PP „Czwartaków” Zespó³ Placówek Oœwiatowych nr 1 w Kielcach;Obie odpowiedzi s¹ poprawne.;s¹ normalne i potrzebne, poniewa¿ realizuj¹ szereg wa¿nych funkcji.;Przyjêcie odpowiedniej postawy cia³a lub wykonanie prostych ruchów.;Wdech odbywa siê przez nos, a wydech – przez usta.;Codzienna troska o fizycznoœæ, opieraj¹ca siê na trzech g³ównych filarach: w³aœciwej diecie, odpowiedniej iloœci snu i ruchu.;Tak;;Zdecydowanie tak;Zdecydowanie tak;Tak;Raczej tak;4;5;Techniki oddechowe i relaksacyjne, które mo¿na zastosowaæ na codzieñ. ;Wiele z tych rzeczy wiedzia³am, gdy¿ staram siê ci¹gle dokszta³caæ w temacie regulacji emocji. Jednak¿e wiedz¹ by³a klarownie i przejrzyœcie przekazana. ;Nie. Nie mia³am odczucia, ze jakieœ treœci s¹ zbêdne. ;Nie. Wiedza podana w sposób wyczerpuj¹cy. Bardzo przyjemna prowadz¹ca. ;10;Proszê o wiêcej Pani Mai w szkoleniach :)
6.11.2025 20:02:36;Akceptujê;nauczycielem;11-15 lat;Szko³a Podstawowa nr 28 im. ¯o³nierzy 4PP „Czwartaków” Zespó³ Placówek Oœwiatowych nr 1 w Kielcach;Obie odpowiedzi s¹ poprawne.;s¹ normalne i potrzebne, poniewa¿ realizuj¹ szereg wa¿nych funkcji.;Przyjêcie odpowiedniej postawy cia³a lub wykonanie prostych ruchów.;Wdech odbywa siê przez nos, a wydech – przez usta.;Codzienna troska o fizycznoœæ, opieraj¹ca siê na trzech g³ównych filarach: w³aœciwej diecie, odpowiedniej iloœci snu i ruchu.;Tak;-;Raczej tak;Raczej tak;Tak;Raczej tak;4;4;-;Tak;Nie;Nie;8;nie
6.11.2025 20:02:49;Akceptujê;nauczycielem;1-5 lat;Szko³a Podstawowa nr 28 im. ¯o³nierzy 4PP „Czwartaków” Zespó³ Placówek Oœwiatowych nr 1 w Kielcach;Obie odpowiedzi s¹ poprawne.;s¹ normalne i potrzebne, poniewa¿ realizuj¹ szereg wa¿nych funkcji.;Przyjêcie odpowiedniej postawy cia³a lub wykonanie prostych ruchów.;Wdech odbywa siê przez nos, a wydech – przez usta.;Codzienna troska o fizycznoœæ, opieraj¹ca siê na trzech g³ównych filarach: w³aœciwej diecie, odpowiedniej iloœci snu i ruchu.;Tak;-;Zdecydowanie tak;Zdecydowanie tak;Tak;Zdecydowanie tak;2;3;Treœci praktyczne. ;Nie zmieni³o. ;Wszystkie by³y przydatne i wartoœciowe. ;Temat zosta³ wyczerpany. ;9;-
6.11.2025 20:02:49;Akceptujê;nauczycielem;21 lat i wiêcej;Szko³a Podstawowa nr 28 im. ¯o³nierzy 4PP „Czwartaków” Zespó³ Placówek Oœwiatowych nr 1 w Kielcach;Obie odpowiedzi s¹ poprawne.;s¹ normalne i potrzebne, poniewa¿ realizuj¹ szereg wa¿nych funkcji.;Przyjêcie odpowiedniej postawy cia³a lub wykonanie prostych ruchów.;Wdech i wydech odbywaj¹ siê przez nos.;Codzienna troska o fizycznoœæ, opieraj¹ca siê na trzech g³ównych filarach: w³aœciwej diecie, odpowiedniej iloœci snu i ruchu.;Tak;;Raczej tak;Raczej tak;Tak;Raczej tak;5;5;"Wszystkie treœci przekazane na szkoleniu s¹ przydatne. Zatrzymam siê mo¿e na chwilê ""w pedzie ¿ycia"" i wykorzystam zdobyt¹ wiedze w praktyce";Tak zmieni³o. Nale¿y ws³uchaæ siê w siebie, zatrzymaæ na chwilê i nauczyæ odreagowywaæ z³e emocje;Wszystkie by³y przydatne;Nie;10;Nie
6.11.2025 20:02:59;Akceptujê;nauczycielem;21 lat i wiêcej;Szko³a Podstawowa nr 28 im. ¯o³nierzy 4PP „Czwartaków” Zespó³ Placówek Oœwiatowych nr 1 w Kielcach;Obie odpowiedzi s¹ poprawne.;s¹ normalne i potrzebne, poniewa¿ realizuj¹ szereg wa¿nych funkcji.;Przyjêcie odpowiedniej postawy cia³a lub wykonanie prostych ruchów.;Wdech odbywa siê przez nos, a wydech – przez usta.;Codzienna troska o fizycznoœæ, opieraj¹ca siê na trzech g³ównych filarach: w³aœciwej diecie, odpowiedniej iloœci snu i ruchu.;Tak;;Raczej tak;Raczej tak;Tak;Raczej tak;5;5;Æwiczenia;Raczej tak.;Nie;Nie;9;Dziêkujê za spotkanie.
6.11.2025 20:02:59;Akceptujê;pedagogiem;21 lat i wiêcej;Szko³a Podstawowa nr 28 im. ¯o³nierzy 4PP „Czwartaków” Zespó³ Placówek Oœwiatowych nr 1 w Kielcach;Obie odpowiedzi s¹ poprawne.;s¹ normalne i potrzebne, poniewa¿ realizuj¹ szereg wa¿nych funkcji.;Przyjêcie odpowiedniej postawy cia³a lub wykonanie prostych ruchów.;Wdech odbywa siê przez nos, a wydech – przez usta.;Codzienna troska o fizycznoœæ, opieraj¹ca siê na trzech g³ównych filarach: w³aœciwej diecie, odpowiedniej iloœci snu i ruchu.;Tak;;Zdecydowanie tak;Zdecydowanie tak;Tak;Raczej tak;5;5;"zadbania o ma³e chwile ³adowania swojej "" baterii""";Treœci by³y dla mnie znane, ale szkolenie utwierdzi³o mnie, by pamiêtaæ na co dzieñ, by dbaæ o swój dobrostan;nie ma;nie umiem wskazaæ w tej chwili;9;nie
6.11.2025 20:04:01;Akceptujê;Pedagogiem specjalnym;1-5 lat;Szko³a Podstawowa nr 28 im. ¯o³nierzy 4PP „Czwartaków” Zespó³ Placówek Oœwiatowych nr 1 w Kielcach;Obie odpowiedzi s¹ poprawne.;s¹ normalne i potrzebne, poniewa¿ realizuj¹ szereg wa¿nych funkcji.;Przyjêcie odpowiedniej postawy cia³a lub wykonanie prostych ruchów.;Wdech odbywa siê przez nos, a wydech – przez usta.;Codzienna troska o fizycznoœæ, opieraj¹ca siê na trzech g³ównych filarach: w³aœciwej diecie, odpowiedniej iloœci snu i ruchu.;Tak;;Zdecydowanie tak;Zdecydowanie tak;Tak;Zdecydowanie tak;5;5;Studzenie cia³a;Aby odpocz¹æ nale¿y zamkn¹æ oczy;¯adne ;¯adnych ;10;Brak
6.11.2025 20:05:38;Akceptujê;nauczycielem;6-10 lat;Szko³a Podstawowa nr 28 im. ¯o³nierzy 4PP „Czwartaków” Zespó³ Placówek Oœwiatowych nr 1 w Kielcach;Obie odpowiedzi s¹ poprawne.;s¹ normalne i potrzebne, poniewa¿ realizuj¹ szereg wa¿nych funkcji.;Przyjêcie odpowiedniej postawy cia³a lub wykonanie prostych ruchów.;Wdech odbywa siê przez nos, a wydech – przez usta.;Codzienna troska o fizycznoœæ, opieraj¹ca siê na trzech g³ównych filarach: w³aœciwej diecie, odpowiedniej iloœci snu i ruchu.;Tak;;Zdecydowanie tak;Raczej tak;Tak;Raczej tak;5;5;Æwiczenia, które pomog¹ mi siê wyciszyæ i uspokoiæ i bêdzie he mo¿na wykorzystaæ w pracy.;Trzeba siê wyciszyæ, znaleŸæ czas dla siebie.;Raczej nie;Na ten moment nie widzê takich treœci ;10;Nie
6.11.2025 20:15:29;Akceptujê;nauczyciel wspó³organizuj¹cy kszta³cenie;6-10 lat;Szko³a Podstawowa nr 28 im. ¯o³nierzy 4PP „Czwartaków” Zespó³ Placówek Oœwiatowych nr 1 w Kielcach;Obie odpowiedzi s¹ poprawne.;s¹ normalne i potrzebne, poniewa¿ realizuj¹ szereg wa¿nych funkcji.;Przyjêcie odpowiedniej postawy cia³a lub wykonanie prostych ruchów.;Wdech odbywa siê przez nos, a wydech – przez usta.;Codzienna troska o fizycznoœæ, opieraj¹ca siê na trzech g³ównych filarach: w³aœciwej diecie, odpowiedniej iloœci snu i ruchu.;Tak;Nie mam uwag;Zdecydowanie tak;Zdecydowanie tak;Tak;Raczej tak;3;3;Myœlê, ¿e najbardziej istotne s¹ dla mnie nowe informacje np. techniki relaksacyjne, których wczeœniej nie zna³am;Temat jest mi dobrze znany i szkolenie utwierdzi³o mnie w przekonaniu, ¿e nasz dobrostan emocjonalny jest szalenie wa¿ny.;Myœlê, ¿e jako pedagodzy, terapeuci nasza wiedza jest szeroka w obszarze emocji, niepotrzebna by³a du¿a iloœæ teorii, bardziej interesowa³o mnie praktyczne podejœcie do tematu.;Wed³ug mnie temat zosta³ bardzo szczegó³owo omówiony.;8;Szkolenie mi siê podoba³o, nie mam uwag.
6.16.2025 17:48:15;Akceptujê;nauczycielem;16-20 lat;Zespó³ Szkó³ w Szumowie;Uruchamiaj¹ ca³y zespó³ zmian w ciele, w sposobie myœlenia i zachowaniu cz³owieka.;mo¿na podzieliæ na dobre (pozytywne) i z³e (negatywne).;Przyjêcie odpowiedniej postawy cia³a lub wykonanie prostych ruchów.;Wdech odbywa siê przez nos, a wydech – przez usta.;Optymistyczne nastawienie do codziennoœci i koncentrowanie siê na pozytywnych aspektach w³asnego ¿ycia.;Tak;nic;Zdecydowanie tak;Zdecydowanie tak;Tak;Zdecydowanie tak;5;5;.;tak;.;.;8;nie
6.16.2025 17:48:57;Akceptujê;dyrektorem/wicedyrektorem;21 lat i wiêcej;Zespó³ Szkó³ w Szumowie;Obie odpowiedzi s¹ poprawne.;s¹ abstrakcyjnym, metafizycznym doœwiadczeniem.;Przyjêcie odpowiedniej postawy cia³a lub wykonanie prostych ruchów.;Wdech odbywa siê przez nos, a wydech – przez usta.;Optymistyczne nastawienie do codziennoœci i koncentrowanie siê na pozytywnych aspektach w³asnego ¿ycia.;Tak;;Zdecydowanie tak;Zdecydowanie tak;Tak;Zdecydowanie tak;5;5;Sposoby oddychania;Nie;Nie ma takich;Nie;9;Nie
6.16.2025 17:49:03;Akceptujê;dyrektorem/wicedyrektorem;21 lat i wiêcej;Zespó³ Szkó³ w Szumowie;Obie odpowiedzi s¹ poprawne.;s¹ normalne i potrzebne, poniewa¿ realizuj¹ szereg wa¿nych funkcji.;Przyjêcie odpowiedniej postawy cia³a lub wykonanie prostych ruchów.;Wdech odbywa siê przez usta, a wydech – przez nos.;Codzienna troska o fizycznoœæ, opieraj¹ca siê na trzech g³ównych filarach: w³aœciwej diecie, odpowiedniej iloœci snu i ruchu.;Tak;nie dotyczy;Zdecydowanie tak;Zdecydowanie tak;Tak;Zdecydowanie tak;5;5;æwiczenia;tak, radzenia sobie w sutuacjach nerwowych;nie dotyczy;nie;10;nie
6.16.2025 17:49:06;Akceptujê;nauczycielem;6-10 lat;Zespó³ Szkó³ w Szumowie;Obie odpowiedzi s¹ poprawne.;s¹ normalne i potrzebne, poniewa¿ realizuj¹ szereg wa¿nych funkcji.;Przyjêcie odpowiedniej postawy cia³a lub wykonanie prostych ruchów.;Wdech odbywa siê przez nos, a wydech – przez usta.;Codzienna troska o fizycznoœæ, opieraj¹ca siê na trzech g³ównych filarach: w³aœciwej diecie, odpowiedniej iloœci snu i ruchu.;Tak;;Zdecydowanie tak;Zdecydowanie tak;Tak;Zdecydowanie tak;5;5;Bardzo przydatne, poniewa¿ bêdê wiedzieæ jak radziæ sobie z emocjami;Tak, postrzeganie stresu i sposoby do radzenia sobie z nim;Nie.;Nic nie zabrak³o ;10;Nie mam uwag
6.16.2025 17:49:42;Akceptujê;nauczycielem;21 lat i wiêcej;Zespó³ Szkó³ w Szumowie;Obie odpowiedzi s¹ poprawne.;s¹ normalne i potrzebne, poniewa¿ realizuj¹ szereg wa¿nych funkcji.;Przyjêcie odpowiedniej postawy cia³a lub wykonanie prostych ruchów.;Wdech odbywa siê przez nos, a wydech – przez usta.;Codzienna troska o fizycznoœæ, opieraj¹ca siê na trzech g³ównych filarach: w³aœciwej diecie, odpowiedniej iloœci snu i ruchu.;Tak;;Zdecydowanie tak;Zdecydowanie tak;Tak;Zdecydowanie tak;5;5;Techniki relaksacyjne;Zauwa¿y³am potrzebê faktycznego zadbania o swój dobrostan..fizyczny i emocjonalny. ;Nie by³o takich treœci ;Nie ;9;Szkolenie by³o przeprowadzone profesjonalnie. 
6.16.2025 17:49:50;Akceptujê;nauczycielem;16-20 lat;Zespó³ Szkó³ w Szumowie;Uruchamiaj¹ ca³y zespó³ zmian w ciele, w sposobie myœlenia i zachowaniu cz³owieka.;s¹ normalne i potrzebne, poniewa¿ realizuj¹ szereg wa¿nych funkcji.;Przyjêcie odpowiedniej postawy cia³a lub wykonanie prostych ruchów.;Wdech odbywa siê przez nos, a wydech – przez usta.;Codzienna troska o fizycznoœæ, opieraj¹ca siê na trzech g³ównych filarach: w³aœciwej diecie, odpowiedniej iloœci snu i ruchu.;Tak;;Zdecydowanie tak;Zdecydowanie tak;Tak;Zdecydowanie tak;5;5;Æwiczenia z aplikacj¹.;Tak- postawa cia³a.;Nie by³o zbêdnych elementów.;Nie;10;Bardzo mi siê podobalo. Super szkolenie
6.16.2025 17:49:59;Akceptujê;nauczycielem;21 lat i wiêcej;Zespó³ Szkó³ w Szumowie;Obie odpowiedzi s¹ poprawne.;mo¿na podzieliæ na dobre (pozytywne) i z³e (negatywne).;Przyjêcie odpowiedniej postawy cia³a lub wykonanie prostych ruchów.;Wdech odbywa siê przez nos, a wydech – przez usta.;Codzienna troska o fizycznoœæ, opieraj¹ca siê na trzech g³ównych filarach: w³aœciwej diecie, odpowiedniej iloœci snu i ruchu.;Tak;;Zdecydowanie tak;Zdecydowanie tak;Tak;Zdecydowanie tak;5;5;Podczas zajêæ godziny wychowawczej ;Raczej ugruntowa³o moj¹ wiedzê ;Æwiczenia ;Nie ;10;Nie mam 
6.16.2025 17:51:04;Akceptujê;nauczycielem;16-20 lat;Zespó³ Szkó³ w Szumowie;Uruchamiaj¹ ca³y zespó³ zmian w ciele, w sposobie myœlenia i zachowaniu cz³owieka.;s¹ normalne i potrzebne, poniewa¿ realizuj¹ szereg wa¿nych funkcji.;Przyjêcie odpowiedniej postawy cia³a lub wykonanie prostych ruchów.;Wdech odbywa siê przez nos, a wydech – przez usta.;Optymistyczne nastawienie do codziennoœci i koncentrowanie siê na pozytywnych aspektach w³asnego ¿ycia.;Tak;nic;Zdecydowanie tak;Zdecydowanie tak;Tak;Zdecydowanie tak;5;5;opanowanie emocji;tak;nie;nie;10;nie
6.16.2025 17:51:23;Akceptujê;nauczycielem;21 lat i wiêcej;Zespó³ Szkó³ w Szumowie;Obie odpowiedzi s¹ poprawne.;mo¿na podzieliæ na dobre (pozytywne) i z³e (negatywne).;Przyjêcie odpowiedniej postawy cia³a lub wykonanie prostych ruchów.;Wdech odbywa siê przez nos, a wydech – przez usta.;Codzienna troska o fizycznoœæ, opieraj¹ca siê na trzech g³ównych filarach: w³aœciwej diecie, odpowiedniej iloœci snu i ruchu.;Tak;;Zdecydowanie tak;Zdecydowanie tak;Tak;Zdecydowanie tak;5;5;radzenie sobie z negatywnymi emocjami;tak, zadbajmy o siebie;nie;nie;10;bardzo mi³a prowadz¹ca, super atmosfera
6.16.2025 17:51:41;Akceptujê;nauczycielem;21 lat i wiêcej;Zespó³ Szkó³ w Szumowie;Obie odpowiedzi s¹ poprawne.;mo¿na podzieliæ na dobre (pozytywne) i z³e (negatywne).;Przyjêcie odpowiedniej postawy cia³a lub wykonanie prostych ruchów.;Wdech odbywa siê przez nos, a wydech – przez usta.;Codzienna troska o fizycznoœæ, opieraj¹ca siê na trzech g³ównych filarach: w³aœciwej diecie, odpowiedniej iloœci snu i ruchu.;Tak;nie wymaga zmian;Zdecydowanie tak;Zdecydowanie tak;Tak;Zdecydowanie tak;5;5;wszystkie;bardziej powinnam skupiæ siê na w³asnym dobrostanie;bardziej powinnam skupiæ siê na w³asnym dobrostanie;nie zabrak³o;10;nie mam
6.16.2025 17:52:06;Akceptujê;nauczycielem;21 lat i wiêcej;Zespó³ Szkó³ w Szumowie;Obie odpowiedzi s¹ poprawne.;mo¿na podzieliæ na dobre (pozytywne) i z³e (negatywne).;Przyjêcie odpowiedniej postawy cia³a lub wykonanie prostych ruchów.;Wdech odbywa siê przez nos, a wydech – przez usta.;Codzienna troska o fizycznoœæ, opieraj¹ca siê na trzech g³ównych filarach: w³aœciwej diecie, odpowiedniej iloœci snu i ruchu.;Tak;;Zdecydowanie tak;Raczej tak;Tak;Raczej tak;4;4;Jak zapanowaæ nad swoimi emocjami.;Podejœcie do niektórych obowi¹zków.;Nie;Nie;8;Nie
6.16.2025 17:53:40;Akceptujê;psychologiem;16-20 lat;Zespó³ Szkó³ w Szumowie;Obie odpowiedzi s¹ poprawne.;s¹ normalne i potrzebne, poniewa¿ realizuj¹ szereg wa¿nych funkcji.;Przyjêcie odpowiedniej postawy cia³a lub wykonanie prostych ruchów.;Wdech i wydech odbywaj¹ siê przez nos.;Codzienna troska o fizycznoœæ, opieraj¹ca siê na trzech g³ównych filarach: w³aœciwej diecie, odpowiedniej iloœci snu i ruchu.;Tak;;Zdecydowanie tak;Zdecydowanie tak;Tak;Zdecydowanie tak;5;5;aplikacja nie panikuj, TIPP;Wykorzystanie ruchu cia³a. ;nie by³o takich;nie;10;Bardzo konkretnie, super æwiczenia.
6.16.2025 17:53:54;Akceptujê;pedagogiem;21 lat i wiêcej;Zespó³ Szkó³ w Szumowie;Obie odpowiedzi s¹ poprawne.;s¹ normalne i potrzebne, poniewa¿ realizuj¹ szereg wa¿nych funkcji.;Przyjêcie odpowiedniej postawy cia³a lub wykonanie prostych ruchów.;Wdech odbywa siê przez nos, a wydech – przez usta.;Codzienna troska o fizycznoœæ, opieraj¹ca siê na trzech g³ównych filarach: w³aœciwej diecie, odpowiedniej iloœci snu i ruchu.;Tak;---;Zdecydowanie tak;Zdecydowanie tak;Tak;Zdecydowanie tak;5;5;Æwiczenia oddechowe;tak;nie by³o takich;nie;9;brak
6.16.2025 17:54:39;Akceptujê;nauczycielem;21 lat i wiêcej;Zespó³ Szkó³ w Szumowie;Obie odpowiedzi s¹ poprawne.;mo¿na podzieliæ na dobre (pozytywne) i z³e (negatywne).;Przyjêcie odpowiedniej postawy cia³a lub wykonanie prostych ruchów.;Wdech odbywa siê przez nos, a wydech – przez usta.;Codzienna troska o fizycznoœæ, opieraj¹ca siê na trzech g³ównych filarach: w³aœciwej diecie, odpowiedniej iloœci snu i ruchu.;Tak;;Zdecydowanie tak;Zdecydowanie tak;Tak;Zdecydowanie tak;5;5;Oddychanie i æwiczenia relaksacyjne;-;-;-;10;Bardzo dziêkujê
6.16.2025 17:55:54;Akceptujê;nauczycielem;21 lat i wiêcej;Zespó³ Szkó³ w Szumowie;Uruchamiaj¹ ca³y zespó³ zmian w ciele, w sposobie myœlenia i zachowaniu cz³owieka.;s¹ normalne i potrzebne, poniewa¿ realizuj¹ szereg wa¿nych funkcji.;Przyjêcie odpowiedniej postawy cia³a lub wykonanie prostych ruchów.;Wdech odbywa siê przez nos, a wydech – przez usta.;Optymistyczne nastawienie do codziennoœci i koncentrowanie siê na pozytywnych aspektach w³asnego ¿ycia.;Tak;;Raczej tak;Zdecydowanie tak;Tak;Zdecydowanie tak;5;5;Zarz¹dzanie swoimi emocjami;Nie;Nie;NIe;10;Brak
6.16.2025 17:56:03;Akceptujê;nauczycielem;21 lat i wiêcej;Zespó³ Szkó³ w Szumowie;Uruchamiaj¹ ca³y zespó³ zmian w ciele, w sposobie myœlenia i zachowaniu cz³owieka.;s¹ normalne i potrzebne, poniewa¿ realizuj¹ szereg wa¿nych funkcji.;Przyjêcie odpowiedniej postawy cia³a lub wykonanie prostych ruchów.;Wdech odbywa siê przez nos, a wydech – przez usta.;Optymistyczne nastawienie do codziennoœci i koncentrowanie siê na pozytywnych aspektach w³asnego ¿ycia.;Tak;;Raczej tak;Zdecydowanie tak;Tak;Raczej tak;5;5;Zarz¹dzanie swoimi emocjami;NIe;Nie;Nie;9;Brak
6.16.2025 17:56:27;Akceptujê;nauczycielem;21 lat i wiêcej;Zespó³ Szkó³ w Szumowie;Obie odpowiedzi s¹ poprawne.;s¹ normalne i potrzebne, poniewa¿ realizuj¹ szereg wa¿nych funkcji.;Przyjêcie odpowiedniej postawy cia³a lub wykonanie prostych ruchów.;Wdech odbywa siê przez nos, a wydech – przez usta.;Codzienna troska o fizycznoœæ, opieraj¹ca siê na trzech g³ównych filarach: w³aœciwej diecie, odpowiedniej iloœci snu i ruchu.;Tak;;Zdecydowanie tak;Zdecydowanie tak;Tak;Zdecydowanie tak;5;5;zaproponowane æwiczenia, poniewa¿ pomog¹ uspokoiæ cia³o i ducha, kiedy wype³ni¹ mnie silniejsze emocje;Tak, jak wa¿ne jest dbanie o swój dobrostan, poniewa¿ przek³ada siê to na relacje z innymi, ale tak¿e ze sob¹.;nie;Raczej nie.;10;Bardzo dziêkujê za szkolenie.
6.16.2025 17:57:06;Akceptujê;nauczycielem;21 lat i wiêcej;Zespó³ Szkó³ w Szumowie;To reakcje, które pojawiaj¹ siê w odpowiedzi na subiektywnie wa¿n¹ dla danej osoby sytuacjê.;s¹ normalne i potrzebne, poniewa¿ realizuj¹ szereg wa¿nych funkcji.;Przyjêcie odpowiedniej postawy cia³a lub wykonanie prostych ruchów.;Wdech odbywa siê przez nos, a wydech – przez usta.;Codzienna troska o fizycznoœæ, opieraj¹ca siê na trzech g³ównych filarach: w³aœciwej diecie, odpowiedniej iloœci snu i ruchu.;Tak;;Zdecydowanie tak;Raczej tak;Tak;Raczej nie;2;2;Mapa emocji;Nie;Wiêkszoœæ;Doceniam, dziêkujê,  ale dla mnie by³o to ma³o przekonuj¹ce.;5;Dziêkujê
6.16.2025 17:59:25;Akceptujê;nauczycielem;mniej ni¿ rok;Zespó³ Szkó³ w Szumowie;Obie odpowiedzi s¹ poprawne.;s¹ normalne i potrzebne, poniewa¿ realizuj¹ szereg wa¿nych funkcji.;Przyjêcie odpowiedniej postawy cia³a lub wykonanie prostych ruchów.;Wdech odbywa siê przez nos, a wydech – przez usta.;Codzienna troska o fizycznoœæ, opieraj¹ca siê na trzech g³ównych filarach: w³aœciwej diecie, odpowiedniej iloœci snu i ruchu.;Tak;;Zdecydowanie tak;Zdecydowanie tak;Tak;Zdecydowanie tak;5;5;Myœlê, ¿e bardzo przydatne bêd¹ æwiczenia, które pomog¹ panowac na z³ymi emocjami.;Wydaje mi siê, ¿e spotkanie zatwierdzi³o i powiekrzy³o mój sposób myœlenia na temat emocji.;Wydaje mi siê, ¿e informacje by³y dobrze dobrane .;Myslê, ¿e nie zabrak³o ¿adnych tresci poniewa¿ wyk³adowca odpowiada³ na zadawane pytania.;10;Nie mam. 
6.23.2025 18:13:39;Akceptujê;nauczycielem;1-5 lat;Zespó³ Szkó³ Ponadpodstawowych nr 1 im. Kresowiaków w Bartoszycach;Uruchamiaj¹ ca³y zespó³ zmian w ciele, w sposobie myœlenia i zachowaniu cz³owieka.;s¹ normalne i potrzebne, poniewa¿ realizuj¹ szereg wa¿nych funkcji.;Przyjêcie odpowiedniej postawy cia³a lub wykonanie prostych ruchów.;Wdech odbywa siê przez nos, a wydech – przez usta.;Codzienna troska o fizycznoœæ, opieraj¹ca siê na trzech g³ównych filarach: w³aœciwej diecie, odpowiedniej iloœci snu i ruchu.;Tak;;Zdecydowanie tak;Zdecydowanie tak;Tak;Zdecydowanie tak;5;5;æwiczenia;postrzeganie emocji;nie;nie;8;nie
6.23.2025 18:13:42;Akceptujê;pedagogiem;1-5 lat;Zespó³ Szkó³ Ponadpodstawowych nr 1 im. Kresowiaków w Bartoszycach;Uruchamiaj¹ ca³y zespó³ zmian w ciele, w sposobie myœlenia i zachowaniu cz³owieka.;mo¿na podzieliæ na dobre (pozytywne) i z³e (negatywne).;Przyjêcie odpowiedniej postawy cia³a lub wykonanie prostych ruchów.;Wdech odbywa siê przez usta, a wydech – przez nos.;Codzienna troska o fizycznoœæ, opieraj¹ca siê na trzech g³ównych filarach: w³aœciwej diecie, odpowiedniej iloœci snu i ruchu.;Tak;;Zdecydowanie tak;Zdecydowanie tak;Tak;Zdecydowanie tak;5;5;Æwiczenia oddechu;Regulacji emocji;brak;brak;10;Wszystko by³o super
6.23.2025 18:14:13;Akceptujê;nauczycielem;21 lat i wiêcej;Zespó³ Szkó³ Ponadpodstawowych nr 1 im. Kresowiaków w Bartoszycach;To reakcje, które pojawiaj¹ siê w odpowiedzi na subiektywnie wa¿n¹ dla danej osoby sytuacjê.;s¹ normalne i potrzebne, poniewa¿ realizuj¹ szereg wa¿nych funkcji.;Przyjêcie odpowiedniej postawy cia³a lub wykonanie prostych ruchów.;Wdech odbywa siê przez usta, a wydech – przez nos.;Codzienna troska o fizycznoœæ, opieraj¹ca siê na trzech g³ównych filarach: w³aœciwej diecie, odpowiedniej iloœci snu i ruchu.;Tak;;Zdecydowanie tak;Zdecydowanie tak;Tak;Zdecydowanie tak;5;5;Æwiczenia ;Postrzeganie emocji i sposoby radzenia sobie z nimi;¯adne;Nie;10;Nie
6.23.2025 18:14:20;Akceptujê;nauczycielem;16-20 lat;Zespó³ Szkó³ Ponadpodstawowych nr 1 im. Kresowiaków w Bartoszycach;Obie odpowiedzi s¹ poprawne.;s¹ normalne i potrzebne, poniewa¿ realizuj¹ szereg wa¿nych funkcji.;Przyjêcie odpowiedniej postawy cia³a lub wykonanie prostych ruchów.;Wdech odbywa siê przez nos, a wydech – przez usta.;Codzienna troska o fizycznoœæ, opieraj¹ca siê na trzech g³ównych filarach: w³aœciwej diecie, odpowiedniej iloœci snu i ruchu.;Tak;;Zdecydowanie tak;Zdecydowanie tak;Tak;Zdecydowanie tak;5;5;Oddech relaksacyjny, uspokajaj¹cy, æwiczenia z klas¹ ;Tak;Nie ;Nie ;10;Nie 
6.23.2025 18:16:05;Akceptujê;nauczycielem;16-20 lat;Zespó³ Szkó³ Ponadpodstawowych nr 1 im. Kresowiaków w Bartoszycach;Obie odpowiedzi s¹ poprawne.;s¹ normalne i potrzebne, poniewa¿ realizuj¹ szereg wa¿nych funkcji.;Przyjêcie odpowiedniej postawy cia³a lub wykonanie prostych ruchów.;Wdech odbywa siê przez nos, a wydech – przez usta.;Codzienna troska o fizycznoœæ, opieraj¹ca siê na trzech g³ównych filarach: w³aœciwej diecie, odpowiedniej iloœci snu i ruchu.;Tak;nic;Zdecydowanie tak;Zdecydowanie tak;Tak;Zdecydowanie tak;5;5;Wszystkie;postrzeganie relacji i emocji ;nie ma takich;nie;10;brak
6.23.2025 18:17:06;Akceptujê;nauczycielem;16-20 lat;Zespó³ Szkó³ Ponadpodstawowych nr 1 im. Kresowiaków w Bartoszycach;Uruchamiaj¹ ca³y zespó³ zmian w ciele, w sposobie myœlenia i zachowaniu cz³owieka.;s¹ normalne i potrzebne, poniewa¿ realizuj¹ szereg wa¿nych funkcji.;Przyjêcie odpowiedniej postawy cia³a lub wykonanie prostych ruchów.;Wdech odbywa siê przez nos, a wydech – przez usta.;Codzienna troska o fizycznoœæ, opieraj¹ca siê na trzech g³ównych filarach: w³aœciwej diecie, odpowiedniej iloœci snu i ruchu.;Tak;;Zdecydowanie tak;Zdecydowanie tak;Tak;Zdecydowanie tak;5;5;wszystkie;tak;nie by³o;nie by³o;10;nie
6.23.2025 18:18:35;Akceptujê;nauczycielem;21 lat i wiêcej;Zespó³ Szkó³ Ponadpodstawowych nr 1 im. Kresowiaków w Bartoszycach;Obie odpowiedzi s¹ poprawne.;s¹ normalne i potrzebne, poniewa¿ realizuj¹ szereg wa¿nych funkcji.;Przyjêcie odpowiedniej postawy cia³a lub wykonanie prostych ruchów.;Wdech i wydech odbywaj¹ siê przez nos.;Codzienna troska o fizycznoœæ, opieraj¹ca siê na trzech g³ównych filarach: w³aœciwej diecie, odpowiedniej iloœci snu i ruchu.;Tak;;Zdecydowanie tak;Zdecydowanie tak;Tak;Zdecydowanie tak;5;5;rutyna ;tak;nie;nie zabrak³o;10;nie
6.23.2025 18:20:45;Akceptujê;dyrektorem/wicedyrektorem;21 lat i wiêcej;Zespó³ Szkó³ Ponadpodstawowych nr 1 im. Kresowiaków w Bartoszycach;Obie odpowiedzi s¹ poprawne.;mo¿na podzieliæ na dobre (pozytywne) i z³e (negatywne).;Przyjêcie odpowiedniej postawy cia³a lub wykonanie prostych ruchów.;Wdech odbywa siê przez nos, a wydech – przez usta.;Codzienna troska o fizycznoœæ, opieraj¹ca siê na trzech g³ównych filarach: w³aœciwej diecie, odpowiedniej iloœci snu i ruchu.;Tak;nic;Zdecydowanie tak;Zdecydowanie tak;Tak;Zdecydowanie tak;5;5;rady na to jak reagowac;nie ,ale utwierdzi³omnie ,¿e robiê dobrze;¿adne;nie;10;dziêkujê
6.23.2025 18:21:02;Akceptujê;psychologiem;16-20 lat;Zespó³ Szkó³ Ponadpodstawowych nr 1 im. Kresowiaków w Bartoszycach;Obie odpowiedzi s¹ poprawne.;s¹ normalne i potrzebne, poniewa¿ realizuj¹ szereg wa¿nych funkcji.;Przyjêcie odpowiedniej postawy cia³a lub wykonanie prostych ruchów.;Wdech odbywa siê przez nos, a wydech – przez usta.;Codzienna troska o fizycznoœæ, opieraj¹ca siê na trzech g³ównych filarach: w³aœciwej diecie, odpowiedniej iloœci snu i ruchu.;Tak;;Zdecydowanie tak;Zdecydowanie tak;Tak;Zdecydowanie tak;5;5;æwiczenia, które by³y prezentowane podczas szkolenia;tak, postrzeganie tego czym jest potrzeba ;Nie by³o takich;nie;10;nie
6.23.2025 18:21:08;Akceptujê;wychowawca w internacie, pedagog specjalny;1-5 lat;Zespó³ Szkó³ Ponadpodstawowych nr 1 im. Kresowiaków w Bartoszycach;Obie odpowiedzi s¹ poprawne.;mo¿na podzieliæ na dobre (pozytywne) i z³e (negatywne).;Przyjêcie odpowiedniej postawy cia³a lub wykonanie prostych ruchów.;Wdech odbywa siê przez nos, a wydech – przez usta.;Codzienna troska o fizycznoœæ, opieraj¹ca siê na trzech g³ównych filarach: w³aœciwej diecie, odpowiedniej iloœci snu i ruchu.;Tak;nic;Zdecydowanie tak;Zdecydowanie tak;Tak;Zdecydowanie tak;5;5;æwiczenia oddechowe, æwiczenia zmys³owe i ruchowe, pozwol¹ mi siê zrelaksowaæ wykorzystam je do pracy z m³odzie¿¹;nie;nie;nie;10;nie
6.23.2025 18:26:04;Akceptujê;nauczycielem;21 lat i wiêcej;Zespó³ Szkó³ Ponadpodstawowych nr 1 im. Kresowiaków w Bartoszycach;Obie odpowiedzi s¹ poprawne.;s¹ normalne i potrzebne, poniewa¿ realizuj¹ szereg wa¿nych funkcji.;Zjedzenie czegoœ s³odkiego.;Wdech i wydech odbywaj¹ siê przez nos.;Codzienna troska o fizycznoœæ, opieraj¹ca siê na trzech g³ównych filarach: w³aœciwej diecie, odpowiedniej iloœci snu i ruchu.;Tak;Nic;Zdecydowanie tak;Zdecydowanie tak;Tak;Raczej tak;4;5;Wszystkie ;Nie;Nie;Nie;10;Nie
6.23.2025 19:49:31;Akceptujê;nauczycielem;21 lat i wiêcej;Zespó³ Szkó³ Ponadpodstawowych nr 1 im. Kresowiaków w Bartoszycach;Obie odpowiedzi s¹ poprawne.;s¹ normalne i potrzebne, poniewa¿ realizuj¹ szereg wa¿nych funkcji.;Przyjêcie odpowiedniej postawy cia³a lub wykonanie prostych ruchów.;Wdech odbywa siê przez nos, a wydech – przez usta.;Codzienna troska o fizycznoœæ, opieraj¹ca siê na trzech g³ównych filarach: w³aœciwej diecie, odpowiedniej iloœci snu i ruchu.;Tak;;Zdecydowanie tak;Zdecydowanie tak;Tak;Zdecydowanie tak;5;5;Jak dbaæ o w³asne potrzeby.;Tak. ;Nie;Nie;10;Nie
6.24.2025 8:24:18;Akceptujê;psychologiem;6-10 lat;Szko³a Podstawowa im. œw. Miko³aja w Mierzynie;Uruchamiaj¹ ca³y zespó³ zmian w ciele, w sposobie myœlenia i zachowaniu cz³owieka.;s¹ normalne i potrzebne, poniewa¿ realizuj¹ szereg wa¿nych funkcji.;Przyjêcie odpowiedniej postawy cia³a lub wykonanie prostych ruchów.;Wdech odbywa siê przez nos, a wydech – przez usta.;Codzienna troska o fizycznoœæ, opieraj¹ca siê na trzech g³ównych filarach: w³aœciwej diecie, odpowiedniej iloœci snu i ruchu.;Tak;;Zdecydowanie tak;Zdecydowanie tak;Tak;Zdecydowanie tak;5;5;techniki relaksacji ;-;-;-;8;-
6.24.2025 8:56:14;Akceptujê;psychologiem;mniej ni¿ rok;Szko³a Podstawowa im. Wojska Polskiego w Zegrzu;Obie odpowiedzi s¹ poprawne.;s¹ normalne i potrzebne, poniewa¿ realizuj¹ szereg wa¿nych funkcji.;Przyjêcie odpowiedniej postawy cia³a lub wykonanie prostych ruchów.;Wdech i wydech odbywaj¹ siê przez nos.;Codzienna troska o fizycznoœæ, opieraj¹ca siê na trzech g³ównych filarach: w³aœciwej diecie, odpowiedniej iloœci snu i ruchu.;Tak;;Zdecydowanie tak;Zdecydowanie tak;Tak;Zdecydowanie tak;5;5;Ca³e szkolenie by³o bardzo wartoœciowe :);Raczej utrwali³o, odœwie¿y³o posiadan¹ wiedzê :);Raczej nie;Nie;10;Nie :)
6.25.2025 11:18:05;Akceptujê;dyrektorem/wicedyrektorem;21 lat i wiêcej;Szko³a Podstawowa im. œw. Miko³aja w Mierzynie;Uruchamiaj¹ ca³y zespó³ zmian w ciele, w sposobie myœlenia i zachowaniu cz³owieka.;s¹ normalne i potrzebne, poniewa¿ realizuj¹ szereg wa¿nych funkcji.;Przyjêcie odpowiedniej postawy cia³a lub wykonanie prostych ruchów.;Wdech odbywa siê przez nos, a wydech – przez usta.;Codzienna troska o fizycznoœæ, opieraj¹ca siê na trzech g³ównych filarach: w³aœciwej diecie, odpowiedniej iloœci snu i ruchu.;Tak;;Raczej tak;Raczej tak;Tak;Zdecydowanie tak;5;5;Brak uwag;Nie;Nie;Nie;9;Jakoœæ przekazu internetowego spowodowa³a przerwy i brak ³¹cza.
8.25.2025 11:54:08;Akceptujê;nauczycielem;21 lat i wiêcej;Szko³a Podstawowa im. Jana Paw³a II w M³ynkowie;Obie odpowiedzi s¹ poprawne.;s¹ normalne i potrzebne, poniewa¿ realizuj¹ szereg wa¿nych funkcji.;Przyjêcie odpowiedniej postawy cia³a lub wykonanie prostych ruchów.;Wdech odbywa siê przez nos, a wydech – przez usta.;Optymistyczne nastawienie do codziennoœci i koncentrowanie siê na pozytywnych aspektach w³asnego ¿ycia.;Tak;Nic;Zdecydowanie tak;Raczej tak;Tak;Raczej tak;4;4;Tabletka;Emocji;Brak;Nic;9;Ciekawe spotkanie
8.25.2025 11:55:38;Akceptujê;psychologiem;1-5 lat;Szko³a Podstawowa im. Jana Paw³a II w M³ynkowie;Obie odpowiedzi s¹ poprawne.;s¹ normalne i potrzebne, poniewa¿ realizuj¹ szereg wa¿nych funkcji.;Przyjêcie odpowiedniej postawy cia³a lub wykonanie prostych ruchów.;Wdech odbywa siê przez nos, a wydech – przez usta.;Codzienna troska o fizycznoœæ, opieraj¹ca siê na trzech g³ównych filarach: w³aœciwej diecie, odpowiedniej iloœci snu i ruchu.;Tak;;Zdecydowanie tak;Zdecydowanie tak;Tak;Zdecydowanie tak;4;5;Techniki oddechowe i uwa¿noœciowe - przydaj¹ siê w pracy ,,na szybko'':);NIE;Troszkê mniej o emocjach, wiêcej o dobrostanie:);Nie;9;Nie
8.25.2025 11:59:16;Akceptujê;nauczycielem;6-10 lat;Szko³a Podstawowa im. Jana Paw³a II w M³ynkowie;Obie odpowiedzi s¹ poprawne.;mo¿na podzieliæ na dobre (pozytywne) i z³e (negatywne).;Przyjêcie odpowiedniej postawy cia³a lub wykonanie prostych ruchów.;Wdech odbywa siê przez nos, a wydech – przez usta.;Codzienna troska o fizycznoœæ, opieraj¹ca siê na trzech g³ównych filarach: w³aœciwej diecie, odpowiedniej iloœci snu i ruchu.;Tak;;Zdecydowanie tak;Zdecydowanie tak;Tak;Zdecydowanie tak;5;5;Æwiczenia regeneruj¹ce.;Jak radziæ sobie ze stresem.;Formy oddychania.;Nie;10;Nie mam.
8.25.2025 12:00:45;Akceptujê;nauczycielem;16-20 lat;Szko³a Podstawowa im. Jana Paw³a II w M³ynkowie;Obie odpowiedzi s¹ poprawne.;s¹ normalne i potrzebne, poniewa¿ realizuj¹ szereg wa¿nych funkcji.;Przyjêcie odpowiedniej postawy cia³a lub wykonanie prostych ruchów.;Wdech odbywa siê przez nos, a wydech – przez usta.;Codzienna troska o fizycznoœæ, opieraj¹ca siê na trzech g³ównych filarach: w³aœciwej diecie, odpowiedniej iloœci snu i ruchu.;Tak;---;Zdecydowanie tak;Zdecydowanie tak;Tak;Zdecydowanie tak;5;5;æwiczenie ZIOM;---;---;----;9;---
8.25.2025 12:00:51;Akceptujê;nauczycielem;16-20 lat;Szko³a Podstawowa im. Jana Paw³a II w M³ynkowie;Obie odpowiedzi s¹ poprawne.;s¹ normalne i potrzebne, poniewa¿ realizuj¹ szereg wa¿nych funkcji.;Przyjêcie odpowiedniej postawy cia³a lub wykonanie prostych ruchów.;Wdech odbywa siê przez nos, a wydech – przez usta.;Codzienna troska o fizycznoœæ, opieraj¹ca siê na trzech g³ównych filarach: w³aœciwej diecie, odpowiedniej iloœci snu i ruchu.;Tak;;Zdecydowanie tak;Zdecydowanie tak;Tak;Zdecydowanie tak;5;5;zrozumienie emocji;zrozumienie emocji;nie;nie;10;nie
8.25.2025 12:00:53;Akceptujê;nauczycielem;21 lat i wiêcej;Szko³a Podstawowa im. Jana Paw³a II w M³ynkowie;Obie odpowiedzi s¹ poprawne.;s¹ normalne i potrzebne, poniewa¿ realizuj¹ szereg wa¿nych funkcji.;Przyjêcie odpowiedniej postawy cia³a lub wykonanie prostych ruchów.;Wdech odbywa siê przez nos, a wydech – przez usta.;Codzienna troska o fizycznoœæ, opieraj¹ca siê na trzech g³ównych filarach: w³aœciwej diecie, odpowiedniej iloœci snu i ruchu.;Tak;;Zdecydowanie tak;Zdecydowanie tak;Tak;Zdecydowanie tak;5;5;Ciekawe sposoby oddychania i æwiczeñ relaksuj¹cych;Ka¿dy ma prawo do swoich emocji ale trzeba je umiejêtnie roz³adowaæ;Æwiczenia oddechowe;Nie;10;Nie
8.25.2025 12:01:03;Akceptujê;pedagogiem;mniej ni¿ rok;Szko³a Podstawowa im. Jana Paw³a II w M³ynkowie;Obie odpowiedzi s¹ poprawne.;s¹ normalne i potrzebne, poniewa¿ realizuj¹ szereg wa¿nych funkcji.;Przyjêcie odpowiedniej postawy cia³a lub wykonanie prostych ruchów.;Wdech odbywa siê przez nos, a wydech – przez usta.;Codzienna troska o fizycznoœæ, opieraj¹ca siê na trzech g³ównych filarach: w³aœciwej diecie, odpowiedniej iloœci snu i ruchu.;Tak;nic;Zdecydowanie tak;Zdecydowanie tak;Tak;Zdecydowanie tak;5;5;wszystkie;raczej nie;nie ;nie;9;nie
8.25.2025 12:03:33;Akceptujê;nauczycielem;21 lat i wiêcej;Szko³a Podstawowa im. Jana Paw³a II w M³ynkowie;Obie odpowiedzi s¹ poprawne.;s¹ normalne i potrzebne, poniewa¿ realizuj¹ szereg wa¿nych funkcji.;Przyjêcie odpowiedniej postawy cia³a lub wykonanie prostych ruchów.;Wdech odbywa siê przez nos, a wydech – przez usta.;Codzienna troska o fizycznoœæ, opieraj¹ca siê na trzech g³ównych filarach: w³aœciwej diecie, odpowiedniej iloœci snu i ruchu.;Tak;;Zdecydowanie tak;Zdecydowanie tak;Tak;Zdecydowanie tak;5;5;-;-;-;-;10;-
8.25.2025 12:05:08;Akceptujê;nauczycielem;16-20 lat;Szko³a Podstawowa im. Jana Paw³a II w M³ynkowie;Obie odpowiedzi s¹ poprawne.;s¹ normalne i potrzebne, poniewa¿ realizuj¹ szereg wa¿nych funkcji.;Przyjêcie odpowiedniej postawy cia³a lub wykonanie prostych ruchów.;Wdech odbywa siê przez nos, a wydech – przez usta.;Codzienna troska o fizycznoœæ, opieraj¹ca siê na trzech g³ównych filarach: w³aœciwej diecie, odpowiedniej iloœci snu i ruchu.;Tak;;Zdecydowanie tak;Zdecydowanie tak;Tak;Zdecydowanie tak;5;5;zdrowy styl ¿ycia;nie;nie;nie;10;nie
8.25.2025 12:05:20;Akceptujê;nauczycielem;21 lat i wiêcej;Szko³a Podstawowa im. Jana Paw³a II w M³ynkowie;Obie odpowiedzi s¹ poprawne.;mo¿na podzieliæ na dobre (pozytywne) i z³e (negatywne).;Przyjêcie odpowiedniej postawy cia³a lub wykonanie prostych ruchów.;Wdech odbywa siê przez nos, a wydech – przez usta.;Optymistyczne nastawienie do codziennoœci i koncentrowanie siê na pozytywnych aspektach w³asnego ¿ycia.;Tak;;Zdecydowanie tak;Zdecydowanie tak;Tak;Zdecydowanie tak;5;5;Ca³e szkolenie by³o bardzo interesuj¹ce, wykorzystam zdobyte widomoœci w pracy nad sob¹ oraz w relacjach z uczniami.;decydowanie tak;æwiczenia ;wszystko w punkt;10;du¿e uznanie dla prowadz¹cej szkolenie
8.25.2025 12:05:52;Akceptujê;nauczycielem;21 lat i wiêcej;Szko³a Podstawowa im. Jana Paw³a II w M³ynkowie;Obie odpowiedzi s¹ poprawne.;mo¿na podzieliæ na dobre (pozytywne) i z³e (negatywne).;Przyjêcie odpowiedniej postawy cia³a lub wykonanie prostych ruchów.;Wdech odbywa siê przez nos, a wydech – przez usta.;Codzienna troska o fizycznoœæ, opieraj¹ca siê na trzech g³ównych filarach: w³aœciwej diecie, odpowiedniej iloœci snu i ruchu.;Tak;;Zdecydowanie tak;Zdecydowanie tak;Tak;Zdecydowanie tak;5;5;æwiczenia relaksacyjne;tak;"nie
";nie;10;nie
8.25.2025 12:06:36;Akceptujê;dyrektorem/wicedyrektorem;21 lat i wiêcej;Szko³a Podstawowa im. Jana Paw³a II w M³ynkowie;Obie odpowiedzi s¹ poprawne.;s¹ normalne i potrzebne, poniewa¿ realizuj¹ szereg wa¿nych funkcji.;Zjedzenie czegoœ s³odkiego.;Wdech odbywa siê przez nos, a wydech – przez usta.;Codzienna troska o fizycznoœæ, opieraj¹ca siê na trzech g³ównych filarach: w³aœciwej diecie, odpowiedniej iloœci snu i ruchu.;Tak;nic;Zdecydowanie tak;Zdecydowanie tak;Tak;Raczej tak;4;4;Sposoby reagowania na stres;tak;nie ma takich;nie;9;nie
8.25.2025 12:07:16;Akceptujê;nauczycielem;21 lat i wiêcej;Szko³a Podstawowa im. Jana Paw³a II w M³ynkowie;Uruchamiaj¹ ca³y zespó³ zmian w ciele, w sposobie myœlenia i zachowaniu cz³owieka.;mo¿na podzieliæ na dobre (pozytywne) i z³e (negatywne).;Przyjêcie odpowiedniej postawy cia³a lub wykonanie prostych ruchów.;Wdech odbywa siê przez nos, a wydech – przez usta.;Codzienna troska o fizycznoœæ, opieraj¹ca siê na trzech g³ównych filarach: w³aœciwej diecie, odpowiedniej iloœci snu i ruchu.;Tak;;Zdecydowanie tak;Raczej tak;Tak;Raczej tak;3;3; æwiczenia relaksacyjne;nie;nie;nie;6;nie
8.25.2025 12:08:19;Akceptujê;nauczycielem;21 lat i wiêcej;Szko³a Podstawowa im. Jana Paw³a II w M³ynkowie;To reakcje, które pojawiaj¹ siê w odpowiedzi na subiektywnie wa¿n¹ dla danej osoby sytuacjê.;s¹ normalne i potrzebne, poniewa¿ realizuj¹ szereg wa¿nych funkcji.;Przyjêcie odpowiedniej postawy cia³a lub wykonanie prostych ruchów.;Wdech odbywa siê przez nos, a wydech – przez usta.;Codzienna troska o fizycznoœæ, opieraj¹ca siê na trzech g³ównych filarach: w³aœciwej diecie, odpowiedniej iloœci snu i ruchu.;Tak;;Zdecydowanie tak;Zdecydowanie tak;Tak;Zdecydowanie tak;5;5;Praktyczne æwiczenia;zrozumia³am, ¿e wcale nie jest tak trudno zatroszczyæ siê o siebie;brak;nie;9;nie
8.25.2025 12:10:22;Akceptujê;nauczycielem;21 lat i wiêcej;Szko³a Podstawowa im. Jana Paw³a II w M³ynkowie;Obie odpowiedzi s¹ poprawne.;mo¿na podzieliæ na dobre (pozytywne) i z³e (negatywne).;Przyjêcie odpowiedniej postawy cia³a lub wykonanie prostych ruchów.;Wdech odbywa siê przez nos, a wydech – przez usta.;Codzienna troska o fizycznoœæ, opieraj¹ca siê na trzech g³ównych filarach: w³aœciwej diecie, odpowiedniej iloœci snu i ruchu.;Tak;;Zdecydowanie tak;Zdecydowanie tak;Tak;Zdecydowanie tak;5;5;Techniki postawy i oddechu.;Tak;Nie ma takich treœci,;Nie;10;Nie
8.27.2025 12:57:48;Akceptujê;nauczycielem;6-10 lat;Szko³a Podstawowa im. Wspólnej Europy w Zalesiu Górnym;To reakcje, które pojawiaj¹ siê w odpowiedzi na subiektywnie wa¿n¹ dla danej osoby sytuacjê.;s¹ normalne i potrzebne, poniewa¿ realizuj¹ szereg wa¿nych funkcji.;Przyjêcie odpowiedniej postawy cia³a lub wykonanie prostych ruchów.;Wdech odbywa siê przez nos, a wydech – przez usta.;Codzienna troska o fizycznoœæ, opieraj¹ca siê na trzech g³ównych filarach: w³aœciwej diecie, odpowiedniej iloœci snu i ruchu.;Tak;;Zdecydowanie tak;Raczej tak;Tak;Raczej tak;4;4;Metody uspokajania siê;Ciê¿ko stwierdziæ ;Nie, wszystko by³o ciekawe;Myœlê, ¿e nie;9;Nie
8.27.2025 12:58:31;Akceptujê;nauczycielem;16-20 lat;Szko³a Podstawowa im. Wspólnej Europy w Zalesiu Górnym;Obie odpowiedzi s¹ poprawne.;s¹ normalne i potrzebne, poniewa¿ realizuj¹ szereg wa¿nych funkcji.;Przyjêcie odpowiedniej postawy cia³a lub wykonanie prostych ruchów.;Wdech odbywa siê przez nos, a wydech – przez usta.;Optymistyczne nastawienie do codziennoœci i koncentrowanie siê na pozytywnych aspektach w³asnego ¿ycia.;Tak;;Zdecydowanie tak;Zdecydowanie tak;Tak;Zdecydowanie tak;5;5;Æwiczenia;Wiêksza dba³oœæ o swój dobrostan;Nie;Nie;10;Nie
8.27.2025 12:59:08;Akceptujê;nauczycielem;1-5 lat;Szko³a Podstawowa im. Wspólnej Europy w Zalesiu Górnym;Uruchamiaj¹ ca³y zespó³ zmian w ciele, w sposobie myœlenia i zachowaniu cz³owieka.;s¹ normalne i potrzebne, poniewa¿ realizuj¹ szereg wa¿nych funkcji.;Przyjêcie odpowiedniej postawy cia³a lub wykonanie prostych ruchów.;Wdech odbywa siê przez nos, a wydech – przez usta.;Codzienna troska o fizycznoœæ, opieraj¹ca siê na trzech g³ównych filarach: w³aœciwej diecie, odpowiedniej iloœci snu i ruchu.;Tak;;Zdecydowanie tak;Zdecydowanie tak;Tak;Zdecydowanie tak;5;5;Tak, wiêksze rozumienie w³asnych emocji odpowiednia postawa;Poszerzy horyzonty na temat radzenia sobie ze stresem;Nie;Nie;10;Nie
8.27.2025 12:59:32;Akceptujê;pedagogiem;11-15 lat;Szko³a Podstawowa im. Wspólnej Europy w Zalesiu Górnym;Obie odpowiedzi s¹ poprawne.;s¹ normalne i potrzebne, poniewa¿ realizuj¹ szereg wa¿nych funkcji.;Przyjêcie odpowiedniej postawy cia³a lub wykonanie prostych ruchów.;Wdech odbywa siê przez usta, a wydech – przez nos.;Codzienna troska o fizycznoœæ, opieraj¹ca siê na trzech g³ównych filarach: w³aœciwej diecie, odpowiedniej iloœci snu i ruchu.;Tak;;Zdecydowanie tak;Zdecydowanie tak;Tak;Zdecydowanie tak;5;5;Æwiczenia praktyczne ;Nie;Brak;Nie;9;Nie
8.27.2025 12:59:57;Akceptujê;nauczycielem;16-20 lat;Szko³a Podstawowa im. Wspólnej Europy w Zalesiu Górnym;Obie odpowiedzi s¹ poprawne.;s¹ normalne i potrzebne, poniewa¿ realizuj¹ szereg wa¿nych funkcji.;Przyjêcie odpowiedniej postawy cia³a lub wykonanie prostych ruchów.;Wdech odbywa siê przez nos, a wydech – przez usta.;Codzienna troska o fizycznoœæ, opieraj¹ca siê na trzech g³ównych filarach: w³aœciwej diecie, odpowiedniej iloœci snu i ruchu.;Tak;;Zdecydowanie tak;Raczej tak;Tak;Raczej tak;5;5;Wszystkie ;Oczywiœcie, dbanie o w³asny dobrostan;Nie;Nie;9;Nie
8.27.2025 13:00:00;Akceptujê;nauczycielem;6-10 lat;Szko³a Podstawowa im. Wspólnej Europy w Zalesiu Górnym;Obie odpowiedzi s¹ poprawne.;s¹ normalne i potrzebne, poniewa¿ realizuj¹ szereg wa¿nych funkcji.;Przyjêcie odpowiedniej postawy cia³a lub wykonanie prostych ruchów.;Wdech odbywa siê przez nos, a wydech – przez usta.;Codzienna troska o fizycznoœæ, opieraj¹ca siê na trzech g³ównych filarach: w³aœciwej diecie, odpowiedniej iloœci snu i ruchu.;Tak;;Raczej tak;Raczej tak;Tak;Raczej tak;4;4;Wszystkie;Dbanie o samego siebie;nie;nie;8;nie
8.27.2025 13:00:04;Akceptujê;nauczycielem;21 lat i wiêcej;Szko³a Podstawowa im. Wspólnej Europy w Zalesiu Górnym;Obie odpowiedzi s¹ poprawne.;s¹ normalne i potrzebne, poniewa¿ realizuj¹ szereg wa¿nych funkcji.;Przyjêcie odpowiedniej postawy cia³a lub wykonanie prostych ruchów.;Wdech odbywa siê przez nos, a wydech – przez usta.;Codzienna troska o fizycznoœæ, opieraj¹ca siê na trzech g³ównych filarach: w³aœciwej diecie, odpowiedniej iloœci snu i ruchu.;Tak;;Zdecydowanie tak;Zdecydowanie tak;Tak;Zdecydowanie tak;5;5;jak regulowaæ emocje;nie zmieni³o;nie ma;nie zabrak³o;10;nie
8.27.2025 13:00:46;Akceptujê;nauczycielem;1-5 lat;Szko³a Podstawowa im. Wspólnej Europy w Zalesiu Górnym;Uruchamiaj¹ ca³y zespó³ zmian w ciele, w sposobie myœlenia i zachowaniu cz³owieka.;s¹ normalne i potrzebne, poniewa¿ realizuj¹ szereg wa¿nych funkcji.;Przyjêcie odpowiedniej postawy cia³a lub wykonanie prostych ruchów.;Wdech odbywa siê przez nos, a wydech – przez usta.;Codzienna troska o fizycznoœæ, opieraj¹ca siê na trzech g³ównych filarach: w³aœciwej diecie, odpowiedniej iloœci snu i ruchu.;Tak;;Zdecydowanie tak;Zdecydowanie tak;Tak;Zdecydowanie tak;5;5;Radzenie sobie z emocjami poprzez postawê cia³a, oddech.;Tak zmieni³o wiedzê na temat radzenia sobie z emocjami.;Nie by³o takich.;Spotkanie by³o zorganizowane prawid³owo.;10;Nie mam uwag.
8.27.2025 13:00:50;Akceptujê;nauczycielem;6-10 lat;Szko³a Podstawowa im. Wspólnej Europy w Zalesiu Górnym;Obie odpowiedzi s¹ poprawne.;s¹ normalne i potrzebne, poniewa¿ realizuj¹ szereg wa¿nych funkcji.;Przyjêcie odpowiedniej postawy cia³a lub wykonanie prostych ruchów.;Wdech odbywa siê przez nos, a wydech – przez usta.;Codzienna troska o fizycznoœæ, opieraj¹ca siê na trzech g³ównych filarach: w³aœciwej diecie, odpowiedniej iloœci snu i ruchu.;Tak;;Zdecydowanie tak;Zdecydowanie tak;Tak;Zdecydowanie tak;5;5;Tabletki - konkretne przyk³ady;nie;D³ugi wstêp.;nie;10;nie
8.27.2025 13:00:59;Akceptujê;nauczycielem;1-5 lat;Szko³a Podstawowa im. Wspólnej Europy w Zalesiu Górnym;Obie odpowiedzi s¹ poprawne.;s¹ normalne i potrzebne, poniewa¿ realizuj¹ szereg wa¿nych funkcji.;Przyjêcie odpowiedniej postawy cia³a lub wykonanie prostych ruchów.;Wdech odbywa siê przez nos, a wydech – przez usta.;Codzienna troska o fizycznoœæ, opieraj¹ca siê na trzech g³ównych filarach: w³aœciwej diecie, odpowiedniej iloœci snu i ruchu.;Tak;;Zdecydowanie tak;Zdecydowanie tak;Tak;Raczej tak;4;4; ; ; ; ;8;Nie
8.27.2025 13:01:02;Akceptujê;nauczycielem;11-15 lat;Szko³a Podstawowa im. Wspólnej Europy w Zalesiu Górnym;Obie odpowiedzi s¹ poprawne.;s¹ normalne i potrzebne, poniewa¿ realizuj¹ szereg wa¿nych funkcji.;Przyjêcie odpowiedniej postawy cia³a lub wykonanie prostych ruchów.;Wdech odbywa siê przez nos, a wydech – przez usta.;Codzienna troska o fizycznoœæ, opieraj¹ca siê na trzech g³ównych filarach: w³aœciwej diecie, odpowiedniej iloœci snu i ruchu.;Tak;;Raczej tak;Zdecydowanie tak;Tak;Raczej tak;4;3;Æwiczenia oddechowe, aplikacja;Nie, znam temat;Nie ma takich;brak;8;Dziêkujê
8.27.2025 13:01:12;Akceptujê;pedagogiem;21 lat i wiêcej;Szko³a Podstawowa im. Wspólnej Europy w Zalesiu Górnym;Obie odpowiedzi s¹ poprawne.;s¹ normalne i potrzebne, poniewa¿ realizuj¹ szereg wa¿nych funkcji.;Przyjêcie odpowiedniej postawy cia³a lub wykonanie prostych ruchów.;Wdech odbywa siê przez nos, a wydech – przez usta.;Codzienna troska o fizycznoœæ, opieraj¹ca siê na trzech g³ównych filarach: w³aœciwej diecie, odpowiedniej iloœci snu i ruchu.;Tak;;Zdecydowanie tak;Zdecydowanie tak;Tak;Zdecydowanie tak;5;5;Æwiczenia relaksacyjne.;Tak, poszerzy³o wiedzê i praktykê. Radzenie sobie ze stresem w pracy.;Nie, treœci by³y ciekawe.;Nie;10;Szkolenie godne polecenia.
8.27.2025 13:01:26;Akceptujê;nauczycielem;21 lat i wiêcej;Szko³a Podstawowa im. Wspólnej Europy w Zalesiu Górnym;Uruchamiaj¹ ca³y zespó³ zmian w ciele, w sposobie myœlenia i zachowaniu cz³owieka.;s¹ normalne i potrzebne, poniewa¿ realizuj¹ szereg wa¿nych funkcji.;Przyjêcie odpowiedniej postawy cia³a lub wykonanie prostych ruchów.;Wdech odbywa siê przez nos, a wydech – przez usta.;Codzienna troska o fizycznoœæ, opieraj¹ca siê na trzech g³ównych filarach: w³aœciwej diecie, odpowiedniej iloœci snu i ruchu.;Tak;;Zdecydowanie tak;Zdecydowanie tak;Tak;Zdecydowanie tak;5;5;Praktyczne æwiczenia.;Postêpowanie w trudnych sytuacjach. Reagowanie.;Nie.;Nie.;10;Nie.
8.27.2025 13:01:37;Akceptujê;nauczycielem;11-15 lat;Szko³a Podstawowa im. Wspólnej Europy w Zalesiu Górnym;Uruchamiaj¹ ca³y zespó³ zmian w ciele, w sposobie myœlenia i zachowaniu cz³owieka.;mo¿na podzieliæ na dobre (pozytywne) i z³e (negatywne).;Zjedzenie czegoœ s³odkiego.;Wdech odbywa siê przez usta, a wydech – przez nos.;Optymistyczne nastawienie do codziennoœci i koncentrowanie siê na pozytywnych aspektach w³asnego ¿ycia.;Tak;nic;Zdecydowanie tak;Zdecydowanie tak;Tak;Zdecydowanie tak;5;5;POSTAWY, CWICZENIA;TAK;----;NIE;10;BARDZO CIEKAWE I WARTOŒCIOWE SZKOLENIE
8.27.2025 13:01:39;Akceptujê;nauczycielem;21 lat i wiêcej;Szko³a Podstawowa im. Wspólnej Europy w Zalesiu Górnym;Obie odpowiedzi s¹ poprawne.;s¹ normalne i potrzebne, poniewa¿ realizuj¹ szereg wa¿nych funkcji.;Przyjêcie odpowiedniej postawy cia³a lub wykonanie prostych ruchów.;Wdech odbywa siê przez nos, a wydech – przez usta.;Codzienna troska o fizycznoœæ, opieraj¹ca siê na trzech g³ównych filarach: w³aœciwej diecie, odpowiedniej iloœci snu i ruchu.;Tak;;Zdecydowanie tak;Zdecydowanie tak;Tak;Zdecydowanie tak;3;4;konkretne æwiczenia;nie, wiêkszoœæ by³a mi ju¿ znana;nie;nie;8;nie
8.27.2025 13:02:05;Akceptujê;nauczycielem;16-20 lat;Szko³a Podstawowa im. Wspólnej Europy w Zalesiu Górnym;Obie odpowiedzi s¹ poprawne.;s¹ normalne i potrzebne, poniewa¿ realizuj¹ szereg wa¿nych funkcji.;Przyjêcie odpowiedniej postawy cia³a lub wykonanie prostych ruchów.;Wdech odbywa siê przez nos, a wydech – przez usta.;Optymistyczne nastawienie do codziennoœci i koncentrowanie siê na pozytywnych aspektach w³asnego ¿ycia.;Tak;nic;Zdecydowanie tak;Zdecydowanie tak;Tak;Zdecydowanie tak;4;5;Praktyczne æwiczenia;nie;nic nie by³o zbêdnego;nie;10;brak
8.27.2025 13:02:33;Akceptujê;nauczycielem;11-15 lat;Szko³a Podstawowa im. Wspólnej Europy w Zalesiu Górnym;Obie odpowiedzi s¹ poprawne.;s¹ normalne i potrzebne, poniewa¿ realizuj¹ szereg wa¿nych funkcji.;Przyjêcie odpowiedniej postawy cia³a lub wykonanie prostych ruchów.;Wdech odbywa siê przez nos, a wydech – przez usta.;Codzienna troska o fizycznoœæ, opieraj¹ca siê na trzech g³ównych filarach: w³aœciwej diecie, odpowiedniej iloœci snu i ruchu.;Tak;;Zdecydowanie tak;Zdecydowanie tak;Tak;Zdecydowanie tak;5;5;Radzenie sobie w sytuacjach nag³ych;tak;brak;brak;9;Wszystko ok
8.27.2025 13:02:51;Akceptujê;nauczycielem;21 lat i wiêcej;Szko³a Podstawowa im. Wspólnej Europy w Zalesiu Górnym;Obie odpowiedzi s¹ poprawne.;s¹ normalne i potrzebne, poniewa¿ realizuj¹ szereg wa¿nych funkcji.;Przyjêcie odpowiedniej postawy cia³a lub wykonanie prostych ruchów.;Wdech odbywa siê przez nos, a wydech – przez usta.;Codzienna troska o fizycznoœæ, opieraj¹ca siê na trzech g³ównych filarach: w³aœciwej diecie, odpowiedniej iloœci snu i ruchu.;Tak;;Zdecydowanie tak;Zdecydowanie tak;Tak;Zdecydowanie tak;5;4;Radzenie sobie z emocjami;Tak;"nie by³o takich tresci
";Nie;10;Nie
8.27.2025 13:03:10;Akceptujê;nauczycielem;1-5 lat;Szko³a Podstawowa im. Wspólnej Europy w Zalesiu Górnym;To reakcje, które pojawiaj¹ siê w odpowiedzi na subiektywnie wa¿n¹ dla danej osoby sytuacjê.;s¹ normalne i potrzebne, poniewa¿ realizuj¹ szereg wa¿nych funkcji.;Przyjêcie odpowiedniej postawy cia³a lub wykonanie prostych ruchów.;Wdech odbywa siê przez nos, a wydech – przez usta.;Codzienna troska o fizycznoœæ, opieraj¹ca siê na trzech g³ównych filarach: w³aœciwej diecie, odpowiedniej iloœci snu i ruchu.;Tak;;Zdecydowanie tak;Zdecydowanie tak;Tak;Zdecydowanie tak;5;5;Uœwiadomienie sobie, jak wa¿ne jest dbanie o w³asny dobrostan. Dobre samoczucie na co dzieñ procentuje w kontaktach i pracy z innymi;Uwa¿noœæ - to temat, który mnie bardziej zainteresowa³ po tym spotkaniu;Nie;Nie;10;Nie
8.27.2025 13:03:16;Akceptujê;nauczycielem;21 lat i wiêcej;Szko³a Podstawowa im. Wspólnej Europy w Zalesiu Górnym;Obie odpowiedzi s¹ poprawne.;s¹ normalne i potrzebne, poniewa¿ realizuj¹ szereg wa¿nych funkcji.;Przyjêcie odpowiedniej postawy cia³a lub wykonanie prostych ruchów.;Wdech odbywa siê przez nos, a wydech – przez usta.;Codzienna troska o fizycznoœæ, opieraj¹ca siê na trzech g³ównych filarach: w³aœciwej diecie, odpowiedniej iloœci snu i ruchu.;Nie;zbyt rozwlek³e omawianie prostych zagadnieñ;Zdecydowanie tak;Raczej tak;Tak;Raczej tak;4;5;æwiczenia;nie;dygresje;nie;6;nie
8.27.2025 13:03:20;Akceptujê;nauczycielem;6-10 lat;Szko³a Podstawowa im. Wspólnej Europy w Zalesiu Górnym;Obie odpowiedzi s¹ poprawne.;s¹ normalne i potrzebne, poniewa¿ realizuj¹ szereg wa¿nych funkcji.;Przyjêcie odpowiedniej postawy cia³a lub wykonanie prostych ruchów.;Wdech odbywa siê przez nos, a wydech – przez usta.;Codzienna troska o fizycznoœæ, opieraj¹ca siê na trzech g³ównych filarach: w³aœciwej diecie, odpowiedniej iloœci snu i ruchu.;Tak;;Zdecydowanie tak;Zdecydowanie tak;Tak;Raczej tak;3;4;Æwiczenia praktyczne ;¯e emocje mo¿na regulowaæ;Nie;Nie;8;Nie
8.27.2025 13:03:44;Akceptujê;nauczycielem;21 lat i wiêcej;Szko³a Podstawowa im. Wspólnej Europy w Zalesiu Górnym;Obie odpowiedzi s¹ poprawne.;s¹ normalne i potrzebne, poniewa¿ realizuj¹ szereg wa¿nych funkcji.;Przyjêcie odpowiedniej postawy cia³a lub wykonanie prostych ruchów.;Wdech odbywa siê przez nos, a wydech – przez usta.;Codzienna troska o fizycznoœæ, opieraj¹ca siê na trzech g³ównych filarach: w³aœciwej diecie, odpowiedniej iloœci snu i ruchu.;Tak;Nic nie nale¿y zmienic;Zdecydowanie tak;Zdecydowanie tak;Tak;Zdecydowanie tak;5;5;Sposoby relaksacji;nie;nie;nie;10;nie
8.27.2025 13:03:49;Akceptujê;nauczycielem;21 lat i wiêcej;Szko³a Podstawowa im. Wspólnej Europy w Zalesiu Górnym;Obie odpowiedzi s¹ poprawne.;mo¿na podzieliæ na dobre (pozytywne) i z³e (negatywne).;Przyjêcie odpowiedniej postawy cia³a lub wykonanie prostych ruchów.;Wdech odbywa siê przez nos, a wydech – przez usta.;Codzienna troska o fizycznoœæ, opieraj¹ca siê na trzech g³ównych filarach: w³aœciwej diecie, odpowiedniej iloœci snu i ruchu.;Tak;;Zdecydowanie tak;Zdecydowanie tak;Tak;Zdecydowanie tak;5;5;zdobyta wiedza;dbanie osiebie;nie;nie;10;"Profesjonalizm prowadz¹cej;)"
8.27.2025 13:05:24;Akceptujê;nauczycielem;16-20 lat;Szko³a Podstawowa im. Wspólnej Europy w Zalesiu Górnym;Obie odpowiedzi s¹ poprawne.;s¹ normalne i potrzebne, poniewa¿ realizuj¹ szereg wa¿nych funkcji.;Przyjêcie odpowiedniej postawy cia³a lub wykonanie prostych ruchów.;Wdech odbywa siê przez nos, a wydech – przez usta.;Codzienna troska o fizycznoœæ, opieraj¹ca siê na trzech g³ównych filarach: w³aœciwej diecie, odpowiedniej iloœci snu i ruchu.;Tak;;Zdecydowanie tak;Raczej tak;Tak;Raczej tak;5;4;trudno powiedzieæ, wszystkie po trochu;¿eby uwazniej opiekowaæ emocje itp.;-;-;9;nie
8.27.2025 13:05:33;Akceptujê;nauczycielem;11-15 lat;Szko³a Podstawowa im. Wspólnej Europy w Zalesiu Górnym;Obie odpowiedzi s¹ poprawne.;s¹ normalne i potrzebne, poniewa¿ realizuj¹ szereg wa¿nych funkcji.;Przyjêcie odpowiedniej postawy cia³a lub wykonanie prostych ruchów.;Wdech odbywa siê przez nos, a wydech – przez usta.;Codzienna troska o fizycznoœæ, opieraj¹ca siê na trzech g³ównych filarach: w³aœciwej diecie, odpowiedniej iloœci snu i ruchu.;Tak;;Zdecydowanie tak;Raczej tak;Tak;Zdecydowanie tak;4;4;Æwiczenia;raczej nie;Nie by³o takich treœci;Wszystko by³o;10;nie
8.27.2025 13:05:43;Akceptujê;nauczycielem;21 lat i wiêcej;Szko³a Podstawowa im. Wspólnej Europy w Zalesiu Górnym;To reakcje, które pojawiaj¹ siê w odpowiedzi na subiektywnie wa¿n¹ dla danej osoby sytuacjê.;s¹ normalne i potrzebne, poniewa¿ realizuj¹ szereg wa¿nych funkcji.;Przyjêcie odpowiedniej postawy cia³a lub wykonanie prostych ruchów.;Wdech i wydech odbywaj¹ siê przez nos.;Codzienna troska o fizycznoœæ, opieraj¹ca siê na trzech g³ównych filarach: w³aœciwej diecie, odpowiedniej iloœci snu i ruchu.;Tak;;Raczej tak;Raczej nie;Tak;Raczej tak;3;3;przegl¹d technik i relaksacyjnych;nie;mówienie ile jeszcze czasu do koñca szkolenia;istoty problemów psychicznych ;5;nie mam, mo¿e to zdanie (jak dla mnie) na koñcu powtórzone by³o nie potrzebne...
8.27.2025 13:06:34;Akceptujê;nauczycielem;11-15 lat;Szko³a Podstawowa im. Wspólnej Europy w Zalesiu Górnym;Obie odpowiedzi s¹ poprawne.;s¹ normalne i potrzebne, poniewa¿ realizuj¹ szereg wa¿nych funkcji.;Przyjêcie odpowiedniej postawy cia³a lub wykonanie prostych ruchów.;Wdech odbywa siê przez nos, a wydech – przez usta.;Codzienna troska o fizycznoœæ, opieraj¹ca siê na trzech g³ównych filarach: w³aœciwej diecie, odpowiedniej iloœci snu i ruchu.;Tak;.;Zdecydowanie tak;Zdecydowanie tak;Tak;Zdecydowanie tak;4;4;.;.;.;.;8;.
8.27.2025 13:06:34;Akceptujê;nauczycielem;1-5 lat;Szko³a Podstawowa im. Wspólnej Europy w Zalesiu Górnym;Obie odpowiedzi s¹ poprawne.;s¹ normalne i potrzebne, poniewa¿ realizuj¹ szereg wa¿nych funkcji.;Przyjêcie odpowiedniej postawy cia³a lub wykonanie prostych ruchów.;Wdech odbywa siê przez nos, a wydech – przez usta.;Codzienna troska o fizycznoœæ, opieraj¹ca siê na trzech g³ównych filarach: w³aœciwej diecie, odpowiedniej iloœci snu i ruchu.;Tak;;Zdecydowanie tak;Zdecydowanie tak;Tak;Zdecydowanie tak;5;5;"Przyk³ady æwiczeñ, które mog¹ byæ pomocne w szybkim po
radzeniu sobie z silnymi emocjami TIPP/ZIOM .";Zaciekawi³o mnie ¿e postawa cia³a (postawa dominacji) mo¿e mieæ pozytywny wp³yw na redukcjê stresu.;Nie;NIe;10;Nie
8.27.2025 13:06:44;Akceptujê;nauczycielem;11-15 lat;Szko³a Podstawowa im. Wspólnej Europy w Zalesiu Górnym;Uruchamiaj¹ ca³y zespó³ zmian w ciele, w sposobie myœlenia i zachowaniu cz³owieka.;s¹ normalne i potrzebne, poniewa¿ realizuj¹ szereg wa¿nych funkcji.;Przyjêcie odpowiedniej postawy cia³a lub wykonanie prostych ruchów.;Wdech odbywa siê przez nos, a wydech – przez usta.;Codzienna troska o fizycznoœæ, opieraj¹ca siê na trzech g³ównych filarach: w³aœciwej diecie, odpowiedniej iloœci snu i ruchu.;Tak;;Zdecydowanie tak;Zdecydowanie tak;Tak;Zdecydowanie tak;5;5;radzenie sobie z emocjami;poszerzy³o moj¹ wiedzê;nie;By³o ok.;10;nie mam
8.27.2025 13:07:00;Akceptujê;nauczycielem;21 lat i wiêcej;Szko³a Podstawowa im. Wspólnej Europy w Zalesiu Górnym;Obie odpowiedzi s¹ poprawne.;s¹ normalne i potrzebne, poniewa¿ realizuj¹ szereg wa¿nych funkcji.;Przyjêcie odpowiedniej postawy cia³a lub wykonanie prostych ruchów.;Wdech odbywa siê przez nos, a wydech – przez usta.;Codzienna troska o fizycznoœæ, opieraj¹ca siê na trzech g³ównych filarach: w³aœciwej diecie, odpowiedniej iloœci snu i ruchu.;Tak;;Raczej tak;Zdecydowanie tak;Tak;Zdecydowanie tak;4;5;Wszystkie, poprawi¹ komfort mojego ¿ycie. ;tak, wszystkich ;Nie;nie ;9;nie
8.27.2025 13:07:36;Akceptujê;nauczycielem;11-15 lat;Szko³a Podstawowa im. Wspólnej Europy w Zalesiu Górnym;To reakcje, które pojawiaj¹ siê w odpowiedzi na subiektywnie wa¿n¹ dla danej osoby sytuacjê.;s¹ normalne i potrzebne, poniewa¿ realizuj¹ szereg wa¿nych funkcji.;Przyjêcie odpowiedniej postawy cia³a lub wykonanie prostych ruchów.;Wdech odbywa siê przez nos, a wydech – przez usta.;Optymistyczne nastawienie do codziennoœci i koncentrowanie siê na pozytywnych aspektach w³asnego ¿ycia.;Tak;;Zdecydowanie tak;Zdecydowanie tak;Tak;Raczej tak;3;3;Dba³oœæ o czas na æwiczenia fizyczne.;Praca z cia³em mo¿e mieæ wp³yw na nasze emocje.;Trudno powiedzieæ.;Nie;5;Nie
8.27.2025 13:08:57;Akceptujê;nauczycielem;21 lat i wiêcej;Szko³a Podstawowa im. Wspólnej Europy w Zalesiu Górnym;Obie odpowiedzi s¹ poprawne.;s¹ normalne i potrzebne, poniewa¿ realizuj¹ szereg wa¿nych funkcji.;Przyjêcie odpowiedniej postawy cia³a lub wykonanie prostych ruchów.;Wdech odbywa siê przez nos, a wydech – przez usta.;Codzienna troska o fizycznoœæ, opieraj¹ca siê na trzech g³ównych filarach: w³aœciwej diecie, odpowiedniej iloœci snu i ruchu.;Tak;pieska;Zdecydowanie tak;Raczej tak;Tak;Raczej tak;4;4;nic nowego;nie;za ma³o o tym , co w g³owie mamy, a za du¿o o ciele;analiza dnia ;7;cz³owiek i pies
8.27.2025 13:09:13;Akceptujê;psychologiem;1-5 lat;Szko³a Podstawowa im. Wspólnej Europy w Zalesiu Górnym;Obie odpowiedzi s¹ poprawne.;s¹ normalne i potrzebne, poniewa¿ realizuj¹ szereg wa¿nych funkcji.;Przyjêcie odpowiedniej postawy cia³a lub wykonanie prostych ruchów.;Wdech odbywa siê przez usta, a wydech – przez nos.;Codzienna troska o fizycznoœæ, opieraj¹ca siê na trzech g³ównych filarach: w³aœciwej diecie, odpowiedniej iloœci snu i ruchu.;Tak;;Zdecydowanie tak;Zdecydowanie tak;Tak;Zdecydowanie tak;5;5;Przyk³ady i æwiczenia, poniewa¿ bêdê mog³a je wykorzystaæ by poprawiæ swój dobrostan.;Ciekawe by³o zobrazowanie wp³ywu emocji na poszczególne czêœci cia³a cz³owieka, da³o do myœlenia.;Nie;Nie;10;Nie
8.27.2025 13:10:45;Akceptujê;nauczycielem;mniej ni¿ rok;Szko³a Podstawowa im. Wspólnej Europy w Zalesiu Górnym;Uruchamiaj¹ ca³y zespó³ zmian w ciele, w sposobie myœlenia i zachowaniu cz³owieka.;s¹ normalne i potrzebne, poniewa¿ realizuj¹ szereg wa¿nych funkcji.;Przyjêcie odpowiedniej postawy cia³a lub wykonanie prostych ruchów.;Wdech odbywa siê przez nos, a wydech – przez usta.;Codzienna troska o fizycznoœæ, opieraj¹ca siê na trzech g³ównych filarach: w³aœciwej diecie, odpowiedniej iloœci snu i ruchu.;Tak;;Zdecydowanie tak;Zdecydowanie tak;Tak;Zdecydowanie tak;5;5;Wszystkie, pokaza³y alternaty. ;Radzenia sobie ze stresem ;nie;nie;10;nie
8.27.2025 13:13:11;Akceptujê;nauczycielem;6-10 lat;Szko³a Podstawowa im. Wspólnej Europy w Zalesiu Górnym;Obie odpowiedzi s¹ poprawne.;s¹ normalne i potrzebne, poniewa¿ realizuj¹ szereg wa¿nych funkcji.;Przyjêcie odpowiedniej postawy cia³a lub wykonanie prostych ruchów.;Wdech odbywa siê przez nos, a wydech – przez usta.;Codzienna troska o fizycznoœæ, opieraj¹ca siê na trzech g³ównych filarach: w³aœciwej diecie, odpowiedniej iloœci snu i ruchu.;Tak;;Raczej tak;Raczej tak;Tak;Raczej tak;4;4;Szczególnie ceniê wskazówki i narzêdzia, które u³atwiaj¹ codzienn¹ pracê.;Tak, spotkanie pozwoli³o mi spojrzeæ na niektóre zagadnienia w nowy sposób.;Trudno powiedzieæ. Zbêdne - to takie, które akurat mnie siê nie przyda³y, ale sprawdzi³y siê u innych osób. U mnie -  zbêdne niektóre æwiczenia.;Szkolenie skupia³o siê g³ównie na æwiczeniach oddechowych i relaksacyjnych. Choæ mog¹ byæ przydatne, w codziennej pracy nauczyciela bardziej ceniê praktyczne wskazówki i wsparcie, które pomagaj¹ poczuæ siê bezpiecznie i radziæ sobie z wyzwaniami zawodowymi. Przyda³aby siê druga czêœæ szkolenia, uzupe³niaj¹ca tê, która skupi³aby siê na konkretnych narzêdziach, praktycznych rozwi¹zaniach dla nauczycieli oraz aspektach prawnych.;8;Jak wy¿ej.
8.27.2025 13:15:45;Akceptujê;nauczycielem;21 lat i wiêcej;Szko³a Podstawowa im. Wspólnej Europy w Zalesiu Górnym;Obie odpowiedzi s¹ poprawne.;s¹ normalne i potrzebne, poniewa¿ realizuj¹ szereg wa¿nych funkcji.;Przyjêcie odpowiedniej postawy cia³a lub wykonanie prostych ruchów.;Wdech odbywa siê przez nos, a wydech – przez usta.;Optymistyczne nastawienie do codziennoœci i koncentrowanie siê na pozytywnych aspektach w³asnego ¿ycia.;Tak;;Zdecydowanie tak;Raczej tak;Tak;Raczej tak;4;4;Æwiczenia oddechowe.;Podpowiedzia³o jak zachowaæ siê w sytuacjach stresowych.;Wszystkie poruszone zagadnienia, w wiêkszym lub mniejszym stopniu bêd¹ przydatne w pracy.;Nie;8;Szkolenie w sposób wyczerpuj¹cy omówi³o temat.
9.8.2025 18:10:07;Akceptujê;psychologiem;11-15 lat;Szko³a Podstawowa nr 6 im Ludwika Waryñskiego w S³upsku;Uruchamiaj¹ ca³y zespó³ zmian w ciele, w sposobie myœlenia i zachowaniu cz³owieka.;s¹ normalne i potrzebne, poniewa¿ realizuj¹ szereg wa¿nych funkcji.;Przyjêcie odpowiedniej postawy cia³a lub wykonanie prostych ruchów.;Wdech odbywa siê przez nos, a wydech – przez usta.;Codzienna troska o fizycznoœæ, opieraj¹ca siê na trzech g³ównych filarach: w³aœciwej diecie, odpowiedniej iloœci snu i ruchu.;Tak;;Zdecydowanie tak;Zdecydowanie tak;Tak;Zdecydowanie tak;5;5;Æwiczenia - wykorzystanie w praktyce;tak, regulacja emocji ;nie;nie;10;nie
9.8.2025 18:11:13;Akceptujê;nauczycielem;11-15 lat;Szko³a Podstawowa nr 6 im Ludwika Waryñskiego w S³upsku;Obie odpowiedzi s¹ poprawne.;s¹ normalne i potrzebne, poniewa¿ realizuj¹ szereg wa¿nych funkcji.;Przyjêcie odpowiedniej postawy cia³a lub wykonanie prostych ruchów.;Wdech odbywa siê przez nos, a wydech – przez usta.;Codzienna troska o fizycznoœæ, opieraj¹ca siê na trzech g³ównych filarach: w³aœciwej diecie, odpowiedniej iloœci snu i ruchu.;Tak;;Zdecydowanie tak;Zdecydowanie tak;Tak;Zdecydowanie tak;5;5;-;-;-;-;8;-
9.8.2025 18:11:55;Akceptujê;pedagogiem;11-15 lat;Szko³a Podstawowa nr 6 im Ludwika Waryñskiego w S³upsku;Obie odpowiedzi s¹ poprawne.;s¹ normalne i potrzebne, poniewa¿ realizuj¹ szereg wa¿nych funkcji.;Przyjêcie odpowiedniej postawy cia³a lub wykonanie prostych ruchów.;Wdech odbywa siê przez nos, a wydech – przez usta.;Codzienna troska o fizycznoœæ, opieraj¹ca siê na trzech g³ównych filarach: w³aœciwej diecie, odpowiedniej iloœci snu i ruchu.;Tak;;Zdecydowanie tak;Zdecydowanie tak;Tak;Zdecydowanie tak;4;4;techniki oddechowe;postawa cia³a a stres;nie;nie;9;nie
9.8.2025 18:11:58;Akceptujê;nauczycielem;16-20 lat;Szko³a Podstawowa nr 6 im Ludwika Waryñskiego w S³upsku;Obie odpowiedzi s¹ poprawne.;s¹ normalne i potrzebne, poniewa¿ realizuj¹ szereg wa¿nych funkcji.;Przyjêcie odpowiedniej postawy cia³a lub wykonanie prostych ruchów.;Wdech odbywa siê przez nos, a wydech – przez usta.;Codzienna troska o fizycznoœæ, opieraj¹ca siê na trzech g³ównych filarach: w³aœciwej diecie, odpowiedniej iloœci snu i ruchu.;Tak;nic;Zdecydowanie tak;Zdecydowanie tak;Tak;Raczej tak;4;4;wszystkie;tak;nie;nie;9;nie
9.8.2025 18:13:20;Akceptujê;nauczycielem;21 lat i wiêcej;Szko³a Podstawowa nr 6 im Ludwika Waryñskiego w S³upsku;Obie odpowiedzi s¹ poprawne.;s¹ normalne i potrzebne, poniewa¿ realizuj¹ szereg wa¿nych funkcji.;Przyjêcie odpowiedniej postawy cia³a lub wykonanie prostych ruchów.;Wdech odbywa siê przez nos, a wydech – przez usta.;Codzienna troska o fizycznoœæ, opieraj¹ca siê na trzech g³ównych filarach: w³aœciwej diecie, odpowiedniej iloœci snu i ruchu.;Tak;;Zdecydowanie tak;Zdecydowanie tak;Tak;Zdecydowanie tak;5;5;Æwiczenia;W³aœciwa postawa;nie;nie;10;nie
9.8.2025 18:13:40;Akceptujê;nauczycielem;21 lat i wiêcej;Szko³a Podstawowa nr 6 im Ludwika Waryñskiego w S³upsku;Uruchamiaj¹ ca³y zespó³ zmian w ciele, w sposobie myœlenia i zachowaniu cz³owieka.;s¹ normalne i potrzebne, poniewa¿ realizuj¹ szereg wa¿nych funkcji.;Przyjêcie odpowiedniej postawy cia³a lub wykonanie prostych ruchów.;Wdech odbywa siê przez nos, a wydech – przez usta.;Optymistyczne nastawienie do codziennoœci i koncentrowanie siê na pozytywnych aspektach w³asnego ¿ycia.;Tak;nic;Zdecydowanie tak;Zdecydowanie tak;Tak;Zdecydowanie tak;2;4;nie wiem;nie wiem;wszystko by³o potrzebne;nie;10;brak
9.8.2025 18:13:56;Akceptujê;nauczycielem;21 lat i wiêcej;Szko³a Podstawowa nr 6 im Ludwika Waryñskiego w S³upsku;Obie odpowiedzi s¹ poprawne.;s¹ normalne i potrzebne, poniewa¿ realizuj¹ szereg wa¿nych funkcji.;Przyjêcie odpowiedniej postawy cia³a lub wykonanie prostych ruchów.;Wdech odbywa siê przez nos, a wydech – przez usta.;Codzienna troska o fizycznoœæ, opieraj¹ca siê na trzech g³ównych filarach: w³aœciwej diecie, odpowiedniej iloœci snu i ruchu.;Tak;;Raczej tak;Raczej tak;Tak;Raczej tak;3;3;æwiczenia relaksacyjne;nie;d³ugoœæ trwania spotkania;nie;5;d³ugoœæ trwania spotkania
9.8.2025 18:14:01;Akceptujê;nauczycielem;16-20 lat;Szko³a Podstawowa nr 6 im Ludwika Waryñskiego w S³upsku;Obie odpowiedzi s¹ poprawne.;s¹ normalne i potrzebne, poniewa¿ realizuj¹ szereg wa¿nych funkcji.;Przyjêcie odpowiedniej postawy cia³a lub wykonanie prostych ruchów.;Wdech odbywa siê przez nos, a wydech – przez usta.;Codzienna troska o fizycznoœæ, opieraj¹ca siê na trzech g³ównych filarach: w³aœciwej diecie, odpowiedniej iloœci snu i ruchu.;Tak;;Raczej tak;Raczej tak;Tak;Raczej tak;4;4;bez komentarzy;bez komentarzy;nie;nie;9;nie mam
9.8.2025 18:14:07;Akceptujê;nauczycielem;16-20 lat;Szko³a Podstawowa nr 6 im Ludwika Waryñskiego w S³upsku;Obie odpowiedzi s¹ poprawne.;s¹ normalne i potrzebne, poniewa¿ realizuj¹ szereg wa¿nych funkcji.;Przyjêcie odpowiedniej postawy cia³a lub wykonanie prostych ruchów.;Wdech odbywa siê przez nos, a wydech – przez usta.;Codzienna troska o fizycznoœæ, opieraj¹ca siê na trzech g³ównych filarach: w³aœciwej diecie, odpowiedniej iloœci snu i ruchu.;Tak;-;Zdecydowanie tak;Zdecydowanie tak;Tak;Zdecydowanie tak;5;5;-;-;-;-;10;-
9.8.2025 18:14:52;Akceptujê;nauczycielem;21 lat i wiêcej;Szko³a Podstawowa nr 6 im Ludwika Waryñskiego w S³upsku;Obie odpowiedzi s¹ poprawne.;mo¿na podzieliæ na dobre (pozytywne) i z³e (negatywne).;Przyjêcie odpowiedniej postawy cia³a lub wykonanie prostych ruchów.;Wdech odbywa siê przez nos, a wydech – przez usta.;Codzienna troska o fizycznoœæ, opieraj¹ca siê na trzech g³ównych filarach: w³aœciwej diecie, odpowiedniej iloœci snu i ruchu.;Tak;;Zdecydowanie tak;Zdecydowanie tak;Tak;Zdecydowanie tak;5;5;"oddech i æwiczenia z aplikacj¹ ""Nie panikuj"", ZZZZ ""Tabletka przeciwbólowa""";tak;nie;nie;10;nie
9.8.2025 18:15:12;Akceptujê;nauczycielem;21 lat i wiêcej;Szko³a Podstawowa nr 6 im Ludwika Waryñskiego w S³upsku;Uruchamiaj¹ ca³y zespó³ zmian w ciele, w sposobie myœlenia i zachowaniu cz³owieka.;s¹ normalne i potrzebne, poniewa¿ realizuj¹ szereg wa¿nych funkcji.;Przyjêcie odpowiedniej postawy cia³a lub wykonanie prostych ruchów.;Wdech odbywa siê przez nos, a wydech – przez usta.;Codzienna troska o fizycznoœæ, opieraj¹ca siê na trzech g³ównych filarach: w³aœciwej diecie, odpowiedniej iloœci snu i ruchu.;Tak;;Zdecydowanie tak;Raczej tak;Tak;Zdecydowanie tak;5;5;wszystkie;-;-;-;9;nie
9.8.2025 18:16:32;Akceptujê;nauczycielem;21 lat i wiêcej;Szko³a Podstawowa nr 6 im Ludwika Waryñskiego w S³upsku;Obie odpowiedzi s¹ poprawne.;s¹ normalne i potrzebne, poniewa¿ realizuj¹ szereg wa¿nych funkcji.;Przyjêcie odpowiedniej postawy cia³a lub wykonanie prostych ruchów.;Wdech odbywa siê przez nos, a wydech – przez usta.;Codzienna troska o fizycznoœæ, opieraj¹ca siê na trzech g³ównych filarach: w³aœciwej diecie, odpowiedniej iloœci snu i ruchu.;Tak;;Zdecydowanie tak;Zdecydowanie tak;Tak;Zdecydowanie tak;5;5;æwiczenia nad opanowaniem trudnych emocji;Tak;Nie;nie ;10;Nie
9.8.2025 18:17:24;Akceptujê;dyrektorem/wicedyrektorem;21 lat i wiêcej;Szko³a Podstawowa nr 6 im Ludwika Waryñskiego w S³upsku;Uruchamiaj¹ ca³y zespó³ zmian w ciele, w sposobie myœlenia i zachowaniu cz³owieka.;s¹ normalne i potrzebne, poniewa¿ realizuj¹ szereg wa¿nych funkcji.;Przyjêcie odpowiedniej postawy cia³a lub wykonanie prostych ruchów.;Wdech odbywa siê przez nos, a wydech – przez usta.;Codzienna troska o fizycznoœæ, opieraj¹ca siê na trzech g³ównych filarach: w³aœciwej diecie, odpowiedniej iloœci snu i ruchu.;Tak;Nie;Zdecydowanie tak;Zdecydowanie tak;Tak;Zdecydowanie tak;4;4;Bedê potrafi³a radziæ sobie z emocjami. Przynajmniej tak myslê;Tak, jak radziæ sobie z emocjami;Nie;Nic nie zabrak³o;10;Dziêkujê
9.8.2025 18:19:13;Akceptujê;nauczycielem;6-10 lat;Szko³a Podstawowa nr 6 im Ludwika Waryñskiego w S³upsku;Obie odpowiedzi s¹ poprawne.;s¹ normalne i potrzebne, poniewa¿ realizuj¹ szereg wa¿nych funkcji.;Przyjêcie odpowiedniej postawy cia³a lub wykonanie prostych ruchów.;Wdech odbywa siê przez nos, a wydech – przez usta.;Codzienna troska o fizycznoœæ, opieraj¹ca siê na trzech g³ównych filarach: w³aœciwej diecie, odpowiedniej iloœci snu i ruchu.;Tak;;Zdecydowanie tak;Zdecydowanie tak;Tak;Zdecydowanie tak;3;3;Odnoœnie emocji ;Postrzeganie w³asnych emocji ;Nie ;Nie, nie brakowa³o ;9;Nie 
9.8.2025 18:32:58;Akceptujê;nauczycielem;6-10 lat;Szko³a Podstawowa nr 6 im Ludwika Waryñskiego w S³upsku;Obie odpowiedzi s¹ poprawne.;s¹ normalne i potrzebne, poniewa¿ realizuj¹ szereg wa¿nych funkcji.;Przyjêcie odpowiedniej postawy cia³a lub wykonanie prostych ruchów.;Wdech odbywa siê przez nos, a wydech – przez usta.;Codzienna troska o fizycznoœæ, opieraj¹ca siê na trzech g³ównych filarach: w³aœciwej diecie, odpowiedniej iloœci snu i ruchu.;Tak;;Zdecydowanie tak;Zdecydowanie tak;Tak;Zdecydowanie tak;5;5;Konstruktywne ukojenie pojawiaj¹cych siê, nieprzyjemnych emocji. Wiele cennych wskazówek.;Inaczej postrzegam pojawianie siê u mnie oraz u innych trudne, nieprzyjemne stany emocjonalne;nie;nie;10;nie
9.8.2025 18:37:26;Akceptujê;dyrektorem/wicedyrektorem;21 lat i wiêcej;Szko³a Podstawowa nr 6 im Ludwika Waryñskiego w S³upsku;Uruchamiaj¹ ca³y zespó³ zmian w ciele, w sposobie myœlenia i zachowaniu cz³owieka.;s¹ normalne i potrzebne, poniewa¿ realizuj¹ szereg wa¿nych funkcji.;Przyjêcie odpowiedniej postawy cia³a lub wykonanie prostych ruchów.;Wdech odbywa siê przez nos, a wydech – przez usta.;Codzienna troska o fizycznoœæ, opieraj¹ca siê na trzech g³ównych filarach: w³aœciwej diecie, odpowiedniej iloœci snu i ruchu.;Tak;Nic;Zdecydowanie tak;Zdecydowanie tak;Tak;Zdecydowanie tak;4;4;Jak rdziæ sobie z emocjami;Tak;Brak;Nie;10;Poszerzy³a swoj¹ wiedzê. Dziêkujê
9.8.2025 18:38:28;Akceptujê;nauczycielem;21 lat i wiêcej;Szko³a Podstawowa nr 6 im Ludwika Waryñskiego w S³upsku;Obie odpowiedzi s¹ poprawne.;s¹ normalne i potrzebne, poniewa¿ realizuj¹ szereg wa¿nych funkcji.;Przyjêcie odpowiedniej postawy cia³a lub wykonanie prostych ruchów.;Wdech odbywa siê przez nos, a wydech – przez usta.;Codzienna troska o fizycznoœæ, opieraj¹ca siê na trzech g³ównych filarach: w³aœciwej diecie, odpowiedniej iloœci snu i ruchu.;Tak;;Raczej tak;Raczej tak;Tak;Raczej tak;5;5;...;...;...;...;8;Nie
9.8.2025 18:38:42;Akceptujê;nauczycielem;21 lat i wiêcej;Szko³a Podstawowa nr 6 im Ludwika Waryñskiego w S³upsku;Obie odpowiedzi s¹ poprawne.;mo¿na podzieliæ na dobre (pozytywne) i z³e (negatywne).;Przyjêcie odpowiedniej postawy cia³a lub wykonanie prostych ruchów.;Wdech odbywa siê przez nos, a wydech – przez usta.;Codzienna troska o fizycznoœæ, opieraj¹ca siê na trzech g³ównych filarach: w³aœciwej diecie, odpowiedniej iloœci snu i ruchu.;Tak;;Raczej tak;Raczej tak;Tak;Raczej tak;4;4;.;.;.;.;8;Nie
9.17.2025 18:29:36;Akceptujê;nauczycielem;21 lat i wiêcej;Szko³a Podstawowa im. Marii Konopnickiej w Przystajni;Uruchamiaj¹ ca³y zespó³ zmian w ciele, w sposobie myœlenia i zachowaniu cz³owieka.;s¹ normalne i potrzebne, poniewa¿ realizuj¹ szereg wa¿nych funkcji.;Przyjêcie odpowiedniej postawy cia³a lub wykonanie prostych ruchów.;Wdech odbywa siê przez nos, a wydech – przez usta.;Codzienna troska o fizycznoœæ, opieraj¹ca siê na trzech g³ównych filarach: w³aœciwej diecie, odpowiedniej iloœci snu i ruchu.;Tak;;Raczej tak;Raczej tak;Tak;Raczej tak;4;4;techniki relaksacji;n ie;nie;nie;8;nie
9.17.2025 18:29:50;Akceptujê;nauczycielem;16-20 lat;Szko³a Podstawowa im. Marii Konopnickiej w Przystajni;Obie odpowiedzi s¹ poprawne.;s¹ normalne i potrzebne, poniewa¿ realizuj¹ szereg wa¿nych funkcji.;Przyjêcie odpowiedniej postawy cia³a lub wykonanie prostych ruchów.;Wdech odbywa siê przez nos, a wydech – przez usta.;Optymistyczne nastawienie do codziennoœci i koncentrowanie siê na pozytywnych aspektach w³asnego ¿ycia.;Tak;;Zdecydowanie tak;Zdecydowanie tak;Tak;Zdecydowanie tak;5;5; ; ;  ; ;10; 
9.17.2025 18:30:45;Akceptujê;nauczycielem;21 lat i wiêcej;Szko³a Podstawowa im. Marii Konopnickiej w Przystajni;To reakcje, które pojawiaj¹ siê w odpowiedzi na subiektywnie wa¿n¹ dla danej osoby sytuacjê.;mo¿na podzieliæ na dobre (pozytywne) i z³e (negatywne).;Przyjêcie odpowiedniej postawy cia³a lub wykonanie prostych ruchów.;Wdech odbywa siê przez nos, a wydech – przez usta.;Codzienna troska o fizycznoœæ, opieraj¹ca siê na trzech g³ównych filarach: w³aœciwej diecie, odpowiedniej iloœci snu i ruchu.;Tak;;Zdecydowanie tak;Zdecydowanie tak;Tak;Zdecydowanie tak;5;5;techniki relaksacyjne;nie;nie by³o zbêdnych ttreœci;nie;10;nie
9.17.2025 18:31:03;Akceptujê;nauczycielem;1-5 lat;Szko³a Podstawowa im. Marii Konopnickiej w Przystajni;Obie odpowiedzi s¹ poprawne.;mo¿na podzieliæ na dobre (pozytywne) i z³e (negatywne).;Przyjêcie odpowiedniej postawy cia³a lub wykonanie prostych ruchów.;Wdech odbywa siê przez nos, a wydech – przez usta.;Codzienna troska o fizycznoœæ, opieraj¹ca siê na trzech g³ównych filarach: w³aœciwej diecie, odpowiedniej iloœci snu i ruchu.;Tak;;Zdecydowanie tak;Zdecydowanie tak;Tak;Zdecydowanie tak;5;5;Du¿o æwiczeñ praktycznych, zrozumia³e wyt³umaczenie pojêæ psychologicznych;To jak odczuwamy nasze emocje.;Nie;Nie;10;Nie
9.17.2025 18:31:04;Akceptujê;nauczycielem;11-15 lat;Szko³a Podstawowa im. Marii Konopnickiej w Przystajni;Obie odpowiedzi s¹ poprawne.;s¹ normalne i potrzebne, poniewa¿ realizuj¹ szereg wa¿nych funkcji.;Przyjêcie odpowiedniej postawy cia³a lub wykonanie prostych ruchów.;Wdech odbywa siê przez nos, a wydech – przez usta.;Codzienna troska o fizycznoœæ, opieraj¹ca siê na trzech g³ównych filarach: w³aœciwej diecie, odpowiedniej iloœci snu i ruchu.;Tak;;Raczej tak;Raczej tak;Tak;Raczej tak;4;4;sposoby na zmniejszenie podatnoœci na odczuwanie nieprzyjemnych emocji ;nie;nie;nie ;8;nie 
9.17.2025 18:31:06;Akceptujê;pedagogiem;1-5 lat;Szko³a Podstawowa im. Marii Konopnickiej w Przystajni;Obie odpowiedzi s¹ poprawne.;s¹ normalne i potrzebne, poniewa¿ realizuj¹ szereg wa¿nych funkcji.;Przyjêcie odpowiedniej postawy cia³a lub wykonanie prostych ruchów.;Wdech odbywa siê przez nos, a wydech – przez usta.;Codzienna troska o fizycznoœæ, opieraj¹ca siê na trzech g³ównych filarach: w³aœciwej diecie, odpowiedniej iloœci snu i ruchu.;Tak;;Zdecydowanie tak;Zdecydowanie tak;Tak;Zdecydowanie tak;5;5;Cwiczenia i sposoby redukowania napiêcia;Podkreœli³y pewne kwestie;Nie ma takich;Niczego nie zabraklo;10;Nie mam, dziêkujê 
9.17.2025 18:31:15;Akceptujê;nauczycielem;21 lat i wiêcej;Szko³a Podstawowa im. Marii Konopnickiej w Przystajni;Obie odpowiedzi s¹ poprawne.;mo¿na podzieliæ na dobre (pozytywne) i z³e (negatywne).;Przyjêcie odpowiedniej postawy cia³a lub wykonanie prostych ruchów.;Wdech odbywa siê przez nos, a wydech – przez usta.;Codzienna troska o fizycznoœæ, opieraj¹ca siê na trzech g³ównych filarach: w³aœciwej diecie, odpowiedniej iloœci snu i ruchu.;Tak;;Zdecydowanie tak;Raczej tak;Tak;Raczej tak;4;4;.;.;.;.;9;.
9.17.2025 18:31:16;Akceptujê;nauczycielem;16-20 lat;Szko³a Podstawowa im. Marii Konopnickiej w Przystajni;Obie odpowiedzi s¹ poprawne.;s¹ normalne i potrzebne, poniewa¿ realizuj¹ szereg wa¿nych funkcji.;Przyjêcie odpowiedniej postawy cia³a lub wykonanie prostych ruchów.;Wdech odbywa siê przez nos, a wydech – przez usta.;Codzienna troska o fizycznoœæ, opieraj¹ca siê na trzech g³ównych filarach: w³aœciwej diecie, odpowiedniej iloœci snu i ruchu.;Tak;;Zdecydowanie tak;Zdecydowanie tak;Tak;Zdecydowanie tak;5;5;przyk³ady z ¿ycia i pracy;postrzegania swoich emocji;nie by³o zbêdnych treœci;nie;10;nie
9.17.2025 18:31:31;Akceptujê;nauczycielem;21 lat i wiêcej;Szko³a Podstawowa im. Marii Konopnickiej w Przystajni;Obie odpowiedzi s¹ poprawne.;s¹ normalne i potrzebne, poniewa¿ realizuj¹ szereg wa¿nych funkcji.;Przyjêcie odpowiedniej postawy cia³a lub wykonanie prostych ruchów.;Wdech odbywa siê przez nos, a wydech – przez usta.;Codzienna troska o fizycznoœæ, opieraj¹ca siê na trzech g³ównych filarach: w³aœciwej diecie, odpowiedniej iloœci snu i ruchu.;Tak;;Zdecydowanie tak;Zdecydowanie tak;Tak;Zdecydowanie tak;5;5;oddechy;tak;nie;nic;10;nie mam
9.17.2025 18:31:49;Akceptujê;nauczycielem;mniej ni¿ rok;Szko³a Podstawowa im. Marii Konopnickiej w Przystajni;Obie odpowiedzi s¹ poprawne.;mo¿na podzieliæ na dobre (pozytywne) i z³e (negatywne).;Zjedzenie czegoœ s³odkiego.;Wdech odbywa siê przez nos, a wydech – przez usta.;Optymistyczne nastawienie do codziennoœci i koncentrowanie siê na pozytywnych aspektach w³asnego ¿ycia.;Tak;wszystko ok;Raczej tak;Zdecydowanie tak;Tak;Zdecydowanie tak;5;5;æwiczenia relaksacyjne;moich emocji i ich rozumienia;nie by³o;nie by³o;9;nie
9.17.2025 18:32:29;Akceptujê;nauczycielem;11-15 lat;Szko³a Podstawowa im. Marii Konopnickiej w Przystajni;Obie odpowiedzi s¹ poprawne.;mo¿na podzieliæ na dobre (pozytywne) i z³e (negatywne).;Przyjêcie odpowiedniej postawy cia³a lub wykonanie prostych ruchów.;Wdech odbywa siê przez nos, a wydech – przez usta.;Codzienna troska o fizycznoœæ, opieraj¹ca siê na trzech g³ównych filarach: w³aœciwej diecie, odpowiedniej iloœci snu i ruchu.;Tak;;Zdecydowanie tak;Zdecydowanie tak;Tak;Zdecydowanie tak;5;5;Postawa cia³a, sposoby na lepsze samopoczucie;Tak;Nie;Nie;10;Nie
9.17.2025 18:32:42;Akceptujê;nauczycielem;21 lat i wiêcej;Szko³a Podstawowa im. Marii Konopnickiej w Przystajni;Uruchamiaj¹ ca³y zespó³ zmian w ciele, w sposobie myœlenia i zachowaniu cz³owieka.;s¹ normalne i potrzebne, poniewa¿ realizuj¹ szereg wa¿nych funkcji.;Przyjêcie odpowiedniej postawy cia³a lub wykonanie prostych ruchów.;Wdech odbywa siê przez nos, a wydech – przez usta.;Codzienna troska o fizycznoœæ, opieraj¹ca siê na trzech g³ównych filarach: w³aœciwej diecie, odpowiedniej iloœci snu i ruchu.;Tak;;Zdecydowanie tak;Zdecydowanie tak;Tak;Zdecydowanie tak;4;4;Æwiczenia oddechowe, mo¿na zawsze je wykonaæ;Emocje dotycz¹ ka¿dego;nie;nie;9;nie
9.17.2025 18:32:42;Akceptujê;nauczycielem;16-20 lat;Szko³a Podstawowa im. Marii Konopnickiej w Przystajni;Obie odpowiedzi s¹ poprawne.;mo¿na podzieliæ na dobre (pozytywne) i z³e (negatywne).;Przyjêcie odpowiedniej postawy cia³a lub wykonanie prostych ruchów.;Wdech odbywa siê przez nos, a wydech – przez usta.;Codzienna troska o fizycznoœæ, opieraj¹ca siê na trzech g³ównych filarach: w³aœciwej diecie, odpowiedniej iloœci snu i ruchu.;Tak;;Zdecydowanie tak;Zdecydowanie tak;Tak;Raczej tak;4;4;Sposoby radzeniqa sobie ze stresem i z³ymi emocjami;tak;-;-;7;-
9.17.2025 18:32:50;Akceptujê;nauczycielem;21 lat i wiêcej;Szko³a Podstawowa im. Marii Konopnickiej w Przystajni;Nie wiem;s¹ normalne i potrzebne, poniewa¿ realizuj¹ szereg wa¿nych funkcji.;Przyjêcie odpowiedniej postawy cia³a lub wykonanie prostych ruchów.;Wdech odbywa siê przez nos, a wydech – przez usta.;Codzienna troska o fizycznoœæ, opieraj¹ca siê na trzech g³ównych filarach: w³aœciwej diecie, odpowiedniej iloœci snu i ruchu.;Tak;;Zdecydowanie tak;Zdecydowanie tak;Tak;Raczej tak;4;4;cwiczenia;nie;raczej nie ma takich;nie;9;nie
9.17.2025 18:33:03;Akceptujê;nauczycielem;21 lat i wiêcej;Szko³a Podstawowa im. Marii Konopnickiej w Przystajni;Obie odpowiedzi s¹ poprawne.;s¹ normalne i potrzebne, poniewa¿ realizuj¹ szereg wa¿nych funkcji.;Przyjêcie odpowiedniej postawy cia³a lub wykonanie prostych ruchów.;Wdech odbywa siê przez nos, a wydech – przez usta.;Codzienna troska o fizycznoœæ, opieraj¹ca siê na trzech g³ównych filarach: w³aœciwej diecie, odpowiedniej iloœci snu i ruchu.;Tak;;Zdecydowanie tak;Zdecydowanie tak;Tak;Zdecydowanie tak;5;5;Æwiczenia na ataki paniki;Tak, na depresjê.;Nie;nie;10;Nie
9.17.2025 18:33:03;Akceptujê;nauczycielem;16-20 lat;Szko³a Podstawowa im. Marii Konopnickiej w Przystajni;Obie odpowiedzi s¹ poprawne.;s¹ normalne i potrzebne, poniewa¿ realizuj¹ szereg wa¿nych funkcji.;Przyjêcie odpowiedniej postawy cia³a lub wykonanie prostych ruchów.;Wdech odbywa siê przez nos, a wydech – przez usta.;Codzienna troska o fizycznoœæ, opieraj¹ca siê na trzech g³ównych filarach: w³aœciwej diecie, odpowiedniej iloœci snu i ruchu.;Tak;;Raczej tak;Raczej tak;Tak;Raczej tak;4;4;Radzenie sobie z emocjami.;Emocje.;Nie.;Nie.;8;Nie.
9.17.2025 18:33:22;Akceptujê;nauczycielem;21 lat i wiêcej;Szko³a Podstawowa im. Marii Konopnickiej w Przystajni;Obie odpowiedzi s¹ poprawne.;s¹ normalne i potrzebne, poniewa¿ realizuj¹ szereg wa¿nych funkcji.;Przyjêcie odpowiedniej postawy cia³a lub wykonanie prostych ruchów.;Wdech odbywa siê przez nos, a wydech – przez usta.;Codzienna troska o fizycznoœæ, opieraj¹ca siê na trzech g³ównych filarach: w³aœciwej diecie, odpowiedniej iloœci snu i ruchu.;Tak;;Raczej tak;Zdecydowanie tak;Tak;Raczej tak;4;4;.;tak;tak;nie;9;nie
9.17.2025 18:33:24;Akceptujê;pedagogiem;16-20 lat;Szko³a Podstawowa im. Marii Konopnickiej w Przystajni;Obie odpowiedzi s¹ poprawne.;s¹ normalne i potrzebne, poniewa¿ realizuj¹ szereg wa¿nych funkcji.;Przyjêcie odpowiedniej postawy cia³a lub wykonanie prostych ruchów.;Wdech odbywa siê przez nos, a wydech – przez usta.;Codzienna troska o fizycznoœæ, opieraj¹ca siê na trzech g³ównych filarach: w³aœciwej diecie, odpowiedniej iloœci snu i ruchu.;Tak;Wszystko by³o okej;Zdecydowanie tak;Zdecydowanie tak;Tak;Zdecydowanie tak;5;5;Æwiczenia oddechowe, æwiczenia relaksacyjne, ;¯e pewne emocje mo¿na uregulowaæ te¿ oddechem;Brak takich treœci;Brak takich treœci;10;Nie mam
9.17.2025 18:34:17;Akceptujê;nauczycielem;21 lat i wiêcej;Szko³a Podstawowa im. Marii Konopnickiej w Przystajni;Obie odpowiedzi s¹ poprawne.;mo¿na podzieliæ na dobre (pozytywne) i z³e (negatywne).;Przyjêcie odpowiedniej postawy cia³a lub wykonanie prostych ruchów.;Wdech odbywa siê przez nos, a wydech – przez usta.;Codzienna troska o fizycznoœæ, opieraj¹ca siê na trzech g³ównych filarach: w³aœciwej diecie, odpowiedniej iloœci snu i ruchu.;Tak;;Zdecydowanie tak;Zdecydowanie tak;Tak;Raczej tak;5;4;wszystkie;tak;trudno powiedzieæ;nie;9;nie
9.17.2025 18:34:54;Akceptujê;nauczycielem;21 lat i wiêcej;Szko³a Podstawowa im. Marii Konopnickiej w Przystajni;Obie odpowiedzi s¹ poprawne.;s¹ normalne i potrzebne, poniewa¿ realizuj¹ szereg wa¿nych funkcji.;Przyjêcie odpowiedniej postawy cia³a lub wykonanie prostych ruchów.;Wdech odbywa siê przez nos, a wydech – przez usta.;Optymistyczne nastawienie do codziennoœci i koncentrowanie siê na pozytywnych aspektach w³asnego ¿ycia.;Tak;;Zdecydowanie tak;Zdecydowanie tak;Tak;Zdecydowanie tak;5;5;Sekwencja TIPP;Zwróci³o uwagê na wykorzystanie prostych metod ;Nie ;"Zwrócenie uwagi, ¿e ""nie sam¹ prac¹ ¿yje cz³owiek""";10;Nie 
9.17.2025 18:36:37;Akceptujê;nauczycielem;11-15 lat;Szko³a Podstawowa im. Marii Konopnickiej w Przystajni;Obie odpowiedzi s¹ poprawne.;s¹ normalne i potrzebne, poniewa¿ realizuj¹ szereg wa¿nych funkcji.;Przyjêcie odpowiedniej postawy cia³a lub wykonanie prostych ruchów.;Wdech odbywa siê przez nos, a wydech – przez usta.;Codzienna troska o fizycznoœæ, opieraj¹ca siê na trzech g³ównych filarach: w³aœciwej diecie, odpowiedniej iloœci snu i ruchu.;Tak;;Zdecydowanie tak;Zdecydowanie tak;Tak;Zdecydowanie tak;4;4;Poznane techniki radzenia sobie z emocjami;-;-;-;10;-
9.17.2025 18:37:55;Akceptujê;nauczycielem;21 lat i wiêcej;Szko³a Podstawowa im. Marii Konopnickiej w Przystajni;Obie odpowiedzi s¹ poprawne.;mo¿na podzieliæ na dobre (pozytywne) i z³e (negatywne).;Przyjêcie odpowiedniej postawy cia³a lub wykonanie prostych ruchów.;Wdech odbywa siê przez nos, a wydech – przez usta.;Codzienna troska o fizycznoœæ, opieraj¹ca siê na trzech g³ównych filarach: w³aœciwej diecie, odpowiedniej iloœci snu i ruchu.;Nie;Zbyt d³ugi wstêp, przekazywana wiedza by³a mi znana od wielu lat - zabrak³o czegoœ nowego.;Raczej tak;Raczej tak;Tak;Raczej nie;1;1;treœci przekazywane na spotkaniu nie by³y dla mnie nowe.;Nic nie zmieni³o;Wiêkszoœæ - bo by³y mi znane ;Przekazywana wiedza jest mi znana spodziewa³am siê czegoœ nowego.;3;Nie
9.23.2025 18:23:42;Akceptujê;psychologiem;mniej ni¿ rok;Zespó³ Szkó³ w Szczurowej;Obie odpowiedzi s¹ poprawne.;s¹ normalne i potrzebne, poniewa¿ realizuj¹ szereg wa¿nych funkcji.;Przyjêcie odpowiedniej postawy cia³a lub wykonanie prostych ruchów.;Wdech i wydech odbywaj¹ siê przez nos.;Codzienna troska o fizycznoœæ, opieraj¹ca siê na trzech g³ównych filarach: w³aœciwej diecie, odpowiedniej iloœci snu i ruchu.;Tak;Brak;Raczej tak;Raczej tak;Tak;Raczej tak;2;4;-;-;-;-;6;Brak 
9.23.2025 18:24:04;Akceptujê;pedagogiem;11-15 lat;Zespó³ Szkó³ w Szczurowej;Obie odpowiedzi s¹ poprawne.;s¹ normalne i potrzebne, poniewa¿ realizuj¹ szereg wa¿nych funkcji.;Przyjêcie odpowiedniej postawy cia³a lub wykonanie prostych ruchów.;Wdech odbywa siê przez nos, a wydech – przez usta.;Codzienna troska o fizycznoœæ, opieraj¹ca siê na trzech g³ównych filarach: w³aœciwej diecie, odpowiedniej iloœci snu i ruchu.;Tak;;Zdecydowanie tak;Zdecydowanie tak;Tak;Zdecydowanie tak;5;5;przyk³ady tabletek emocjonalnych;Przede wszystkim zwróci³o uwagê na mocn¹ potrzebê balansu w ¿yciu;nie by³o;nie;9;nie mam
9.23.2025 18:24:49;Akceptujê;nauczycielem;21 lat i wiêcej;Zespó³ Szkó³ w Szczurowej;Obie odpowiedzi s¹ poprawne.;s¹ normalne i potrzebne, poniewa¿ realizuj¹ szereg wa¿nych funkcji.;Przyjêcie odpowiedniej postawy cia³a lub wykonanie prostych ruchów.;Wdech odbywa siê przez nos, a wydech – przez usta.;Codzienna troska o fizycznoœæ, opieraj¹ca siê na trzech g³ównych filarach: w³aœciwej diecie, odpowiedniej iloœci snu i ruchu.;Tak;Nic;Zdecydowanie tak;Zdecydowanie tak;Tak;Raczej tak;5;5;Sposoby oddychania;tak;nie;nie;10;nie
9.23.2025 18:24:55;Akceptujê;nauczycielem;16-20 lat;Zespó³ Szkó³ w Szczurowej;Uruchamiaj¹ ca³y zespó³ zmian w ciele, w sposobie myœlenia i zachowaniu cz³owieka.;s¹ normalne i potrzebne, poniewa¿ realizuj¹ szereg wa¿nych funkcji.;Przyjêcie odpowiedniej postawy cia³a lub wykonanie prostych ruchów.;Wdech odbywa siê przez nos, a wydech – przez usta.;Codzienna troska o fizycznoœæ, opieraj¹ca siê na trzech g³ównych filarach: w³aœciwej diecie, odpowiedniej iloœci snu i ruchu.;Tak;;Raczej tak;Raczej tak;Tak;Raczej tak;4;4;doœwiadczenie, wiedza prowadz¹cego;dba³oœæ o swoje dobro;nie;nie;9;nie
9.23.2025 18:25:38;Akceptujê;nauczycielem;21 lat i wiêcej;Zespó³ Szkó³ w Szczurowej;Obie odpowiedzi s¹ poprawne.;s¹ normalne i potrzebne, poniewa¿ realizuj¹ szereg wa¿nych funkcji.;Przyjêcie odpowiedniej postawy cia³a lub wykonanie prostych ruchów.;Wdech odbywa siê przez nos, a wydech – przez usta.;Codzienna troska o fizycznoœæ, opieraj¹ca siê na trzech g³ównych filarach: w³aœciwej diecie, odpowiedniej iloœci snu i ruchu.;Tak;;Zdecydowanie tak;Zdecydowanie tak;Tak;Zdecydowanie tak;5;5;techniki oddychania;tak;nie;nie;10;nie
9.23.2025 18:26:53;Akceptujê;nauczycielem;21 lat i wiêcej;Zespó³ Szkó³ w Szczurowej;Obie odpowiedzi s¹ poprawne.;mo¿na podzieliæ na dobre (pozytywne) i z³e (negatywne).;Przyjêcie odpowiedniej postawy cia³a lub wykonanie prostych ruchów.;Wdech odbywa siê przez nos, a wydech – przez usta.;Codzienna troska o fizycznoœæ, opieraj¹ca siê na trzech g³ównych filarach: w³aœciwej diecie, odpowiedniej iloœci snu i ruchu.;Tak;Wszystko ok;Zdecydowanie tak;Zdecydowanie tak;Tak;Raczej tak;4;4;Æwiczenia;Wyciszeniu emocji;nie;nie;9;nie
9.23.2025 18:30:27;Akceptujê;nauczycielem;21 lat i wiêcej;Zespó³ Szkó³ w Szczurowej;Obie odpowiedzi s¹ poprawne.;mo¿na podzieliæ na dobre (pozytywne) i z³e (negatywne).;Przyjêcie odpowiedniej postawy cia³a lub wykonanie prostych ruchów.;Wdech odbywa siê przez nos, a wydech – przez usta.;Codzienna troska o fizycznoœæ, opieraj¹ca siê na trzech g³ównych filarach: w³aœciwej diecie, odpowiedniej iloœci snu i ruchu.;Tak;;Zdecydowanie tak;Zdecydowanie tak;Tak;Zdecydowanie tak;5;5;Wszystkie;Uporz¹dkowa³o moj¹ wiedzê.;Nie by³o takich.;Nie;10;Nie
9.23.2025 18:31:28;Akceptujê;nauczycielem;21 lat i wiêcej;Zespó³ Szkó³ w Szczurowej;Obie odpowiedzi s¹ poprawne.;s¹ normalne i potrzebne, poniewa¿ realizuj¹ szereg wa¿nych funkcji.;Przyjêcie odpowiedniej postawy cia³a lub wykonanie prostych ruchów.;Wdech odbywa siê przez nos, a wydech – przez usta.;Codzienna troska o fizycznoœæ, opieraj¹ca siê na trzech g³ównych filarach: w³aœciwej diecie, odpowiedniej iloœci snu i ruchu.;Tak;;Zdecydowanie tak;Zdecydowanie tak;Tak;Zdecydowanie tak;5;5;Uspokojenie emocji, niezbêdne do sprawnego funkcjonowania.;Spotkanie zmieni³o mój sposób postrzegania -  wa¿noœæ oddechu na uspokojenie cia³a i ducha.;Nie;Bez zastrze¿eñ.;10;Nie mam ¿adnych uwag.
9.23.2025 18:33:36;Akceptujê;nauczycielem;16-20 lat;Zespó³ Szkó³ w Szczurowej;Obie odpowiedzi s¹ poprawne.;s¹ normalne i potrzebne, poniewa¿ realizuj¹ szereg wa¿nych funkcji.;Przyjêcie odpowiedniej postawy cia³a lub wykonanie prostych ruchów.;Wdech odbywa siê przez nos, a wydech – przez usta.;Codzienna troska o fizycznoœæ, opieraj¹ca siê na trzech g³ównych filarach: w³aœciwej diecie, odpowiedniej iloœci snu i ruchu.;Tak;;Raczej tak;Raczej tak;Tak;Raczej tak;4;4;Roz³adowywanie negatywnych emocji;Tak;Nie;Raczej nie;8;Nie
9.23.2025 18:36:09;Akceptujê;nauczycielem;21 lat i wiêcej;Zespó³ Szkó³ w Szczurowej;Obie odpowiedzi s¹ poprawne.;s¹ normalne i potrzebne, poniewa¿ realizuj¹ szereg wa¿nych funkcji.;Przyjêcie odpowiedniej postawy cia³a lub wykonanie prostych ruchów.;Wdech odbywa siê przez nos, a wydech – przez usta.;Codzienna troska o fizycznoœæ, opieraj¹ca siê na trzech g³ównych filarach: w³aœciwej diecie, odpowiedniej iloœci snu i ruchu.;Tak;;Zdecydowanie tak;Zdecydowanie tak;Tak;Zdecydowanie tak;5;5;Sposoby radzenia sobie ze stresem;Tak;Brak;Wszystkie niezbêdne treœci zosta³y przekazane.;10;Brak
9.23.2025 18:39:00;Akceptujê;nauczycielem;mniej ni¿ rok;Zespó³ Szkó³ w Szczurowej;Obie odpowiedzi s¹ poprawne.;s¹ normalne i potrzebne, poniewa¿ realizuj¹ szereg wa¿nych funkcji.;Przyjêcie odpowiedniej postawy cia³a lub wykonanie prostych ruchów.;Wdech odbywa siê przez nos, a wydech – przez usta.;Codzienna troska o fizycznoœæ, opieraj¹ca siê na trzech g³ównych filarach: w³aœciwej diecie, odpowiedniej iloœci snu i ruchu.;Tak;;Zdecydowanie tak;Zdecydowanie tak;Tak;Zdecydowanie tak;5;5;"
Praktyczne sposoby radzenia sobie z emocjami, poniewa¿ z trudnymi sytuacjami mamy do czynienia na co dzieñ ";Tak, pokaza³o jak radziæ sobie z w³asnymi emocjami;nie;nie;10;Nie
9.23.2025 18:39:14;Akceptujê;nauczycielem;mniej ni¿ rok;Zespó³ Szkó³ w Szczurowej;Obie odpowiedzi s¹ poprawne.;s¹ normalne i potrzebne, poniewa¿ realizuj¹ szereg wa¿nych funkcji.;Przyjêcie odpowiedniej postawy cia³a lub wykonanie prostych ruchów.;Wdech odbywa siê przez nos, a wydech – przez usta.;Codzienna troska o fizycznoœæ, opieraj¹ca siê na trzech g³ównych filarach: w³aœciwej diecie, odpowiedniej iloœci snu i ruchu.;Tak;;Zdecydowanie tak;Zdecydowanie tak;Tak;Zdecydowanie tak;5;5;Praktyczne sposoby radzenia sobie z emocjami, poniewa¿ mo¿na je wykorzystaæ w codziennych sytuacjach w pracy zawodowej;Dziêki spotakniu usystematyzowa³am wiedzê jak radziæ sobie w sytuacjach kryzysowych.;Nie, nie by³o takich treœci.;Nie;10;Bardzo dziêkujê i polecam szkolenie.
9.23.2025 18:39:56;Akceptujê;nauczycielem;6-10 lat;Zespó³ Szkó³ w Szczurowej;Obie odpowiedzi s¹ poprawne.;s¹ normalne i potrzebne, poniewa¿ realizuj¹ szereg wa¿nych funkcji.;Przyjêcie odpowiedniej postawy cia³a lub wykonanie prostych ruchów.;Wdech i wydech odbywaj¹ siê przez nos.;Codzienna troska o fizycznoœæ, opieraj¹ca siê na trzech g³ównych filarach: w³aœciwej diecie, odpowiedniej iloœci snu i ruchu.;Tak;;Zdecydowanie tak;Zdecydowanie tak;Tak;Zdecydowanie tak;5;5;o sposobach SIOM;"tak, o tym jak radziæ sobie ze zmêczeniem
";nie;nie;10;nie mam
9.23.2025 18:43:53;Akceptujê;nauczycielem;1-5 lat;Zespó³ Szkó³ w Szczurowej;Obie odpowiedzi s¹ poprawne.;mo¿na podzieliæ na dobre (pozytywne) i z³e (negatywne).;Przyjêcie odpowiedniej postawy cia³a lub wykonanie prostych ruchów.;Wdech odbywa siê przez nos, a wydech – przez usta.;Codzienna troska o fizycznoœæ, opieraj¹ca siê na trzech g³ównych filarach: w³aœciwej diecie, odpowiedniej iloœci snu i ruchu.;Tak;;Zdecydowanie tak;Zdecydowanie tak;Tak;Zdecydowanie tak;5;5;Æwiczenia;Jak radziæ sobie z emocjami;Nie;Nie;10;Nie
9.23.2025 19:56:19;Akceptujê;nauczycielem;1-5 lat;Zespó³ Szkó³ w Szczurowej;To reakcje, które pojawiaj¹ siê w odpowiedzi na subiektywnie wa¿n¹ dla danej osoby sytuacjê.;s¹ normalne i potrzebne, poniewa¿ realizuj¹ szereg wa¿nych funkcji.;Przyjêcie odpowiedniej postawy cia³a lub wykonanie prostych ruchów.;Wdech i wydech odbywaj¹ siê przez nos.;Codzienna troska o fizycznoœæ, opieraj¹ca siê na trzech g³ównych filarach: w³aœciwej diecie, odpowiedniej iloœci snu i ruchu.;Tak;;Zdecydowanie tak;Zdecydowanie tak;Tak;Zdecydowanie tak;5;5;Techniki relaksacji w trakcie pracy z uczniami;Pokazslonjsk œwiadomie radziæ sobie z napiêciem emocjonalnym, stresem;Nie ;Nie;10;Nie
9.23.2025 23:08:33;Akceptujê;nauczycielem;16-20 lat;Zespó³ Szkó³ w Szczurowej;Obie odpowiedzi s¹ poprawne.;s¹ normalne i potrzebne, poniewa¿ realizuj¹ szereg wa¿nych funkcji.;Przyjêcie odpowiedniej postawy cia³a lub wykonanie prostych ruchów.;Wdech odbywa siê przez nos, a wydech – przez usta.;Codzienna troska o fizycznoœæ, opieraj¹ca siê na trzech g³ównych filarach: w³aœciwej diecie, odpowiedniej iloœci snu i ruchu.;Tak;Nic;Zdecydowanie tak;Zdecydowanie tak;Tak;Zdecydowanie tak;5;5;Wiedza na temat tego jak radziæ sobie z emocjami ;Tak treœci dotycz¹ce radzenia sobie z emocjami.;Nie;Nie;10;Nie
9.29.2025 11:52:00;Akceptujê;psychologiem;6-10 lat;Zespó³ Placówek Oœwiatowych w Leœnicy;Obie odpowiedzi s¹ poprawne.;s¹ normalne i potrzebne, poniewa¿ realizuj¹ szereg wa¿nych funkcji.;Przyjêcie odpowiedniej postawy cia³a lub wykonanie prostych ruchów.;Wdech odbywa siê przez nos, a wydech – przez usta.;Codzienna troska o fizycznoœæ, opieraj¹ca siê na trzech g³ównych filarach: w³aœciwej diecie, odpowiedniej iloœci snu i ruchu.;Tak;;Zdecydowanie tak;Zdecydowanie tak;Tak;Zdecydowanie tak;4;4;Wszystko ;Nie;Nie ma;Nie;10;Nie
9.29.2025 11:59:25;Akceptujê;wychowawca w internacie MOW;21 lat i wiêcej;Zespó³ Placówek Oœwiatowych w Leœnicy;Obie odpowiedzi s¹ poprawne.;s¹ normalne i potrzebne, poniewa¿ realizuj¹ szereg wa¿nych funkcji.;Przyjêcie odpowiedniej postawy cia³a lub wykonanie prostych ruchów.;Wdech odbywa siê przez nos, a wydech – przez usta.;Codzienna troska o fizycznoœæ, opieraj¹ca siê na trzech g³ównych filarach: w³aœciwej diecie, odpowiedniej iloœci snu i ruchu.;Tak;;Zdecydowanie tak;Raczej tak;Tak;Raczej tak;4;4;jak roz³adowaæ szybko nieprzyjemne emocje;Znaczenie oddechu;Nie by³o;...;9;Nie mam
9.29.2025 12:05:55;Akceptujê;dyrektorem/wicedyrektorem;16-20 lat;Zespó³ Placówek Oœwiatowych w Leœnicy;Obie odpowiedzi s¹ poprawne.;s¹ normalne i potrzebne, poniewa¿ realizuj¹ szereg wa¿nych funkcji.;Przyjêcie odpowiedniej postawy cia³a lub wykonanie prostych ruchów.;Wdech odbywa siê przez nos, a wydech – przez usta.;Codzienna troska o fizycznoœæ, opieraj¹ca siê na trzech g³ównych filarach: w³aœciwej diecie, odpowiedniej iloœci snu i ruchu.;Tak;;Raczej tak;Raczej tak;Tak;Raczej tak;4;4;Sposoby radzenia sobie w sytuacjach stresowych;Tak, wszelkie emocje których doœwiadczamy na co dzieñ s¹ potrzebne ;Nie;Nie;8;Nie
9.29.2025 12:06:03;Akceptujê;dyrektorem/wicedyrektorem;16-20 lat;Zespó³ Placówek Oœwiatowych w Leœnicy;Obie odpowiedzi s¹ poprawne.;s¹ normalne i potrzebne, poniewa¿ realizuj¹ szereg wa¿nych funkcji.;Przyjêcie odpowiedniej postawy cia³a lub wykonanie prostych ruchów.;Wdech odbywa siê przez nos, a wydech – przez usta.;Codzienna troska o fizycznoœæ, opieraj¹ca siê na trzech g³ównych filarach: w³aœciwej diecie, odpowiedniej iloœci snu i ruchu.;Tak;;Zdecydowanie tak;Zdecydowanie tak;Tak;Zdecydowanie tak;4;4;"sposoby radzenia sobie nag³ych sytuacjach stresowych, próba wyciszenia emocji
";Tak, wszelkie emocji, których doœwiadczamy na co dzieñ s¹ potrzebne;nie;nie;10;brak
9.29.2025 12:10:09;Akceptujê;kierownikiem;11-15 lat;Zespó³ Placówek Oœwiatowych w Leœnicy;Obie odpowiedzi s¹ poprawne.;s¹ normalne i potrzebne, poniewa¿ realizuj¹ szereg wa¿nych funkcji.;Przyjêcie odpowiedniej postawy cia³a lub wykonanie prostych ruchów.;Wdech odbywa siê przez nos, a wydech – przez usta.;Codzienna troska o fizycznoœæ, opieraj¹ca siê na trzech g³ównych filarach: w³aœciwej diecie, odpowiedniej iloœci snu i ruchu.;Tak;wszystkie treœci by³y przydatne;Raczej tak;Raczej tak;Tak;Raczej tak;4;4;"kwestie radzenia sobie z trudnymi emocjami na ""tu i teraz""";tak, nie ma z³ych emocji;nie;nie;8;nie
10.2.2025 17:49:15;Akceptujê;nauczycielem;16-20 lat;Zespó³ Szkó³ Agroprzedsiêbiorczoœci im. M. Kopernika w Rzeszowie;To reakcje, które pojawiaj¹ siê w odpowiedzi na subiektywnie wa¿n¹ dla danej osoby sytuacjê.;s¹ normalne i potrzebne, poniewa¿ realizuj¹ szereg wa¿nych funkcji.;Przyjêcie odpowiedniej postawy cia³a lub wykonanie prostych ruchów.;Wdech odbywa siê przez nos, a wydech – przez usta.;Codzienna troska o fizycznoœæ, opieraj¹ca siê na trzech g³ównych filarach: w³aœciwej diecie, odpowiedniej iloœci snu i ruchu.;Tak;;Zdecydowanie tak;Zdecydowanie tak;Tak;Zdecydowanie tak;5;5;Wszystkie praktyczne wskazowki;Pokaza³o mi, ze ja tez jestem wa¿na. I to od mojego stanu zale¿y to jak uczniowie beda na lekcji pracowac;Nie ma takich;Nie;9;Nie, dziêkujê. Byli fantastycznie.
10.2.2025 17:52:32;Akceptujê;nauczycielem;16-20 lat;Zespó³ Szkó³ Agroprzedsiêbiorczoœci im. M. Kopernika w Rzeszowie;Obie odpowiedzi s¹ poprawne.;s¹ normalne i potrzebne, poniewa¿ realizuj¹ szereg wa¿nych funkcji.;Przyjêcie odpowiedniej postawy cia³a lub wykonanie prostych ruchów.;Wdech odbywa siê przez usta, a wydech – przez nos.;Codzienna troska o fizycznoœæ, opieraj¹ca siê na trzech g³ównych filarach: w³aœciwej diecie, odpowiedniej iloœci snu i ruchu.;Tak;Nic;Zdecydowanie tak;Zdecydowanie tak;Tak;Zdecydowanie tak;5;5;Sposoby regulacji emocji. Tabletki;Czym s¹ emocje. Woda;Nie by³o takich;Nie;10;Nie
10.2.2025 17:52:42;Akceptujê;nauczycielem;1-5 lat;Zespó³ Szkó³ Agroprzedsiêbiorczoœci im. M. Kopernika w Rzeszowie;To reakcje, które pojawiaj¹ siê w odpowiedzi na subiektywnie wa¿n¹ dla danej osoby sytuacjê.;s¹ normalne i potrzebne, poniewa¿ realizuj¹ szereg wa¿nych funkcji.;Przyjêcie odpowiedniej postawy cia³a lub wykonanie prostych ruchów.;Wdech odbywa siê przez nos, a wydech – przez usta.;Codzienna troska o fizycznoœæ, opieraj¹ca siê na trzech g³ównych filarach: w³aœciwej diecie, odpowiedniej iloœci snu i ruchu.;Tak;-;Raczej tak;Raczej tak;Tak;Raczej tak;4;4;-;Gniewu.;-;-;9;-
10.2.2025 17:54:49;Akceptujê;nauczycielem;21 lat i wiêcej;Zespó³ Szkó³ Agroprzedsiêbiorczoœci im. M. Kopernika w Rzeszowie;Obie odpowiedzi s¹ poprawne.;s¹ normalne i potrzebne, poniewa¿ realizuj¹ szereg wa¿nych funkcji.;Przyjêcie odpowiedniej postawy cia³a lub wykonanie prostych ruchów.;Wdech odbywa siê przez nos, a wydech – przez usta.;Codzienna troska o fizycznoœæ, opieraj¹ca siê na trzech g³ównych filarach: w³aœciwej diecie, odpowiedniej iloœci snu i ruchu.;Tak;-;Zdecydowanie tak;Zdecydowanie tak;Tak;Raczej tak;5;5;techniki relaksacji;temperatury emocji;-;Tego, co wp³ywa na emocje nauczycieli - brak szacunku, hejt, ci¹g³e zmiany i marne pieni¹dze, polityka, jak z tym sobie poradziæ?;10;-
10.2.2025 17:54:57;Akceptujê;nauczycielem;16-20 lat;Zespó³ Szkó³ Agroprzedsiêbiorczoœci im. M. Kopernika w Rzeszowie;Obie odpowiedzi s¹ poprawne.;s¹ normalne i potrzebne, poniewa¿ realizuj¹ szereg wa¿nych funkcji.;Przyjêcie odpowiedniej postawy cia³a lub wykonanie prostych ruchów.;Wdech odbywa siê przez nos, a wydech – przez usta.;Codzienna troska o fizycznoœæ, opieraj¹ca siê na trzech g³ównych filarach: w³aœciwej diecie, odpowiedniej iloœci snu i ruchu.;Tak;;Zdecydowanie tak;Zdecydowanie tak;Tak;Zdecydowanie tak;5;4;-;-;-;-;10;-
10.2.2025 17:55:52;Akceptujê;nauczycielem;21 lat i wiêcej;Zespó³ Szkó³ Agroprzedsiêbiorczoœci im. M. Kopernika w Rzeszowie;Obie odpowiedzi s¹ poprawne.;s¹ normalne i potrzebne, poniewa¿ realizuj¹ szereg wa¿nych funkcji.;Przyjêcie odpowiedniej postawy cia³a lub wykonanie prostych ruchów.;Wdech odbywa siê przez nos, a wydech – przez usta.;Codzienna troska o fizycznoœæ, opieraj¹ca siê na trzech g³ównych filarach: w³aœciwej diecie, odpowiedniej iloœci snu i ruchu.;Tak;;Zdecydowanie tak;Zdecydowanie tak;Tak;Zdecydowanie tak;5;5;techniki oddechowe;tak, higienizacja ¿ycia;nie;nie;10;nie
10.2.2025 17:56:22;Akceptujê;Terapeuta pedagogiczny ;6-10 lat;Zespó³ Szkó³ Agroprzedsiêbiorczoœci im. M. Kopernika w Rzeszowie;Uruchamiaj¹ ca³y zespó³ zmian w ciele, w sposobie myœlenia i zachowaniu cz³owieka.;s¹ normalne i potrzebne, poniewa¿ realizuj¹ szereg wa¿nych funkcji.;Przyjêcie odpowiedniej postawy cia³a lub wykonanie prostych ruchów.;Wdech odbywa siê przez nos, a wydech – przez usta.;Codzienna troska o fizycznoœæ, opieraj¹ca siê na trzech g³ównych filarach: w³aœciwej diecie, odpowiedniej iloœci snu i ruchu.;Tak;;Zdecydowanie tak;Zdecydowanie tak;Tak;Zdecydowanie tak;5;5;Konkretne, praktyczne przyk³ady jak opanowaæ swoje emocje - jak je uspokoiæ lub pobudziæ - przydatne nie tylko dla mnie ale niektóre równie¿ dla uczniów ;Tak, ¿e rzeczywiœcie jest wiele sposobów na regulacjê emocji - prostych i szybkich, które mo¿na wykorzystaæ w pracy ;Nie by³o zbêdnych treœci ;Nie zabrak³o ¿adnych treœci ;10;By³o super! 
10.2.2025 17:57:12;Akceptujê;nauczycielem;11-15 lat;Zespó³ Szkó³ Agroprzedsiêbiorczoœci im. M. Kopernika w Rzeszowie;Obie odpowiedzi s¹ poprawne.;s¹ normalne i potrzebne, poniewa¿ realizuj¹ szereg wa¿nych funkcji.;Przyjêcie odpowiedniej postawy cia³a lub wykonanie prostych ruchów.;Wdech odbywa siê przez nos, a wydech – przez usta.;Codzienna troska o fizycznoœæ, opieraj¹ca siê na trzech g³ównych filarach: w³aœciwej diecie, odpowiedniej iloœci snu i ruchu.;Tak;;Zdecydowanie tak;Zdecydowanie tak;Tak;Zdecydowanie tak;5;5;Æwiczenia reguluj¹ce emocje;-;Nie zauwa¿y³am takich ;Nie;10;-
10.2.2025 18:01:39;Akceptujê;nauczycielem;21 lat i wiêcej;Zespó³ Szkó³ Agroprzedsiêbiorczoœci im. M. Kopernika w Rzeszowie;Obie odpowiedzi s¹ poprawne.;s¹ normalne i potrzebne, poniewa¿ realizuj¹ szereg wa¿nych funkcji.;Przyjêcie odpowiedniej postawy cia³a lub wykonanie prostych ruchów.;Wdech odbywa siê przez nos, a wydech – przez usta.;Codzienna troska o fizycznoœæ, opieraj¹ca siê na trzech g³ównych filarach: w³aœciwej diecie, odpowiedniej iloœci snu i ruchu.;Tak;;Zdecydowanie tak;Zdecydowanie tak;Tak;Zdecydowanie tak;5;5;praktyczne æwiczenia;Wszystkie emocje s¹ wa¿ne;nie;nie;10;nie
10.2.2025 18:02:37;Akceptujê;nauczycielem;16-20 lat;Zespó³ Szkó³ Agroprzedsiêbiorczoœci im. M. Kopernika w Rzeszowie;Obie odpowiedzi s¹ poprawne.;s¹ normalne i potrzebne, poniewa¿ realizuj¹ szereg wa¿nych funkcji.;Przyjêcie odpowiedniej postawy cia³a lub wykonanie prostych ruchów.;Wdech odbywa siê przez nos, a wydech – przez usta.;Codzienna troska o fizycznoœæ, opieraj¹ca siê na trzech g³ównych filarach: w³aœciwej diecie, odpowiedniej iloœci snu i ruchu.;Tak;;Zdecydowanie tak;Zdecydowanie tak;Tak;Zdecydowanie tak;5;4;wskazówki i sposób wykonywania æwiczeñ;nie wiem;nie by³o takich;nie wiem czego nie wiem :D;10;Dziêkujê
10.2.2025 18:53:58;Akceptujê;dyrektorem/wicedyrektorem;21 lat i wiêcej;Zespó³ Szkó³ Agroprzedsiêbiorczoœci im. M. Kopernika w Rzeszowie;Obie odpowiedzi s¹ poprawne.;s¹ normalne i potrzebne, poniewa¿ realizuj¹ szereg wa¿nych funkcji.;Przyjêcie odpowiedniej postawy cia³a lub wykonanie prostych ruchów.;Wdech odbywa siê przez nos, a wydech – przez usta.;Codzienna troska o fizycznoœæ, opieraj¹ca siê na trzech g³ównych filarach: w³aœciwej diecie, odpowiedniej iloœci snu i ruchu.;Tak;;Zdecydowanie tak;Zdecydowanie tak;Tak;Raczej tak;4;4;Umo¿liwiaj¹ lepsze zrozumienie mechanizmów emocjonalnych;Codzienna profilaktyka emocjonalna;nie;"Czy jest Pani/Pan w stanie wskazaæ treœci, które uwa¿a Pani/Pan za zbêdne w agendzie szkolenia? Jakie?

nie";8;nie
10.2.2025 19:08:11;Akceptujê;nauczycielem;21 lat i wiêcej;Zespó³ Szkó³ Agroprzedsiêbiorczoœci im. M. Kopernika w Rzeszowie;Uruchamiaj¹ ca³y zespó³ zmian w ciele, w sposobie myœlenia i zachowaniu cz³owieka.;s¹ normalne i potrzebne, poniewa¿ realizuj¹ szereg wa¿nych funkcji.;Przyjêcie odpowiedniej postawy cia³a lub wykonanie prostych ruchów.;Wdech odbywa siê przez nos, a wydech – przez usta.;Codzienna troska o fizycznoœæ, opieraj¹ca siê na trzech g³ównych filarach: w³aœciwej diecie, odpowiedniej iloœci snu i ruchu.;Tak;;Zdecydowanie tak;Zdecydowanie tak;Tak;Zdecydowanie tak;5;5;"Metody relaksacyjne, poniewa¿ ³agodz¹ stres. Pomagaja nie wpadaæ w panikê 
";Radzenia sobie ze stresem, panik¹. ;Nie;Nie, ¿adnych.;10;Wszystko by³o  rewelacyjnie, profesjonalnie, rzeczowo i interesuj¹co przekazane. 
10.8.2025 18:17:21;Akceptujê;nauczycielem;21 lat i wiêcej;Zespó³ Szkó³ im. Armii Krajowej w Brañsku;Uruchamiaj¹ ca³y zespó³ zmian w ciele, w sposobie myœlenia i zachowaniu cz³owieka.;s¹ normalne i potrzebne, poniewa¿ realizuj¹ szereg wa¿nych funkcji.;Przyjêcie odpowiedniej postawy cia³a lub wykonanie prostych ruchów.;Wdech odbywa siê przez nos, a wydech – przez usta.;Codzienna troska o fizycznoœæ, opieraj¹ca siê na trzech g³ównych filarach: w³aœciwej diecie, odpowiedniej iloœci snu i ruchu.;Tak;;Zdecydowanie tak;Zdecydowanie tak;Tak;Raczej tak;5;4;.;tak;.;nie;9;nie
10.8.2025 18:17:44;Akceptujê;dyrektorem/wicedyrektorem;21 lat i wiêcej;Zespó³ Szkó³ im. Armii Krajowej w Brañsku;Obie odpowiedzi s¹ poprawne.;mo¿na podzieliæ na dobre (pozytywne) i z³e (negatywne).;Przyjêcie odpowiedniej postawy cia³a lub wykonanie prostych ruchów.;Wdech odbywa siê przez nos, a wydech – przez usta.;Optymistyczne nastawienie do codziennoœci i koncentrowanie siê na pozytywnych aspektach w³asnego ¿ycia.;Tak;;Zdecydowanie tak;Raczej tak;Tak;Zdecydowanie tak;5;5;zastosowania w ¿yciu codziennym;dbanie o siebie;nie;nie;10;nie
10.8.2025 18:19:13;Akceptujê;nauczycielem;21 lat i wiêcej;Zespó³ Szkó³ im. Armii Krajowej w Brañsku;Obie odpowiedzi s¹ poprawne.;mo¿na podzieliæ na dobre (pozytywne) i z³e (negatywne).;Przyjêcie odpowiedniej postawy cia³a lub wykonanie prostych ruchów.;Wdech odbywa siê przez usta, a wydech – przez nos.;Codzienna troska o fizycznoœæ, opieraj¹ca siê na trzech g³ównych filarach: w³aœciwej diecie, odpowiedniej iloœci snu i ruchu.;Tak;;Zdecydowanie tak;Zdecydowanie tak;Tak;Zdecydowanie tak;5;5;. ;.;.;.;10;.
10.8.2025 18:19:53;Akceptujê;nauczycielem;21 lat i wiêcej;Zespó³ Szkó³ im. Armii Krajowej w Brañsku;Obie odpowiedzi s¹ poprawne.;s¹ normalne i potrzebne, poniewa¿ realizuj¹ szereg wa¿nych funkcji.;Przyjêcie odpowiedniej postawy cia³a lub wykonanie prostych ruchów.;Wdech odbywa siê przez nos, a wydech – przez usta.;Codzienna troska o fizycznoœæ, opieraj¹ca siê na trzech g³ównych filarach: w³aœciwej diecie, odpowiedniej iloœci snu i ruchu.;Tak;;Zdecydowanie tak;Zdecydowanie tak;Tak;Zdecydowanie tak;5;5;æwiczenia oddzia³ywuj¹ce na umys³;jak wa¿ne jest budowanie stabilnoœci emocjonalnej;nic;nie;10;super prowadz¹ca, ciekawe æwiczenia, tematyka
10.8.2025 18:19:58;Akceptujê;nauczycielem;21 lat i wiêcej;Zespó³ Szkó³ im. Armii Krajowej w Brañsku;Obie odpowiedzi s¹ poprawne.;s¹ normalne i potrzebne, poniewa¿ realizuj¹ szereg wa¿nych funkcji.;Przyjêcie odpowiedniej postawy cia³a lub wykonanie prostych ruchów.;Wdech i wydech odbywaj¹ siê przez nos.;Optymistyczne nastawienie do codziennoœci i koncentrowanie siê na pozytywnych aspektach w³asnego ¿ycia.;Tak;;Zdecydowanie tak;Zdecydowanie tak;Tak;Zdecydowanie tak;5;5;techniki relaksacyjne, techniki oddechowe,œwiadomoœæ emocjonalna;œwiadome metody sterowania oddechem -;brak;brak;9;brak
10.8.2025 18:20:10;Akceptujê;nauczycielem;21 lat i wiêcej;Zespó³ Szkó³ im. Armii Krajowej w Brañsku;Obie odpowiedzi s¹ poprawne.;s¹ normalne i potrzebne, poniewa¿ realizuj¹ szereg wa¿nych funkcji.;Przyjêcie odpowiedniej postawy cia³a lub wykonanie prostych ruchów.;Wdech odbywa siê przez usta, a wydech – przez nos.;Codzienna troska o fizycznoœæ, opieraj¹ca siê na trzech g³ównych filarach: w³aœciwej diecie, odpowiedniej iloœci snu i ruchu.;Tak;;Zdecydowanie tak;Zdecydowanie tak;Tak;Zdecydowanie tak;4;3;techniki oddechowe;zrozumienie , ¿e zawsze mo¿na trochê roz³adowaæ negatywne emocje;nie;nie;10;nie
10.8.2025 18:20:51;Akceptujê;nauczycielem;1-5 lat;Zespó³ Szkó³ im. Armii Krajowej w Brañsku;Obie odpowiedzi s¹ poprawne.;s¹ normalne i potrzebne, poniewa¿ realizuj¹ szereg wa¿nych funkcji.;Przyjêcie odpowiedniej postawy cia³a lub wykonanie prostych ruchów.;Wdech odbywa siê przez nos, a wydech – przez usta.;Codzienna troska o fizycznoœæ, opieraj¹ca siê na trzech g³ównych filarach: w³aœciwej diecie, odpowiedniej iloœci snu i ruchu.;Tak;;Zdecydowanie tak;Zdecydowanie tak;Tak;Zdecydowanie tak;5;5;ZIOM ;tak zrozumia³am, ¿e emocje to czêœæ ¿ycia jak woda i mo¿emy kierowaæ jej biegiem;nie;nie;10;dziêkujê bardzo przydatne wyczerpuj¹ce szkolenie
10.8.2025 18:21:36;Akceptujê;pedagogiem;21 lat i wiêcej;Szko³a Podstawowa im. Janusza Korczaka w Gostomi;Obie odpowiedzi s¹ poprawne.;s¹ normalne i potrzebne, poniewa¿ realizuj¹ szereg wa¿nych funkcji.;Przyjêcie odpowiedniej postawy cia³a lub wykonanie prostych ruchów.;Wdech odbywa siê przez nos, a wydech – przez usta.;Optymistyczne nastawienie do codziennoœci i koncentrowanie siê na pozytywnych aspektach w³asnego ¿ycia.;Tak;Wszystko ok;Zdecydowanie tak;Zdecydowanie tak;Tak;Zdecydowanie tak;5;5;Praktyczne æwiczenia ;Nie zmieni³;Nie ma takich;Wszystko by³o;10;Nie
10.8.2025 18:22:13;Akceptujê;psychologiem;1-5 lat;Szko³a Podstawowa im. Janusza Korczaka w Gostomi;Obie odpowiedzi s¹ poprawne.;s¹ normalne i potrzebne, poniewa¿ realizuj¹ szereg wa¿nych funkcji.;Przyjêcie odpowiedniej postawy cia³a lub wykonanie prostych ruchów.;Wdech odbywa siê przez nos, a wydech – przez usta.;Codzienna troska o fizycznoœæ, opieraj¹ca siê na trzech g³ównych filarach: w³aœciwej diecie, odpowiedniej iloœci snu i ruchu.;Tak;wszystko by³o super;Zdecydowanie tak;Zdecydowanie tak;Tak;Zdecydowanie tak;5;5;wszystko by³o wartoœciowe;raczej nie;nie;nie;10;nie, dziêkuje 
10.8.2025 18:22:22;Akceptujê;nauczycielem;21 lat i wiêcej;Szko³a Podstawowa im. Janusza Korczaka w Gostomi;To reakcje, które pojawiaj¹ siê w odpowiedzi na subiektywnie wa¿n¹ dla danej osoby sytuacjê.;mo¿na podzieliæ na dobre (pozytywne) i z³e (negatywne).;Przyjêcie odpowiedniej postawy cia³a lub wykonanie prostych ruchów.;Wdech odbywa siê przez nos, a wydech – przez usta.;Codzienna troska o fizycznoœæ, opieraj¹ca siê na trzech g³ównych filarach: w³aœciwej diecie, odpowiedniej iloœci snu i ruchu.;Tak;;Zdecydowanie tak;Raczej tak;Tak;Zdecydowanie tak;4;5;Praktyczne æwiczenia.;Raczej nie.;Nie;Nie;10;Nie
10.8.2025 18:22:32;Akceptujê;nauczycielem;21 lat i wiêcej;Zespó³ Szkó³ im. Armii Krajowej w Brañsku;Obie odpowiedzi s¹ poprawne.;s¹ normalne i potrzebne, poniewa¿ realizuj¹ szereg wa¿nych funkcji.;Przyjêcie odpowiedniej postawy cia³a lub wykonanie prostych ruchów.;Wdech odbywa siê przez nos, a wydech – przez usta.;Codzienna troska o fizycznoœæ, opieraj¹ca siê na trzech g³ównych filarach: w³aœciwej diecie, odpowiedniej iloœci snu i ruchu.;Tak;;Zdecydowanie tak;Zdecydowanie tak;Tak;Zdecydowanie tak;5;5;æwiczenia oddechowe;æwiczenia i mo¿liwoœæ stosowania na lekcji;-;-;10;-
10.8.2025 18:24:04;Akceptujê;nauczycielem;11-15 lat;Szko³a Podstawowa im. Janusza Korczaka w Gostomi;Obie odpowiedzi s¹ poprawne.;s¹ normalne i potrzebne, poniewa¿ realizuj¹ szereg wa¿nych funkcji.;Przyjêcie odpowiedniej postawy cia³a lub wykonanie prostych ruchów.;Wdech odbywa siê przez nos, a wydech – przez usta.;Codzienna troska o fizycznoœæ, opieraj¹ca siê na trzech g³ównych filarach: w³aœciwej diecie, odpowiedniej iloœci snu i ruchu.;Tak;;Zdecydowanie tak;Zdecydowanie tak;Tak;Zdecydowanie tak;5;5;Aplikacje do oddechu;Chyba nie, bo odebra³am solidn¹ psychoedukacjê w ramach w³asnej psychoterapii;nie by³o takich;raczej nie;10;nie
10.8.2025 18:24:32;Akceptujê;nauczycielem;21 lat i wiêcej;Szko³a Podstawowa im. Janusza Korczaka w Gostomi;Obie odpowiedzi s¹ poprawne.;s¹ normalne i potrzebne, poniewa¿ realizuj¹ szereg wa¿nych funkcji.;Przyjêcie odpowiedniej postawy cia³a lub wykonanie prostych ruchów.;Wdech odbywa siê przez nos, a wydech – przez usta.;Codzienna troska o fizycznoœæ, opieraj¹ca siê na trzech g³ównych filarach: w³aœciwej diecie, odpowiedniej iloœci snu i ruchu.;Tak;;Zdecydowanie tak;Zdecydowanie tak;Tak;Zdecydowanie tak;5;5;wykorzystam w domu i pracy;myslê ze czêœciej bede radosna;wszystko potrzebne;nie;10;szkolenie super
10.8.2025 18:24:32;Akceptujê;nauczycielem;21 lat i wiêcej;Zespó³ Szkó³ im. Armii Krajowej w Brañsku;To reakcje, które pojawiaj¹ siê w odpowiedzi na subiektywnie wa¿n¹ dla danej osoby sytuacjê.;s¹ normalne i potrzebne, poniewa¿ realizuj¹ szereg wa¿nych funkcji.;Przyjêcie odpowiedniej postawy cia³a lub wykonanie prostych ruchów.;Wdech odbywa siê przez nos, a wydech – przez usta.;Codzienna troska o fizycznoœæ, opieraj¹ca siê na trzech g³ównych filarach: w³aœciwej diecie, odpowiedniej iloœci snu i ruchu.;Tak;;Zdecydowanie tak;Zdecydowanie tak;Tak;Zdecydowanie tak;5;5;postawa  dominuj¹ca;umiejêtnoœæ zachowania  siê w stresuj¹cych  sytuacjach;wszystko by³o przydatne;wszystko by³o ;10;nie, pozdrawiam
10.8.2025 18:27:10;Akceptujê;nauczycielem;21 lat i wiêcej;Zespó³ Szkó³ im. Armii Krajowej w Brañsku;To reakcje, które pojawiaj¹ siê w odpowiedzi na subiektywnie wa¿n¹ dla danej osoby sytuacjê.;s¹ normalne i potrzebne, poniewa¿ realizuj¹ szereg wa¿nych funkcji.;Przyjêcie odpowiedniej postawy cia³a lub wykonanie prostych ruchów.;Wdech odbywa siê przez usta, a wydech – przez nos.;Codzienna troska o fizycznoœæ, opieraj¹ca siê na trzech g³ównych filarach: w³aœciwej diecie, odpowiedniej iloœci snu i ruchu.;Tak;;Zdecydowanie tak;Zdecydowanie tak;Tak;Zdecydowanie tak;4;4;reakcji ba emocje;muszê przemyœleæ;nie ma takich;nie;8;nie mam
10.8.2025 18:28:05;Akceptujê;nauczycielem;1-5 lat;Szko³a Podstawowa im. Janusza Korczaka w Gostomi;Obie odpowiedzi s¹ poprawne.;s¹ normalne i potrzebne, poniewa¿ realizuj¹ szereg wa¿nych funkcji.;Przyjêcie odpowiedniej postawy cia³a lub wykonanie prostych ruchów.;Wdech odbywa siê przez nos, a wydech – przez usta.;Codzienna troska o fizycznoœæ, opieraj¹ca siê na trzech g³ównych filarach: w³aœciwej diecie, odpowiedniej iloœci snu i ruchu.;Tak;;Zdecydowanie tak;Zdecydowanie tak;Tak;Raczej nie;4;4;Æwiczenia, czyli sposoby na roz³adowanie napiêcia;Na pewno skupie wiêksz¹ uwagê na sobie i swoich enocjach;Nie;Proponuje wiêcej mówiæ o pracy z innymi nauczycielami i uwiadamianiu jak wa¿na jest pozytywna atmosfera w pracy, poniewa¿ to ma du¿y wp³yw na pracê nauczyciel-dzieci. W dobrym œrodowisku nauczycieli przyjemniej siê pracuje :);8;Nie
10.8.2025 18:28:10;Akceptujê;nauczycielem;11-15 lat;Zespó³ Szkó³ im. Armii Krajowej w Brañsku;Obie odpowiedzi s¹ poprawne.;mo¿na podzieliæ na dobre (pozytywne) i z³e (negatywne).;Przyjêcie odpowiedniej postawy cia³a lub wykonanie prostych ruchów.;Wdech odbywa siê przez nos, a wydech – przez usta.;¯adna z powy¿szych.;Tak;;Zdecydowanie tak;Raczej tak;Tak;Raczej tak;5;5;wszystko ;nie wiem ;raczej wszystkie tresci by³y przydatne i ciekawe ;nie ;10;"dlaczego nie dostaje obiecanych certyfikatów za udzia³ w szkoleniu ;)?"
10.8.2025 18:42:40;Akceptujê;nauczycielem;16-20 lat;Szko³a Podstawowa im. Janusza Korczaka w Gostomi;Obie odpowiedzi s¹ poprawne.;mo¿na podzieliæ na dobre (pozytywne) i z³e (negatywne).;Przyjêcie odpowiedniej postawy cia³a lub wykonanie prostych ruchów.;Wdech odbywa siê przez nos, a wydech – przez usta.;Codzienna troska o fizycznoœæ, opieraj¹ca siê na trzech g³ównych filarach: w³aœciwej diecie, odpowiedniej iloœci snu i ruchu.;Tak;Nic;Zdecydowanie tak;Zdecydowanie tak;Tak;Zdecydowanie tak;5;5;Relaksacyjne;Chyba nie ale sobie przypomnia³am dlaczego to wa¿ne ;Nie wiem;Nie wiem;8;Nie
10.8.2025 18:46:06;Akceptujê;nauczycielem;16-20 lat;Zespó³ Szkó³ im. Armii Krajowej w Brañsku;Obie odpowiedzi s¹ poprawne.;s¹ normalne i potrzebne, poniewa¿ realizuj¹ szereg wa¿nych funkcji.;Przyjêcie odpowiedniej postawy cia³a lub wykonanie prostych ruchów.;Wdech odbywa siê przez nos, a wydech – przez usta.;Codzienna troska o fizycznoœæ, opieraj¹ca siê na trzech g³ównych filarach: w³aœciwej diecie, odpowiedniej iloœci snu i ruchu.;Tak;, ;Zdecydowanie tak;Zdecydowanie tak;Tak;Zdecydowanie tak;5;5;Metody wyciszenia emocji;..;.;.;10;.
10.8.2025 18:46:09;Akceptujê;psychologiem;1-5 lat;Zespó³ Szkó³ im. Armii Krajowej w Brañsku;Obie odpowiedzi s¹ poprawne.;s¹ normalne i potrzebne, poniewa¿ realizuj¹ szereg wa¿nych funkcji.;Przyjêcie odpowiedniej postawy cia³a lub wykonanie prostych ruchów.;Wdech odbywa siê przez nos, a wydech – przez usta.;Codzienna troska o fizycznoœæ, opieraj¹ca siê na trzech g³ównych filarach: w³aœciwej diecie, odpowiedniej iloœci snu i ruchu.;Tak;;Zdecydowanie tak;Zdecydowanie tak;Tak;Zdecydowanie tak;5;5;TIPP oraz æwiczenia praktyczne, którê mogê wykorzystaæ w ¿yciu codziennym;Tak, technika TIPP;Nie ma takich;Nie;10;Nie.
10.8.2025 18:49:01;Akceptujê;nauczyciel, pedagog szkolny;1-5 lat;Zespó³ Szkó³ im. Armii Krajowej w Brañsku;Obie odpowiedzi s¹ poprawne.;s¹ normalne i potrzebne, poniewa¿ realizuj¹ szereg wa¿nych funkcji.;Przyjêcie odpowiedniej postawy cia³a lub wykonanie prostych ruchów.;Wdech odbywa siê przez nos, a wydech – przez usta.;Codzienna troska o fizycznoœæ, opieraj¹ca siê na trzech g³ównych filarach: w³aœciwej diecie, odpowiedniej iloœci snu i ruchu.;Tak;;Zdecydowanie tak;Zdecydowanie tak;Tak;Zdecydowanie tak;5;5;Wszystkie;Tak, dobrostan nauczyciela;Nie;nie;10;nie
10.8.2025 18:51:47;Akceptujê;nauczycielem;1-5 lat;Zespó³ Szkó³ im. Armii Krajowej w Brañsku;Uruchamiaj¹ ca³y zespó³ zmian w ciele, w sposobie myœlenia i zachowaniu cz³owieka.;s¹ normalne i potrzebne, poniewa¿ realizuj¹ szereg wa¿nych funkcji.;Przyjêcie odpowiedniej postawy cia³a lub wykonanie prostych ruchów.;Wdech odbywa siê przez nos, a wydech – przez usta.;Codzienna troska o fizycznoœæ, opieraj¹ca siê na trzech g³ównych filarach: w³aœciwej diecie, odpowiedniej iloœci snu i ruchu.;Tak;;Zdecydowanie tak;Zdecydowanie tak;Tak;Zdecydowanie tak;5;5;TIPP;Tak;nie ma takich;nie;10;nie
10.8.2025 19:03:07;Akceptujê;nauczycielem;21 lat i wiêcej;Zespó³ Szkó³ im. Armii Krajowej w Brañsku;Obie odpowiedzi s¹ poprawne.;s¹ normalne i potrzebne, poniewa¿ realizuj¹ szereg wa¿nych funkcji.;Przyjêcie odpowiedniej postawy cia³a lub wykonanie prostych ruchów.;Wdech odbywa siê przez nos, a wydech – przez usta.;Codzienna troska o fizycznoœæ, opieraj¹ca siê na trzech g³ównych filarach: w³aœciwej diecie, odpowiedniej iloœci snu i ruchu.;Tak;-;Zdecydowanie tak;Zdecydowanie tak;Tak;Zdecydowanie tak;5;5;æwiczenia;tak;-;-;10;-
10.8.2025 19:08:20;Akceptujê;nauczycielem;21 lat i wiêcej;Zespó³ Szkó³ im. Armii Krajowej w Brañsku;Obie odpowiedzi s¹ poprawne.;s¹ normalne i potrzebne, poniewa¿ realizuj¹ szereg wa¿nych funkcji.;Przyjêcie odpowiedniej postawy cia³a lub wykonanie prostych ruchów.;Wdech odbywa siê przez nos, a wydech – przez usta.;Codzienna troska o fizycznoœæ, opieraj¹ca siê na trzech g³ównych filarach: w³aœciwej diecie, odpowiedniej iloœci snu i ruchu.;Tak;;Zdecydowanie tak;Zdecydowanie tak;Tak;Zdecydowanie tak;5;5;cwiczenia miêsni i oddechowe;tak;-;-;10;Bardzo mi³a prowadz¹ca
10.15.2025 18:26:36;Akceptujê;nauczycielem;1-5 lat;Morska Szko³a Podstawowa im. Aleksandra Doby w Gdañsku;Obie odpowiedzi s¹ poprawne.;s¹ normalne i potrzebne, poniewa¿ realizuj¹ szereg wa¿nych funkcji.;Przyjêcie odpowiedniej postawy cia³a lub wykonanie prostych ruchów.;Wdech odbywa siê przez nos, a wydech – przez usta.;Codzienna troska o fizycznoœæ, opieraj¹ca siê na trzech g³ównych filarach: w³aœciwej diecie, odpowiedniej iloœci snu i ruchu.;Tak;-;Zdecydowanie tak;Zdecydowanie tak;Tak;Zdecydowanie tak;5;5;Praktyczne æwiczenia ;Usystematyzuowalo wiedzê ;Nie;Nie ;10;Nie
10.15.2025 18:27:15;Akceptujê;nauczycielem;1-5 lat;Morska Szko³a Podstawowa im. Aleksandra Doby w Gdañsku;Uruchamiaj¹ ca³y zespó³ zmian w ciele, w sposobie myœlenia i zachowaniu cz³owieka.;s¹ normalne i potrzebne, poniewa¿ realizuj¹ szereg wa¿nych funkcji.;Przyjêcie odpowiedniej postawy cia³a lub wykonanie prostych ruchów.;Wdech odbywa siê przez nos, a wydech – przez usta.;Codzienna troska o fizycznoœæ, opieraj¹ca siê na trzech g³ównych filarach: w³aœciwej diecie, odpowiedniej iloœci snu i ruchu.;Tak;;Raczej tak;Zdecydowanie tak;Tak;Zdecydowanie tak;4;4;Wszystko ;Nie ale by³o potrzebne ;Filmiki ;Nie ;9;Nie mam , dziêkujê 
10.15.2025 18:27:25;Akceptujê;nauczycielem;mniej ni¿ rok;Morska Szko³a Podstawowa im. Aleksandra Doby w Gdañsku;Obie odpowiedzi s¹ poprawne.;mo¿na podzieliæ na dobre (pozytywne) i z³e (negatywne).;Przyjêcie odpowiedniej postawy cia³a lub wykonanie prostych ruchów.;Wdech odbywa siê przez nos, a wydech – przez usta.;Codzienna troska o fizycznoœæ, opieraj¹ca siê na trzech g³ównych filarach: w³aœciwej diecie, odpowiedniej iloœci snu i ruchu.;Tak;;Zdecydowanie tak;Zdecydowanie tak;Tak;Zdecydowanie tak;5;5;Nowe metody radzenia sobie z emocjami;-;-;-;10;-
10.15.2025 18:27:41;Akceptujê;Nauczyciel wspó³organizuj¹cy;1-5 lat;Morska Szko³a Podstawowa im. Aleksandra Doby w Gdañsku;Obie odpowiedzi s¹ poprawne.;s¹ normalne i potrzebne, poniewa¿ realizuj¹ szereg wa¿nych funkcji.;Przyjêcie odpowiedniej postawy cia³a lub wykonanie prostych ruchów.;Wdech odbywa siê przez nos, a wydech – przez usta.;Codzienna troska o fizycznoœæ, opieraj¹ca siê na trzech g³ównych filarach: w³aœciwej diecie, odpowiedniej iloœci snu i ruchu.;Tak;;Zdecydowanie tak;Zdecydowanie tak;Tak;Raczej tak;4;3;Æwiczenia oddechowe ;Brak;Brak;Wszystko by³o ok;7;Brak
10.15.2025 18:27:50;Akceptujê;nauczycielem;1-5 lat;Morska Szko³a Podstawowa im. Aleksandra Doby w Gdañsku;Obie odpowiedzi s¹ poprawne.;s¹ normalne i potrzebne, poniewa¿ realizuj¹ szereg wa¿nych funkcji.;Przyjêcie odpowiedniej postawy cia³a lub wykonanie prostych ruchów.;Wdech odbywa siê przez nos, a wydech – przez usta.;Codzienna troska o fizycznoœæ, opieraj¹ca siê na trzech g³ównych filarach: w³aœciwej diecie, odpowiedniej iloœci snu i ruchu.;Tak;Brak;Zdecydowanie tak;Zdecydowanie tak;Tak;Zdecydowanie tak;5;5;Wszystko jest bardzo przydatne ;Bardzo wiele;Chwilowo nie;Raczej nie;10;Brak 
10.15.2025 18:28:35;Akceptujê;nauczycielem;6-10 lat;Morska Szko³a Podstawowa im. Aleksandra Doby w Gdañsku;Obie odpowiedzi s¹ poprawne.;s¹ normalne i potrzebne, poniewa¿ realizuj¹ szereg wa¿nych funkcji.;Przyjêcie odpowiedniej postawy cia³a lub wykonanie prostych ruchów.;Wdech i wydech odbywaj¹ siê przez nos.;Codzienna troska o fizycznoœæ, opieraj¹ca siê na trzech g³ównych filarach: w³aœciwej diecie, odpowiedniej iloœci snu i ruchu.;Tak;;Zdecydowanie tak;Zdecydowanie tak;Tak;Zdecydowanie tak;5;5;Tak;Tak;Nie;Nie;10;Nie
10.15.2025 18:28:52;Akceptujê;nauczycielem;11-15 lat;Morska Szko³a Podstawowa im. Aleksandra Doby w Gdañsku;Obie odpowiedzi s¹ poprawne.;s¹ normalne i potrzebne, poniewa¿ realizuj¹ szereg wa¿nych funkcji.;Przyjêcie odpowiedniej postawy cia³a lub wykonanie prostych ruchów.;Wdech odbywa siê przez nos, a wydech – przez usta.;Codzienna troska o fizycznoœæ, opieraj¹ca siê na trzech g³ównych filarach: w³aœciwej diecie, odpowiedniej iloœci snu i ruchu.;Tak;;Zdecydowanie tak;Zdecydowanie tak;Tak;Zdecydowanie tak;5;5;Æwiczenia;Sposoby  radzenia sobie z nimi;Nie;Nie;10;Nie
10.15.2025 18:28:54;Akceptujê;nauczycielem;1-5 lat;Morska Szko³a Podstawowa im. Aleksandra Doby w Gdañsku;Uruchamiaj¹ ca³y zespó³ zmian w ciele, w sposobie myœlenia i zachowaniu cz³owieka.;s¹ normalne i potrzebne, poniewa¿ realizuj¹ szereg wa¿nych funkcji.;Przyjêcie odpowiedniej postawy cia³a lub wykonanie prostych ruchów.;Wdech odbywa siê przez nos, a wydech – przez usta.;Codzienna troska o fizycznoœæ, opieraj¹ca siê na trzech g³ównych filarach: w³aœciwej diecie, odpowiedniej iloœci snu i ruchu.;Tak;...;Zdecydowanie tak;Zdecydowanie tak;Tak;Zdecydowanie tak;4;4;æwiczenia wyciszaj¹ce;Raczej tak;....;nie;8;....
10.15.2025 18:29:48;Akceptujê;psychologiem;6-10 lat;Morska Szko³a Podstawowa im. Aleksandra Doby w Gdañsku;Obie odpowiedzi s¹ poprawne.;s¹ normalne i potrzebne, poniewa¿ realizuj¹ szereg wa¿nych funkcji.;Przyjêcie odpowiedniej postawy cia³a lub wykonanie prostych ruchów.;Wdech odbywa siê przez nos, a wydech – przez usta.;Codzienna troska o fizycznoœæ, opieraj¹ca siê na trzech g³ównych filarach: w³aœciwej diecie, odpowiedniej iloœci snu i ruchu.;Tak;brak zmian;Zdecydowanie tak;Zdecydowanie tak;Tak;Zdecydowanie tak;4;5;æwiczenia pomagaj¹ce opanowaæ emocje;poszerzy³o wiedzê na temat æwiczeñ;nie;nie;10;brak
10.15.2025 18:30:00;Akceptujê;nauczycielem;6-10 lat;Morska Szko³a Podstawowa im. Aleksandra Doby w Gdañsku;Uruchamiaj¹ ca³y zespó³ zmian w ciele, w sposobie myœlenia i zachowaniu cz³owieka.;mo¿na podzieliæ na dobre (pozytywne) i z³e (negatywne).;Przyjêcie odpowiedniej postawy cia³a lub wykonanie prostych ruchów.;Wdech odbywa siê przez nos, a wydech – przez usta.;Codzienna troska o fizycznoœæ, opieraj¹ca siê na trzech g³ównych filarach: w³aœciwej diecie, odpowiedniej iloœci snu i ruchu.;Tak;-;Zdecydowanie tak;Zdecydowanie tak;Tak;Zdecydowanie tak;5;5;-;-;-;-;10;-
10.15.2025 18:30:24;Akceptujê;nauczycielem;11-15 lat;Morska Szko³a Podstawowa im. Aleksandra Doby w Gdañsku;Obie odpowiedzi s¹ poprawne.;s¹ normalne i potrzebne, poniewa¿ realizuj¹ szereg wa¿nych funkcji.;Przyjêcie odpowiedniej postawy cia³a lub wykonanie prostych ruchów.;Wdech odbywa siê przez nos, a wydech – przez usta.;Codzienna troska o fizycznoœæ, opieraj¹ca siê na trzech g³ównych filarach: w³aœciwej diecie, odpowiedniej iloœci snu i ruchu.;Tak;-;Zdecydowanie tak;Zdecydowanie tak;Tak;Zdecydowanie tak;5;5;Oddychanie, w³aœciwa postawa cia³a;Emocje sa jak woda kiedy silnie cos prze¿ywamy.;-;nic nie zabrak³o;9;-
10.15.2025 18:30:35;Akceptujê;nauczycielem;1-5 lat;Morska Szko³a Podstawowa im. Aleksandra Doby w Gdañsku;Obie odpowiedzi s¹ poprawne.;s¹ abstrakcyjnym, metafizycznym doœwiadczeniem.;Przyjêcie odpowiedniej postawy cia³a lub wykonanie prostych ruchów.;Wdech odbywa siê przez nos, a wydech – przez usta.;Codzienna troska o fizycznoœæ, opieraj¹ca siê na trzech g³ównych filarach: w³aœciwej diecie, odpowiedniej iloœci snu i ruchu.;Tak;;Zdecydowanie tak;Zdecydowanie tak;Tak;Zdecydowanie tak;5;5;Æwiczenia;Nie;Nie;Nie;10;Brak
10.15.2025 18:31:24;Akceptujê;nauczycielem;1-5 lat;Morska Szko³a Podstawowa im. Aleksandra Doby w Gdañsku;Uruchamiaj¹ ca³y zespó³ zmian w ciele, w sposobie myœlenia i zachowaniu cz³owieka.;s¹ normalne i potrzebne, poniewa¿ realizuj¹ szereg wa¿nych funkcji.;Przyjêcie odpowiedniej postawy cia³a lub wykonanie prostych ruchów.;Wdech odbywa siê przez nos, a wydech – przez usta.;Codzienna troska o fizycznoœæ, opieraj¹ca siê na trzech g³ównych filarach: w³aœciwej diecie, odpowiedniej iloœci snu i ruchu.;Tak;Nic;Zdecydowanie tak;Raczej tak;Tak;Raczej tak;4;4;Regulacja oddechu sposób na reakcje na panike;Tak. Pomys³y na relaksacje wyciszenie;Nie;Nie;8;Nie
10.15.2025 18:31:45;Akceptujê;Nauczyciel wspó³organizuj¹cy kszta³cenie ;1-5 lat;Morska Szko³a Podstawowa im. Aleksandra Doby w Gdañsku;Obie odpowiedzi s¹ poprawne.;s¹ normalne i potrzebne, poniewa¿ realizuj¹ szereg wa¿nych funkcji.;Przyjêcie odpowiedniej postawy cia³a lub wykonanie prostych ruchów.;Wdech odbywa siê przez nos, a wydech – przez usta.;Optymistyczne nastawienie do codziennoœci i koncentrowanie siê na pozytywnych aspektach w³asnego ¿ycia.;Tak;;Zdecydowanie tak;Zdecydowanie tak;Tak;Raczej tak;5;5;Wszystkie pomoce od prowadz¹cej do wprowadzenia w ¿ycie. ;Spojrzenia na swoje emocje z wyrozumia³oœci¹. ;Nie przypominam sobie takich ;Wszystko by³o :) ;10;Brak uwag 
10.15.2025 18:32:37;Akceptujê;dyrektorem/wicedyrektorem;1-5 lat;Morska Szko³a Podstawowa im. Aleksandra Doby w Gdañsku;Obie odpowiedzi s¹ poprawne.;s¹ normalne i potrzebne, poniewa¿ realizuj¹ szereg wa¿nych funkcji.;Przyjêcie odpowiedniej postawy cia³a lub wykonanie prostych ruchów.;Wdech odbywa siê przez nos, a wydech – przez usta.;Codzienna troska o fizycznoœæ, opieraj¹ca siê na trzech g³ównych filarach: w³aœciwej diecie, odpowiedniej iloœci snu i ruchu.;Tak;;Zdecydowanie tak;Zdecydowanie tak;Tak;Zdecydowanie tak;5;5;Materia³ o TIPP skils do stosowania w codziennoœci w pracy z dzieæmi i rodzicem ;Uporz¹dkowa³o dotychczasow¹ wiedzê ;Nie;Nie ;10;Nie
10.15.2025 18:33:18;Akceptujê;psychologiem;16-20 lat;Morska Szko³a Podstawowa im. Aleksandra Doby w Gdañsku;Obie odpowiedzi s¹ poprawne.;s¹ normalne i potrzebne, poniewa¿ realizuj¹ szereg wa¿nych funkcji.;Przyjêcie odpowiedniej postawy cia³a lub wykonanie prostych ruchów.;Wdech odbywa siê przez nos, a wydech – przez usta.;Codzienna troska o fizycznoœæ, opieraj¹ca siê na trzech g³ównych filarach: w³aœciwej diecie, odpowiedniej iloœci snu i ruchu.;Tak;;Zdecydowanie tak;Raczej tak;Tak;Raczej tak;4;4;TIPP, informacja o aplikacji Don't panic;przydatna metafora z wod¹ w myœleniu i rozmawianiu o emocjach;raczej nie ma takich;"skupienie tylko na ""tabletkach przeciwbólowych"", za ma³o treœci na temat d³ugofalowych strategii (""mycia zêbów"")";9;Prowadz¹ca profesjonalna, a jednoczeœnie przystêpna.
10.15.2025 18:35:47;Akceptujê;nauczycielem;11-15 lat;Morska Szko³a Podstawowa im. Aleksandra Doby w Gdañsku;Obie odpowiedzi s¹ poprawne.;s¹ normalne i potrzebne, poniewa¿ realizuj¹ szereg wa¿nych funkcji.;Przyjêcie odpowiedniej postawy cia³a lub wykonanie prostych ruchów.;Wdech odbywa siê przez nos, a wydech – przez usta.;Codzienna troska o fizycznoœæ, opieraj¹ca siê na trzech g³ównych filarach: w³aœciwej diecie, odpowiedniej iloœci snu i ruchu.;Tak;brak;Zdecydowanie tak;Zdecydowanie tak;Tak;Zdecydowanie tak;5;5;Æwiczenia, bo lubiê praktykê a nie sam¹ teoriê. ;Nie. ;Brak;Nie s¹dzê. ;10;brak
10.15.2025 18:35:48;Akceptujê;nauczyciel wspó³organizuj¹cy kszta³cenie;11-15 lat;Morska Szko³a Podstawowa im. Aleksandra Doby w Gdañsku;Obie odpowiedzi s¹ poprawne.;s¹ normalne i potrzebne, poniewa¿ realizuj¹ szereg wa¿nych funkcji.;Przyjêcie odpowiedniej postawy cia³a lub wykonanie prostych ruchów.;Wdech odbywa siê przez usta, a wydech – przez nos.;Optymistyczne nastawienie do codziennoœci i koncentrowanie siê na pozytywnych aspektach w³asnego ¿ycia.;Tak;Wczeœniejsza pora dnia;Raczej tak;Raczej tak;Tak;Raczej tak;3;3;Trudno okreœliæ;Nie;wstêp za d³ugi;nie;5;nie
10.15.2025 18:37:44;Akceptujê;nauczycielem;1-5 lat;Morska Szko³a Podstawowa im. Aleksandra Doby w Gdañsku;Obie odpowiedzi s¹ poprawne.;s¹ normalne i potrzebne, poniewa¿ realizuj¹ szereg wa¿nych funkcji.;Przyjêcie odpowiedniej postawy cia³a lub wykonanie prostych ruchów.;Wdech odbywa siê przez nos, a wydech – przez usta.;Codzienna troska o fizycznoœæ, opieraj¹ca siê na trzech g³ównych filarach: w³aœciwej diecie, odpowiedniej iloœci snu i ruchu.;Tak;Wszystko by³o dobrze ;Zdecydowanie tak;Zdecydowanie tak;Tak;Zdecydowanie tak;5;5;By³o du¿o merytorycznej wiedziedzy;Nie s¹dzi³am ¿e oddech jest a¿ tak wa¿ny ;Nie;Nie;10;Nie
10.15.2025 18:45:17;Akceptujê;nauczycielem;1-5 lat;Morska Szko³a Podstawowa im. Aleksandra Doby w Gdañsku;Uruchamiaj¹ ca³y zespó³ zmian w ciele, w sposobie myœlenia i zachowaniu cz³owieka.;s¹ normalne i potrzebne, poniewa¿ realizuj¹ szereg wa¿nych funkcji.;Przyjêcie odpowiedniej postawy cia³a lub wykonanie prostych ruchów.;Wdech odbywa siê przez nos, a wydech – przez usta.;Codzienna troska o fizycznoœæ, opieraj¹ca siê na trzech g³ównych filarach: w³aœciwej diecie, odpowiedniej iloœci snu i ruchu.;Tak;;Zdecydowanie tak;Zdecydowanie tak;Tak;Zdecydowanie tak;5;5;Najbardziej przydatne bêd¹ æwiczenia oddechowe w sytuacjach odczuwania trudnych emocji.;Szkolenie poszerzy³o moj¹ wiedzê w zakresie omawianych zagadnieñ. Udzia³ w szkoleniu uœwiadomi³ mi, jak wa¿ne jest rozpoznawanie i reagowanie na emocje.;Brak;Szkolenie obejmowa³o wiele istotnych treœci. By³o wyczerpuj¹ce. W pe³ni odpowiada³o moim oczekiwaniom. Niczego nie zabrak³o.;10;Brak
10.20.2025 17:54:45;Akceptujê;nauczycielem;21 lat i wiêcej;Zespó³ Szkó³ Zawodowych w Bogatyni;Obie odpowiedzi s¹ poprawne.;s¹ normalne i potrzebne, poniewa¿ realizuj¹ szereg wa¿nych funkcji.;Przyjêcie odpowiedniej postawy cia³a lub wykonanie prostych ruchów.;Wdech i wydech odbywaj¹ siê przez nos.;Codzienna troska o fizycznoœæ, opieraj¹ca siê na trzech g³ównych filarach: w³aœciwej diecie, odpowiedniej iloœci snu i ruchu.;Tak;;Zdecydowanie tak;Zdecydowanie tak;Tak;Zdecydowanie tak;4;4;Oddech. Bo ¿yjê;Nie. Praktykujê jogê.;Nie;Nie;9;Wszystko ok. Doceniam psie porównania.
10.20.2025 17:55:35;Akceptujê;nauczycielem;21 lat i wiêcej;Zespó³ Szkó³ Zawodowych w Bogatyni;Obie odpowiedzi s¹ poprawne.;s¹ normalne i potrzebne, poniewa¿ realizuj¹ szereg wa¿nych funkcji.;Przyjêcie odpowiedniej postawy cia³a lub wykonanie prostych ruchów.;Wdech odbywa siê przez nos, a wydech – przez usta.;Codzienna troska o fizycznoœæ, opieraj¹ca siê na trzech g³ównych filarach: w³aœciwej diecie, odpowiedniej iloœci snu i ruchu.;Tak;;Zdecydowanie tak;Zdecydowanie tak;Tak;Zdecydowanie tak;5;5;wszystkie;æwiczeñ oddechowych;nie;nie;10;bardzo dobrze przygotowane
10.20.2025 17:55:54;Akceptujê;dyrektorem/wicedyrektorem;21 lat i wiêcej;Zespó³ Szkó³ Zawodowych w Bogatyni;Obie odpowiedzi s¹ poprawne.;s¹ normalne i potrzebne, poniewa¿ realizuj¹ szereg wa¿nych funkcji.;Przyjêcie odpowiedniej postawy cia³a lub wykonanie prostych ruchów.;Wdech odbywa siê przez nos, a wydech – przez usta.;Codzienna troska o fizycznoœæ, opieraj¹ca siê na trzech g³ównych filarach: w³aœciwej diecie, odpowiedniej iloœci snu i ruchu.;Tak;;Zdecydowanie tak;Zdecydowanie tak;Tak;Raczej tak;4;4;profilaktyka;nie;pierwsza czêœæ teoretyczna;nie;8;nie 
10.20.2025 17:56:02;Akceptujê;nauczycielem;11-15 lat;Zespó³ Szkó³ Zawodowych w Bogatyni;Obie odpowiedzi s¹ poprawne.;s¹ normalne i potrzebne, poniewa¿ realizuj¹ szereg wa¿nych funkcji.;Przyjêcie odpowiedniej postawy cia³a lub wykonanie prostych ruchów.;Wdech odbywa siê przez nos, a wydech – przez usta.;Codzienna troska o fizycznoœæ, opieraj¹ca siê na trzech g³ównych filarach: w³aœciwej diecie, odpowiedniej iloœci snu i ruchu.;Tak;;Raczej tak;Raczej tak;Tak;Raczej tak;3;3;Ka¿de ;Tak;Nie;Nie;8;Nie
10.20.2025 17:56:55;Akceptujê;nauczycielem;16-20 lat;Zespó³ Szkó³ Zawodowych w Bogatyni;Obie odpowiedzi s¹ poprawne.;s¹ normalne i potrzebne, poniewa¿ realizuj¹ szereg wa¿nych funkcji.;Przyjêcie odpowiedniej postawy cia³a lub wykonanie prostych ruchów.;Wdech odbywa siê przez nos, a wydech – przez usta.;Codzienna troska o fizycznoœæ, opieraj¹ca siê na trzech g³ównych filarach: w³aœciwej diecie, odpowiedniej iloœci snu i ruchu.;Tak;;Zdecydowanie tak;Zdecydowanie tak;Tak;Zdecydowanie tak;5;5;Oddechowe;Wiedzy ogolnej;Mie;Nie ;10;Nie 
10.20.2025 18:00:13;Akceptujê;nauczycielem;11-15 lat;Zespó³ Szkó³ Zawodowych w Bogatyni;Obie odpowiedzi s¹ poprawne.;s¹ normalne i potrzebne, poniewa¿ realizuj¹ szereg wa¿nych funkcji.;Przyjêcie odpowiedniej postawy cia³a lub wykonanie prostych ruchów.;Wdech odbywa siê przez nos, a wydech – przez usta.;Codzienna troska o fizycznoœæ, opieraj¹ca siê na trzech g³ównych filarach: w³aœciwej diecie, odpowiedniej iloœci snu i ruchu.;Tak;;Zdecydowanie tak;Zdecydowanie tak;Tak;Zdecydowanie tak;4;4;Techniki regulacji emocji;Æwiczenia ruchowe mo¿liwe do wykonania w pokoju nauczycielskim, pozwalaj¹ce roz³adowaæ emocje.;Nie, wszystko by³o przydatne.;Nie, spotkanie wyczerpa³o najwa¿niejsze aspekty.;10;Nie mam.
10.20.2025 18:00:30;Akceptujê;nauczycielem;21 lat i wiêcej;Zespó³ Szkó³ Zawodowych w Bogatyni;Obie odpowiedzi s¹ poprawne.;s¹ normalne i potrzebne, poniewa¿ realizuj¹ szereg wa¿nych funkcji.;Przyjêcie odpowiedniej postawy cia³a lub wykonanie prostych ruchów.;Wdech odbywa siê przez nos, a wydech – przez usta.;Codzienna troska o fizycznoœæ, opieraj¹ca siê na trzech g³ównych filarach: w³aœciwej diecie, odpowiedniej iloœci snu i ruchu.;Tak;;Zdecydowanie tak;Zdecydowanie tak;Tak;Zdecydowanie tak;4;4;ZIOM;tak, sposoby radzenia sobie z emocjami;nie;nie;9;nie
10.20.2025 18:02:00;Akceptujê;dyrektorem/wicedyrektorem;16-20 lat;Zespó³ Szkó³ Zawodowych w Bogatyni;To reakcje, które pojawiaj¹ siê w odpowiedzi na subiektywnie wa¿n¹ dla danej osoby sytuacjê.;s¹ normalne i potrzebne, poniewa¿ realizuj¹ szereg wa¿nych funkcji.;Przyjêcie odpowiedniej postawy cia³a lub wykonanie prostych ruchów.;Wdech odbywa siê przez nos, a wydech – przez usta.;Optymistyczne nastawienie do codziennoœci i koncentrowanie siê na pozytywnych aspektach w³asnego ¿ycia.;Tak;;Raczej tak;Raczej tak;Tak;Raczej tak;4;2;Cwiczenia;Nie wiem;Nie;Nie;9;Nie
10.20.2025 18:03:22;Akceptujê;pedagogiem;6-10 lat;Zespó³ Szkó³ Zawodowych w Bogatyni;Obie odpowiedzi s¹ poprawne.;s¹ normalne i potrzebne, poniewa¿ realizuj¹ szereg wa¿nych funkcji.;Przyjêcie odpowiedniej postawy cia³a lub wykonanie prostych ruchów.;Wdech odbywa siê przez nos, a wydech – przez usta.;Codzienna troska o fizycznoœæ, opieraj¹ca siê na trzech g³ównych filarach: w³aœciwej diecie, odpowiedniej iloœci snu i ruchu.;Tak;;Zdecydowanie tak;Raczej tak;Tak;Zdecydowanie tak;3;5;korzystanie z aplikacji wspieraj¹cych oddech ;niekoniecznie ;nie;nie;8;nie
10.20.2025 18:04:19;Akceptujê;nauczycielem;21 lat i wiêcej;Zespó³ Szkó³ Zawodowych w Bogatyni;Obie odpowiedzi s¹ poprawne.;mo¿na podzieliæ na dobre (pozytywne) i z³e (negatywne).;Przyjêcie odpowiedniej postawy cia³a lub wykonanie prostych ruchów.;Wdech odbywa siê przez nos, a wydech – przez usta.;Codzienna troska o fizycznoœæ, opieraj¹ca siê na trzech g³ównych filarach: w³aœciwej diecie, odpowiedniej iloœci snu i ruchu.;Tak;;Raczej tak;Zdecydowanie tak;Tak;Zdecydowanie tak;5;5;Æwiczenia ;Tak, rozpoznawania reakcji;Nie;Nie;10;Nie
10.20.2025 18:04:37;Akceptujê;psychologiem;11-15 lat;Zespó³ Szkó³ Zawodowych w Bogatyni;Obie odpowiedzi s¹ poprawne.;s¹ normalne i potrzebne, poniewa¿ realizuj¹ szereg wa¿nych funkcji.;Przyjêcie odpowiedniej postawy cia³a lub wykonanie prostych ruchów.;Wdech odbywa siê przez nos, a wydech – przez usta.;Codzienna troska o fizycznoœæ, opieraj¹ca siê na trzech g³ównych filarach: w³aœciwej diecie, odpowiedniej iloœci snu i ruchu.;Tak;nic;Zdecydowanie tak;Zdecydowanie tak;Tak;Raczej tak;3;4;Cw oddechowe;tak;nie ma takich;nie;10;Nie. Dziêkuje i pozdrawiam! Jest Pani super :)
10.20.2025 18:06:04;Akceptujê;nauczycielem;21 lat i wiêcej;Zespó³ Szkó³ Przyrodniczych i Bran¿owych w G³ogowie;Obie odpowiedzi s¹ poprawne.;s¹ normalne i potrzebne, poniewa¿ realizuj¹ szereg wa¿nych funkcji.;Przyjêcie odpowiedniej postawy cia³a lub wykonanie prostych ruchów.;Wdech odbywa siê przez nos, a wydech – przez usta.;Codzienna troska o fizycznoœæ, opieraj¹ca siê na trzech g³ównych filarach: w³aœciwej diecie, odpowiedniej iloœci snu i ruchu.;Tak;;Zdecydowanie tak;Raczej tak;Tak;Raczej tak;4;4;Praktyczne cwiczenia;Wp³yw rutyny, æwiczeñ na odczuwanie emocji;Nie;Nie;8;Nie
10.20.2025 18:07:28;Akceptujê;nauczycielem;16-20 lat;Zespó³ Szkó³ Przyrodniczych i Bran¿owych w G³ogowie;To reakcje, które pojawiaj¹ siê w odpowiedzi na subiektywnie wa¿n¹ dla danej osoby sytuacjê.;s¹ normalne i potrzebne, poniewa¿ realizuj¹ szereg wa¿nych funkcji.;Przyjêcie odpowiedniej postawy cia³a lub wykonanie prostych ruchów.;Wdech i wydech odbywaj¹ siê przez nos.;Codzienna troska o fizycznoœæ, opieraj¹ca siê na trzech g³ównych filarach: w³aœciwej diecie, odpowiedniej iloœci snu i ruchu.;Tak;;Zdecydowanie tak;Zdecydowanie tak;Tak;Zdecydowanie tak;5;5;proste æwiczenia w celu roz³adowania emocji, aplikacja Nie panikuj;jak wazne jest zaopiekowanie sie emocjami zaraz po powrocie ze szko³y;nie ma;nie;9;nie
10.20.2025 18:07:32;Akceptujê;nauczycielem;6-10 lat;Zespó³ Szkó³ Przyrodniczych i Bran¿owych w G³ogowie;Obie odpowiedzi s¹ poprawne.;s¹ normalne i potrzebne, poniewa¿ realizuj¹ szereg wa¿nych funkcji.;Przyjêcie odpowiedniej postawy cia³a lub wykonanie prostych ruchów.;Wdech odbywa siê przez nos, a wydech – przez usta.;Optymistyczne nastawienie do codziennoœci i koncentrowanie siê na pozytywnych aspektach w³asnego ¿ycia.;Tak;;Zdecydowanie tak;Raczej tak;Tak;Zdecydowanie tak;4;5;Radzenie sobie z emocjami ;Dbanie o swoje zdrowie ;Nie ;Nie;10;Nie
10.20.2025 18:07:59;Akceptujê;nauczycielem;21 lat i wiêcej;Zespó³ Szkó³ Przyrodniczych i Bran¿owych w G³ogowie;Obie odpowiedzi s¹ poprawne.;s¹ normalne i potrzebne, poniewa¿ realizuj¹ szereg wa¿nych funkcji.;Przyjêcie odpowiedniej postawy cia³a lub wykonanie prostych ruchów.;Wdech odbywa siê przez nos, a wydech – przez usta.;Codzienna troska o fizycznoœæ, opieraj¹ca siê na trzech g³ównych filarach: w³aœciwej diecie, odpowiedniej iloœci snu i ruchu.;Tak;;Zdecydowanie tak;Zdecydowanie tak;Tak;Zdecydowanie tak;5;5;Wszystkie;Tak;Nie;Nie;10;Nie
10.20.2025 18:08:01;Akceptujê;nauczycielem;1-5 lat;Zespó³ Szkó³ Przyrodniczych i Bran¿owych w G³ogowie;Obie odpowiedzi s¹ poprawne.;s¹ normalne i potrzebne, poniewa¿ realizuj¹ szereg wa¿nych funkcji.;Przyjêcie odpowiedniej postawy cia³a lub wykonanie prostych ruchów.;Wdech odbywa siê przez nos, a wydech – przez usta.;¯adna z powy¿szych.;Tak;;Zdecydowanie tak;Zdecydowanie tak;Tak;Zdecydowanie tak;5;5;Umiejêtnoœæ radzenia sobie ze stresem;Postrzeganie obrazowania emocji u innych ;Nie ma takich;Nie ma takich;10;Nie
10.20.2025 18:10:28;Akceptujê;nauczycielem;6-10 lat;Zespó³ Szkó³ Przyrodniczych i Bran¿owych w G³ogowie;Obie odpowiedzi s¹ poprawne.;s¹ normalne i potrzebne, poniewa¿ realizuj¹ szereg wa¿nych funkcji.;Przyjêcie odpowiedniej postawy cia³a lub wykonanie prostych ruchów.;Wdech odbywa siê przez nos, a wydech – przez usta.;Optymistyczne nastawienie do codziennoœci i koncentrowanie siê na pozytywnych aspektach w³asnego ¿ycia.;Tak;;Zdecydowanie tak;Zdecydowanie tak;Tak;Zdecydowanie tak;5;5;Dbanie o w³asne zdrowie psychiczne ;Tak, radzenie sobie z emocjami ;Nie;Nie;10;Nie
10.20.2025 18:15:32;Akceptujê;nauczycielem;21 lat i wiêcej;Zespó³ Szkó³ Zawodowych w Bogatyni;Obie odpowiedzi s¹ poprawne.;mo¿na podzieliæ na dobre (pozytywne) i z³e (negatywne).;Przyjêcie odpowiedniej postawy cia³a lub wykonanie prostych ruchów.;Wdech odbywa siê przez nos, a wydech – przez usta.;Codzienna troska o fizycznoœæ, opieraj¹ca siê na trzech g³ównych filarach: w³aœciwej diecie, odpowiedniej iloœci snu i ruchu.;Tak;;Zdecydowanie tak;Zdecydowanie tak;Tak;Raczej tak;4;4;Dotycz¹ce samokontroli. Poniewa¿ pomog¹ mi w utrzymywaniu pe³nej kontroli nad sytuacj¹.;Raczej nie, gdy¿ uœwiadamia³em sobie, ¿e te zagadnienia s¹, tylko nie do koñca je mog³em kontrolowaæ.;Chyba nie.;Te treœci by³y wystarczaj¹ce.;9;Nie
10.20.2025 18:18:34;Akceptujê;nauczycielem;21 lat i wiêcej;Zespó³ Szkó³ Przyrodniczych i Bran¿owych w G³ogowie;To reakcje, które pojawiaj¹ siê w odpowiedzi na subiektywnie wa¿n¹ dla danej osoby sytuacjê.;s¹ normalne i potrzebne, poniewa¿ realizuj¹ szereg wa¿nych funkcji.;Przyjêcie odpowiedniej postawy cia³a lub wykonanie prostych ruchów.;Wdech odbywa siê przez nos, a wydech – przez usta.;Codzienna troska o fizycznoœæ, opieraj¹ca siê na trzech g³ównych filarach: w³aœciwej diecie, odpowiedniej iloœci snu i ruchu.;Tak;-;Zdecydowanie tak;Zdecydowanie tak;Tak;Zdecydowanie tak;5;5;-;-;-;-;10;-
10.21.2025 18:03:46;Akceptujê;nauczycielem;16-20 lat;Zespó³ Szkó³ im. Stanis³awa Staszica w Miêtnem;Obie odpowiedzi s¹ poprawne.;s¹ normalne i potrzebne, poniewa¿ realizuj¹ szereg wa¿nych funkcji.;Przyjêcie odpowiedniej postawy cia³a lub wykonanie prostych ruchów.;Wdech odbywa siê przez nos, a wydech – przez usta.;Codzienna troska o fizycznoœæ, opieraj¹ca siê na trzech g³ównych filarach: w³aœciwej diecie, odpowiedniej iloœci snu i ruchu.;Tak;œwietne, merytoryczne szkolenie;Zdecydowanie tak;Zdecydowanie tak;Tak;Zdecydowanie tak;5;5;metody relaksacyjne;podejœcie do w³asnych emocji;nie by³o zbêdnych treœci;nie wiem;10;bardzo dziêkujê, spêdzi³am na tym spotkaniu naprawdê niezwyk³e chwile
10.21.2025 18:04:49;Akceptujê;nauczycielem;1-5 lat;Zespó³ Szkó³ im. Stanis³awa Staszica w Miêtnem;Obie odpowiedzi s¹ poprawne.;s¹ normalne i potrzebne, poniewa¿ realizuj¹ szereg wa¿nych funkcji.;Przyjêcie odpowiedniej postawy cia³a lub wykonanie prostych ruchów.;Wdech odbywa siê przez usta, a wydech – przez nos.;Codzienna troska o fizycznoœæ, opieraj¹ca siê na trzech g³ównych filarach: w³aœciwej diecie, odpowiedniej iloœci snu i ruchu.;Tak;;Zdecydowanie tak;Zdecydowanie tak;Tak;Zdecydowanie tak;5;5;Nale¿y znaleŸæ tabletkê która najlepiej na nas dzia³a.;Tak. Dotycz¹cych emocji;Nie;Nie;10;Super profesjonalne szkolenie
10.21.2025 18:05:13;Akceptujê;nauczycielem;21 lat i wiêcej;Zespó³ Szkó³ im. Stanis³awa Staszica w Miêtnem;Obie odpowiedzi s¹ poprawne.;s¹ normalne i potrzebne, poniewa¿ realizuj¹ szereg wa¿nych funkcji.;Przyjêcie odpowiedniej postawy cia³a lub wykonanie prostych ruchów.;Wdech odbywa siê przez nos, a wydech – przez usta.;Codzienna troska o fizycznoœæ, opieraj¹ca siê na trzech g³ównych filarach: w³aœciwej diecie, odpowiedniej iloœci snu i ruchu.;Tak;;Zdecydowanie tak;Zdecydowanie tak;Tak;Zdecydowanie tak;5;5;wiedza, jak radziæ sobie z kryzysem emocjonalnym;zmieni³o sposób postrzegania siebie i swoich potrzeb emocjonalnych;nie by³o takich treœci;nie zabrak³o;10;nie mam
10.21.2025 18:05:23;Akceptujê;nauczycielem;6-10 lat;Zespó³ Szkó³ im. Stanis³awa Staszica w Miêtnem;Obie odpowiedzi s¹ poprawne.;s¹ normalne i potrzebne, poniewa¿ realizuj¹ szereg wa¿nych funkcji.;Przyjêcie odpowiedniej postawy cia³a lub wykonanie prostych ruchów.;Wdech odbywa siê przez usta, a wydech – przez nos.;Codzienna troska o fizycznoœæ, opieraj¹ca siê na trzech g³ównych filarach: w³aœciwej diecie, odpowiedniej iloœci snu i ruchu.;Tak;super szkolenie;Zdecydowanie tak;Raczej tak;Tak;Zdecydowanie tak;4;4;jak poradziæ sobie z emocjami;Tak zmieni³o. To, ¿e nasze emocje nie s¹ czymœ z³ym. ; ;Nie zabrak³o;9;Nie
10.21.2025 18:05:34;Akceptujê;nauczycielem;1-5 lat;Zespó³ Szkó³ im. Stanis³awa Staszica w Miêtnem;Obie odpowiedzi s¹ poprawne.;mo¿na podzieliæ na dobre (pozytywne) i z³e (negatywne).;Przyjêcie odpowiedniej postawy cia³a lub wykonanie prostych ruchów.;Wdech odbywa siê przez nos, a wydech – przez usta.;Codzienna troska o fizycznoœæ, opieraj¹ca siê na trzech g³ównych filarach: w³aœciwej diecie, odpowiedniej iloœci snu i ruchu.;Tak;;Zdecydowanie tak;Zdecydowanie tak;Tak;Raczej tak;4;4;wszystkie;nie wiem;na t¹  chwilê raczej nie;nie;9;nie
10.21.2025 18:05:42;Akceptujê;nauczycielem;21 lat i wiêcej;Zespó³ Szkó³ im. Stanis³awa Staszica w Miêtnem;Obie odpowiedzi s¹ poprawne.;s¹ normalne i potrzebne, poniewa¿ realizuj¹ szereg wa¿nych funkcji.;Przyjêcie odpowiedniej postawy cia³a lub wykonanie prostych ruchów.;Wdech odbywa siê przez nos, a wydech – przez usta.;Codzienna troska o fizycznoœæ, opieraj¹ca siê na trzech g³ównych filarach: w³aœciwej diecie, odpowiedniej iloœci snu i ruchu.;Tak;;Zdecydowanie tak;Zdecydowanie tak;Tak;Zdecydowanie tak;5;5;Technika ZIOM;Postawa dominuj¹ca, na pewno wykorzystam;Wszystko by³o przydatne;nie;10;Bardzo interesuj¹ce szkolenie, du¿a interakcja z prowadz¹c¹. Dziêkujê i pozdrawiam
10.21.2025 18:05:45;Akceptujê;nauczycielem;21 lat i wiêcej;Zespó³ Szkó³ im. Stanis³awa Staszica w Miêtnem;Obie odpowiedzi s¹ poprawne.;s¹ normalne i potrzebne, poniewa¿ realizuj¹ szereg wa¿nych funkcji.;Przyjêcie odpowiedniej postawy cia³a lub wykonanie prostych ruchów.;Wdech odbywa siê przez nos, a wydech – przez usta.;Codzienna troska o fizycznoœæ, opieraj¹ca siê na trzech g³ównych filarach: w³aœciwej diecie, odpowiedniej iloœci snu i ruchu.;Tak;;Zdecydowanie tak;Zdecydowanie tak;Tak;Raczej tak;1;1;Informacja o aplikacji;Nie zmieni³o;Nie ma takich;Nie by³o takich;10;Nie
10.21.2025 18:06:15;Akceptujê;nauczycielem;21 lat i wiêcej;Zespó³ Szkó³ im. Stanis³awa Staszica w Miêtnem;Obie odpowiedzi s¹ poprawne.;mo¿na podzieliæ na dobre (pozytywne) i z³e (negatywne).;Przyjêcie odpowiedniej postawy cia³a lub wykonanie prostych ruchów.;Wdech odbywa siê przez nos, a wydech – przez usta.;Codzienna troska o fizycznoœæ, opieraj¹ca siê na trzech g³ównych filarach: w³aœciwej diecie, odpowiedniej iloœci snu i ruchu.;Tak;-;Zdecydowanie tak;Zdecydowanie tak;Tak;Zdecydowanie tak;5;5;sposoby roz³adowania z³ych emocji, æwiczenia;-;-;-;10;-
10.21.2025 18:06:10;Akceptujê;nauczycielem;1-5 lat;Zespó³ Szkó³ im. Stanis³awa Staszica w Miêtnem;Obie odpowiedzi s¹ poprawne.;s¹ normalne i potrzebne, poniewa¿ realizuj¹ szereg wa¿nych funkcji.;Przyjêcie odpowiedniej postawy cia³a lub wykonanie prostych ruchów.;Wdech odbywa siê przez nos, a wydech – przez usta.;Codzienna troska o fizycznoœæ, opieraj¹ca siê na trzech g³ównych filarach: w³aœciwej diecie, odpowiedniej iloœci snu i ruchu.;Tak;;Zdecydowanie tak;Zdecydowanie tak;Tak;Zdecydowanie tak;5;5;Jak radziæ sobie ze swoimi emocjami, jak je uspokoiæ.;Wp³yw mojej aktywnoœci fizycznej na moje emocje.;Nie;Raczej nie.;10;Nie
10.21.2025 18:07:05;Akceptujê;nauczycielem;1-5 lat;Zespó³ Szkó³ im. Stanis³awa Staszica w Miêtnem;Obie odpowiedzi s¹ poprawne.;s¹ normalne i potrzebne, poniewa¿ realizuj¹ szereg wa¿nych funkcji.;Przyjêcie odpowiedniej postawy cia³a lub wykonanie prostych ruchów.;Wdech odbywa siê przez nos, a wydech – przez usta.;Codzienna troska o fizycznoœæ, opieraj¹ca siê na trzech g³ównych filarach: w³aœciwej diecie, odpowiedniej iloœci snu i ruchu.;Tak;;Zdecydowanie tak;Zdecydowanie tak;Tak;Zdecydowanie tak;5;5;metody oddechu;tak , jak poradziæ sobie z trudnymi emocjami;nie;nie;10;nie
10.21.2025 18:07:53;Akceptujê;nauczycielem;1-5 lat;Zespó³ Szkó³ im. Stanis³awa Staszica w Miêtnem;Uruchamiaj¹ ca³y zespó³ zmian w ciele, w sposobie myœlenia i zachowaniu cz³owieka.;s¹ normalne i potrzebne, poniewa¿ realizuj¹ szereg wa¿nych funkcji.;Przyjêcie odpowiedniej postawy cia³a lub wykonanie prostych ruchów.;Wdech odbywa siê przez nos, a wydech – przez usta.;Codzienna troska o fizycznoœæ, opieraj¹ca siê na trzech g³ównych filarach: w³aœciwej diecie, odpowiedniej iloœci snu i ruchu.;Tak;;Zdecydowanie tak;Zdecydowanie tak;Tak;Zdecydowanie tak;4;5;wyjaœnienie jak poprawnie wykonywaæ techniki oddechowe i æwiczenie 5-4-3-2-1. Poniewa¿ jest to przydatna wiedza w zawodzie nauczyciela jak i w ¿yciu prywatnym by móc sobie poradziæ ;nie;nie by³o takich;nie;9;nie
10.21.2025 18:08:43;Akceptujê;nauczycielem;16-20 lat;Zespó³ Szkó³ im. Stanis³awa Staszica w Miêtnem;Obie odpowiedzi s¹ poprawne.;s¹ normalne i potrzebne, poniewa¿ realizuj¹ szereg wa¿nych funkcji.;Przyjêcie odpowiedniej postawy cia³a lub wykonanie prostych ruchów.;Wdech odbywa siê przez nos, a wydech – przez usta.;Optymistyczne nastawienie do codziennoœci i koncentrowanie siê na pozytywnych aspektach w³asnego ¿ycia.;Tak;;Zdecydowanie tak;Zdecydowanie tak;Tak;Zdecydowanie tak;5;5;Sposób radzenia sobie z emocjami;Tak;Nie;Wszystko dobrze;10;Brak uwag
10.21.2025 18:08:53;Akceptujê;nauczycielem;16-20 lat;Zespó³ Szkó³ im. Stanis³awa Staszica w Miêtnem;Obie odpowiedzi s¹ poprawne.;s¹ normalne i potrzebne, poniewa¿ realizuj¹ szereg wa¿nych funkcji.;Przyjêcie odpowiedniej postawy cia³a lub wykonanie prostych ruchów.;Wdech odbywa siê przez nos, a wydech – przez usta.;Codzienna troska o fizycznoœæ, opieraj¹ca siê na trzech g³ównych filarach: w³aœciwej diecie, odpowiedniej iloœci snu i ruchu.;Tak;;Zdecydowanie tak;Raczej tak;Tak;Raczej tak;5;5;sposoby radzenia sobie z emocjami;tak interpretacji moich emocji;nie;nie;9;nie
10.21.2025 21:31:07;Akceptujê;nauczycielem;21 lat i wiêcej;Zespó³ Szkó³ im. Stanis³awa Staszica w Miêtnem;Obie odpowiedzi s¹ poprawne.;s¹ normalne i potrzebne, poniewa¿ realizuj¹ szereg wa¿nych funkcji.;Przyjêcie odpowiedniej postawy cia³a lub wykonanie prostych ruchów.;Wdech odbywa siê przez nos, a wydech – przez usta.;Optymistyczne nastawienie do codziennoœci i koncentrowanie siê na pozytywnych aspektach w³asnego ¿ycia.;Tak;;Zdecydowanie tak;Zdecydowanie tak;Tak;Raczej tak;5;4;Sposoby radzenia sobie ze stresem;Zmieni³ siê mój sposób postrzegania co do sposobów radzenia sobie ze stresem;Zasadniczo ca³e spotkanie by³o ciekawe i nios³o treœci praktyczne;Wydaje mi siê ¿e spotkanie da³o mi ogrom ciekawych informacji;9;Nie, dziêkujê bardzo za ciekawe szkolenie.
10.23.2025 18:29:25;Akceptujê;nauczycielem;1-5 lat;Zespó³ Szkolno-Przedszkolny w Zawoni;Obie odpowiedzi s¹ poprawne.;s¹ normalne i potrzebne, poniewa¿ realizuj¹ szereg wa¿nych funkcji.;Przyjêcie odpowiedniej postawy cia³a lub wykonanie prostych ruchów.;Wdech odbywa siê przez nos, a wydech – przez usta.;Codzienna troska o fizycznoœæ, opieraj¹ca siê na trzech g³ównych filarach: w³aœciwej diecie, odpowiedniej iloœci snu i ruchu.;Tak;;Raczej tak;Raczej tak;Tak;Raczej tak;3;3;æwiczenia;nie;-;-;5;-
10.23.2025 18:30:11;Akceptujê;nauczycielem;21 lat i wiêcej;Zespó³ Szkolno-Przedszkolny w Zawoni;Obie odpowiedzi s¹ poprawne.;s¹ normalne i potrzebne, poniewa¿ realizuj¹ szereg wa¿nych funkcji.;Przyjêcie odpowiedniej postawy cia³a lub wykonanie prostych ruchów.;Wdech odbywa siê przez nos, a wydech – przez usta.;Codzienna troska o fizycznoœæ, opieraj¹ca siê na trzech g³ównych filarach: w³aœciwej diecie, odpowiedniej iloœci snu i ruchu.;Tak;;Zdecydowanie tak;Zdecydowanie tak;Tak;Zdecydowanie tak;5;5;wszystkie;Emocji;nie;nie;10;nie
10.23.2025 18:30:33;Akceptujê;dyrektorem/wicedyrektorem;21 lat i wiêcej;Zespó³ Szkolno-Przedszkolny w Zawoni;Obie odpowiedzi s¹ poprawne.;mo¿na podzieliæ na dobre (pozytywne) i z³e (negatywne).;Przyjêcie odpowiedniej postawy cia³a lub wykonanie prostych ruchów.;Wdech odbywa siê przez nos, a wydech – przez usta.;Codzienna troska o fizycznoœæ, opieraj¹ca siê na trzech g³ównych filarach: w³aœciwej diecie, odpowiedniej iloœci snu i ruchu.;Tak;nic;Zdecydowanie tak;Zdecydowanie tak;Tak;Zdecydowanie tak;5;5;wszystkie;tak;nie;nie;10;nie
10.23.2025 18:30:34;Akceptujê;dyrektorem/wicedyrektorem;16-20 lat;Zespó³ Szkolno-Przedszkolny w Zawoni;Uruchamiaj¹ ca³y zespó³ zmian w ciele, w sposobie myœlenia i zachowaniu cz³owieka.;mo¿na podzieliæ na dobre (pozytywne) i z³e (negatywne).;Przyjêcie odpowiedniej postawy cia³a lub wykonanie prostych ruchów.;Wdech odbywa siê przez nos, a wydech – przez usta.;Codzienna troska o fizycznoœæ, opieraj¹ca siê na trzech g³ównych filarach: w³aœciwej diecie, odpowiedniej iloœci snu i ruchu.;Tak;-;Zdecydowanie tak;Zdecydowanie tak;Tak;Zdecydowanie tak;5;5;Umiejêtnoœæ opanowania emocji.;Tak;Nie;Nie;10;Brak uwag.
10.23.2025 18:30:50;Akceptujê;psychologiem;1-5 lat;Zespó³ Szkolno-Przedszkolny w Zawoni;Obie odpowiedzi s¹ poprawne.;s¹ normalne i potrzebne, poniewa¿ realizuj¹ szereg wa¿nych funkcji.;Przyjêcie odpowiedniej postawy cia³a lub wykonanie prostych ruchów.;Wdech odbywa siê przez nos, a wydech – przez usta.;Codzienna troska o fizycznoœæ, opieraj¹ca siê na trzech g³ównych filarach: w³aœciwej diecie, odpowiedniej iloœci snu i ruchu.;Tak;;Zdecydowanie tak;Zdecydowanie tak;Tak;Zdecydowanie tak;5;5;Techniki relaksacyjne ;Tak;Piramida ka³owa;Nie;10;Nie mam 
10.23.2025 18:30:51;Akceptujê;nauczycielem;11-15 lat;Zespó³ Szkolno-Przedszkolny w Zawoni;Obie odpowiedzi s¹ poprawne.;mo¿na podzieliæ na dobre (pozytywne) i z³e (negatywne).;Przyjêcie odpowiedniej postawy cia³a lub wykonanie prostych ruchów.;Wdech odbywa siê przez nos, a wydech – przez usta.;Optymistyczne nastawienie do codziennoœci i koncentrowanie siê na pozytywnych aspektach w³asnego ¿ycia.;Tak;;Zdecydowanie tak;Zdecydowanie tak;Tak;Raczej tak;4;4;Relaksacja;Dbanie o swoje emocje ;Nie;Nie;8;Nie
10.23.2025 18:30:53;Akceptujê;nauczycielem;6-10 lat;Zespó³ Szkolno-Przedszkolny w Zawoni;Uruchamiaj¹ ca³y zespó³ zmian w ciele, w sposobie myœlenia i zachowaniu cz³owieka.;s¹ normalne i potrzebne, poniewa¿ realizuj¹ szereg wa¿nych funkcji.;Przyjêcie odpowiedniej postawy cia³a lub wykonanie prostych ruchów.;Wdech odbywa siê przez nos, a wydech – przez usta.;Codzienna troska o fizycznoœæ, opieraj¹ca siê na trzech g³ównych filarach: w³aœciwej diecie, odpowiedniej iloœci snu i ruchu.;Tak;;Zdecydowanie tak;Zdecydowanie tak;Tak;Zdecydowanie tak;4;5;sposoby na roz³adowanie trudnych emocji;Wiêkszoœæ treœci by³a mi ju¿ znana. Natomiast techniki regulacji emocji by³y cennym przypomnieniem;raczej nie;trudno mi powiedzieæ;9;nie
10.23.2025 18:31:18;Akceptujê;nauczycielem;11-15 lat;Zespó³ Szkolno-Przedszkolny w Zawoni;Obie odpowiedzi s¹ poprawne.;mo¿na podzieliæ na dobre (pozytywne) i z³e (negatywne).;Zjedzenie czegoœ s³odkiego.;Wdech odbywa siê przez nos, a wydech – przez usta.;Optymistyczne nastawienie do codziennoœci i koncentrowanie siê na pozytywnych aspektach w³asnego ¿ycia.;Tak;;Zdecydowanie tak;Zdecydowanie tak;Tak;Zdecydowanie tak;4;4;Relaksacja;Dbanie o swoje emocje;Nie;Nie ;8;Nie
10.23.2025 18:31:18;Akceptujê;nauczycielem;21 lat i wiêcej;Zespó³ Szkolno-Przedszkolny w Zawoni;To reakcje, które pojawiaj¹ siê w odpowiedzi na subiektywnie wa¿n¹ dla danej osoby sytuacjê.;s¹ normalne i potrzebne, poniewa¿ realizuj¹ szereg wa¿nych funkcji.;Przyjêcie odpowiedniej postawy cia³a lub wykonanie prostych ruchów.;Wdech odbywa siê przez nos, a wydech – przez usta.;Codzienna troska o fizycznoœæ, opieraj¹ca siê na trzech g³ównych filarach: w³aœciwej diecie, odpowiedniej iloœci snu i ruchu.;Tak;;Zdecydowanie tak;Zdecydowanie tak;Tak;Zdecydowanie tak;5;5;Dotycz¹ce praktycznego radzenia sobie z emocjami.;Tak.;Nie.;Nie;9;Dziêkujê:)
10.23.2025 18:31:19;Akceptujê;pedagogiem;11-15 lat;Zespó³ Szkolno-Przedszkolny w Zawoni;Uruchamiaj¹ ca³y zespó³ zmian w ciele, w sposobie myœlenia i zachowaniu cz³owieka.;mo¿na podzieliæ na dobre (pozytywne) i z³e (negatywne).;Przyjêcie odpowiedniej postawy cia³a lub wykonanie prostych ruchów.;Wdech odbywa siê przez nos, a wydech – przez usta.;Codzienna troska o fizycznoœæ, opieraj¹ca siê na trzech g³ównych filarach: w³aœciwej diecie, odpowiedniej iloœci snu i ruchu.;Tak;-;Zdecydowanie tak;Raczej tak;Tak;Raczej tak;5;5;Zrozumienie emocji ;Nie;-;Nie;8;Nie
10.23.2025 18:31:22;Akceptujê;nauczycielem;11-15 lat;Zespó³ Szkolno-Przedszkolny w Zawoni;To reakcje, które pojawiaj¹ siê w odpowiedzi na subiektywnie wa¿n¹ dla danej osoby sytuacjê.;mo¿na podzieliæ na dobre (pozytywne) i z³e (negatywne).;Przyjêcie odpowiedniej postawy cia³a lub wykonanie prostych ruchów.;Wdech odbywa siê przez nos, a wydech – przez usta.;Codzienna troska o fizycznoœæ, opieraj¹ca siê na trzech g³ównych filarach: w³aœciwej diecie, odpowiedniej iloœci snu i ruchu.;Tak;;Zdecydowanie tak;Zdecydowanie tak;Tak;Zdecydowanie tak;5;5;-;-;-;-;8;-
10.23.2025 18:31:26;Akceptujê;nauczycielem;21 lat i wiêcej;Zespó³ Szkolno-Przedszkolny w Zawoni;Obie odpowiedzi s¹ poprawne.;s¹ normalne i potrzebne, poniewa¿ realizuj¹ szereg wa¿nych funkcji.;Przyjêcie odpowiedniej postawy cia³a lub wykonanie prostych ruchów.;Wdech odbywa siê przez nos, a wydech – przez usta.;Optymistyczne nastawienie do codziennoœci i koncentrowanie siê na pozytywnych aspektach w³asnego ¿ycia.;Tak;;Zdecydowanie tak;Zdecydowanie tak;Tak;Zdecydowanie tak;5;5;wszystko;tak;nie;nie;10;nie
10.23.2025 18:32:07;Akceptujê;nauczycielem;21 lat i wiêcej;Zespó³ Szkolno-Przedszkolny w Zawoni;Obie odpowiedzi s¹ poprawne.;s¹ normalne i potrzebne, poniewa¿ realizuj¹ szereg wa¿nych funkcji.;Przyjêcie odpowiedniej postawy cia³a lub wykonanie prostych ruchów.;Wdech odbywa siê przez nos, a wydech – przez usta.;Codzienna troska o fizycznoœæ, opieraj¹ca siê na trzech g³ównych filarach: w³aœciwej diecie, odpowiedniej iloœci snu i ruchu.;Tak;;Zdecydowanie tak;Zdecydowanie tak;Tak;Zdecydowanie tak;5;5;Metody oddechu.;Jak wa¿ne s¹ emocje.;Nie;Nie;10;Nie
10.23.2025 18:32:09;Akceptujê;nauczycielem;21 lat i wiêcej;Zespó³ Szkolno-Przedszkolny w Zawoni;Uruchamiaj¹ ca³y zespó³ zmian w ciele, w sposobie myœlenia i zachowaniu cz³owieka.;s¹ normalne i potrzebne, poniewa¿ realizuj¹ szereg wa¿nych funkcji.;Przyjêcie odpowiedniej postawy cia³a lub wykonanie prostych ruchów.;Wdech odbywa siê przez nos, a wydech – przez usta.;Codzienna troska o fizycznoœæ, opieraj¹ca siê na trzech g³ównych filarach: w³aœciwej diecie, odpowiedniej iloœci snu i ruchu.;Tak;;Zdecydowanie tak;Zdecydowanie tak;Tak;Zdecydowanie tak;5;5;æwiczenia;tak;tak;nie;10;mobing  w szkole
10.23.2025 18:32:51;Akceptujê;nauczycielem;1-5 lat;Zespó³ Szkolno-Przedszkolny w Zawoni;Uruchamiaj¹ ca³y zespó³ zmian w ciele, w sposobie myœlenia i zachowaniu cz³owieka.;s¹ normalne i potrzebne, poniewa¿ realizuj¹ szereg wa¿nych funkcji.;Przyjêcie odpowiedniej postawy cia³a lub wykonanie prostych ruchów.;Wdech odbywa siê przez nos, a wydech – przez usta.;Codzienna troska o fizycznoœæ, opieraj¹ca siê na trzech g³ównych filarach: w³aœciwej diecie, odpowiedniej iloœci snu i ruchu.;Tak;;Zdecydowanie tak;Zdecydowanie tak;Tak;Zdecydowanie tak;4;4;Æwiczenia praktyczne;nie;nie;nie;8;nie
10.23.2025 18:33:00;Akceptujê;nauczycielem;16-20 lat;Zespó³ Szkolno-Przedszkolny w Zawoni;Uruchamiaj¹ ca³y zespó³ zmian w ciele, w sposobie myœlenia i zachowaniu cz³owieka.;s¹ normalne i potrzebne, poniewa¿ realizuj¹ szereg wa¿nych funkcji.;Przyjêcie odpowiedniej postawy cia³a lub wykonanie prostych ruchów.;Wdech odbywa siê przez nos, a wydech – przez usta.;Codzienna troska o fizycznoœæ, opieraj¹ca siê na trzech g³ównych filarach: w³aœciwej diecie, odpowiedniej iloœci snu i ruchu.;Tak;;Zdecydowanie tak;Zdecydowanie tak;Tak;Zdecydowanie tak;5;5;jak dbac o sama siebie, aby byc lepszym dla swiata;owszem;nie;nie;9;brak
10.23.2025 18:33:52;Akceptujê;nauczycielem;1-5 lat;Zespó³ Szkolno-Przedszkolny w Zawoni;Obie odpowiedzi s¹ poprawne.;s¹ normalne i potrzebne, poniewa¿ realizuj¹ szereg wa¿nych funkcji.;Przyjêcie odpowiedniej postawy cia³a lub wykonanie prostych ruchów.;Wdech odbywa siê przez nos, a wydech – przez usta.;Codzienna troska o fizycznoœæ, opieraj¹ca siê na trzech g³ównych filarach: w³aœciwej diecie, odpowiedniej iloœci snu i ruchu.;Tak;;Zdecydowanie tak;Zdecydowanie tak;Tak;Zdecydowanie tak;4;4;Sposoby i techniki radzenia sobie w sytuacjach odczuwania negatywnych emocji.;tak, wa¿noœci samoœwiadomoœci emocji;nie;nie zabrak³o;10;brak uwag
10.23.2025 18:34:09;Akceptujê;pedagogiem;11-15 lat;Zespó³ Szkolno-Przedszkolny w Zawoni;Uruchamiaj¹ ca³y zespó³ zmian w ciele, w sposobie myœlenia i zachowaniu cz³owieka.;mo¿na podzieliæ na dobre (pozytywne) i z³e (negatywne).;Przyjêcie odpowiedniej postawy cia³a lub wykonanie prostych ruchów.;Wdech odbywa siê przez nos, a wydech – przez usta.;Codzienna troska o fizycznoœæ, opieraj¹ca siê na trzech g³ównych filarach: w³aœciwej diecie, odpowiedniej iloœci snu i ruchu.;Tak;Nic;Zdecydowanie tak;Zdecydowanie tak;Tak;Raczej tak;5;5;Emocje;-;-;Nie;8;Nie
10.23.2025 18:42:38;Akceptujê;nauczycielem;21 lat i wiêcej;Zespó³ Szkolno-Przedszkolny w Zawoni;Obie odpowiedzi s¹ poprawne.;s¹ normalne i potrzebne, poniewa¿ realizuj¹ szereg wa¿nych funkcji.;Przyjêcie odpowiedniej postawy cia³a lub wykonanie prostych ruchów.;Wdech odbywa siê przez nos, a wydech – przez usta.;Codzienna troska o fizycznoœæ, opieraj¹ca siê na trzech g³ównych filarach: w³aœciwej diecie, odpowiedniej iloœci snu i ruchu.;Tak;Forma szkolenia by³a dla mnie odpowiednia.;Zdecydowanie tak;Zdecydowanie tak;Tak;Zdecydowanie tak;5;5;Treœci dotycz¹ce radzenia sobie z emocjami w pracy z uczniami trudnymi.;Zagadnieñ dotycz¹cych æwiczeñ oddechowych.;Wszystkie treœci by³y dla mnie wa¿ne.;Nie zabrak³o.;10;Nie mam uwag.
10.23.2025 18:56:06;Akceptujê;nauczycielem;11-15 lat;Zespó³ Szkolno-Przedszkolny w Zawoni;Obie odpowiedzi s¹ poprawne.;s¹ normalne i potrzebne, poniewa¿ realizuj¹ szereg wa¿nych funkcji.;Przyjêcie odpowiedniej postawy cia³a lub wykonanie prostych ruchów.;Wdech odbywa siê przez nos, a wydech – przez usta.;Optymistyczne nastawienie do codziennoœci i koncentrowanie siê na pozytywnych aspektach w³asnego ¿ycia.;Tak;;Zdecydowanie tak;Zdecydowanie tak;Tak;Zdecydowanie tak;5;5;Jak sobie radziæ ;Z radzeniem sobie ;Nie;Nie ;8;Nie 
10.24.2025 9:59:38;Akceptujê;nauczycielem;21 lat i wiêcej;Zespó³ Szkolno-Przedszkolny w Zawoni;Obie odpowiedzi s¹ poprawne.;s¹ normalne i potrzebne, poniewa¿ realizuj¹ szereg wa¿nych funkcji.;Przyjêcie odpowiedniej postawy cia³a lub wykonanie prostych ruchów.;Wdech odbywa siê przez nos, a wydech – przez usta.;Optymistyczne nastawienie do codziennoœci i koncentrowanie siê na pozytywnych aspektach w³asnego ¿ycia.;Tak;;Zdecydowanie tak;Zdecydowanie tak;Tak;Zdecydowanie tak;5;5;æwiczenia;tak;tak, jak radziæ sobie z w³asnymi emocjami, zmys³y i æwiczenia;jak radziæ sobie z mobbingiem w szkole? atmosfera i wspó³praca nauczycieli w szkole.;10;nie
10.24.2025 16:23:48;Akceptujê;nauczycielem;11-15 lat;Zespó³ Szkolno-Przedszkolny w Zawoni;Obie odpowiedzi s¹ poprawne.;s¹ normalne i potrzebne, poniewa¿ realizuj¹ szereg wa¿nych funkcji.;Przyjêcie odpowiedniej postawy cia³a lub wykonanie prostych ruchów.;Wdech odbywa siê przez nos, a wydech – przez usta.;Codzienna troska o fizycznoœæ, opieraj¹ca siê na trzech g³ównych filarach: w³aœciwej diecie, odpowiedniej iloœci snu i ruchu.;Tak;;Raczej tak;Raczej tak;Tak;Zdecydowanie tak;4;4;Wskazywanie odpowiednich technik, sposobów radzenie sobie z emocjami.;Zwróci³am uwagê na w³asn¹ emocjonalnoœæ.;brak;brak;9;brak uwag
10.24.2025 23:40:25;Akceptujê;nauczycielem;21 lat i wiêcej;Zespó³ Szkolno-Przedszkolny w Zawoni;Obie odpowiedzi s¹ poprawne.;s¹ normalne i potrzebne, poniewa¿ realizuj¹ szereg wa¿nych funkcji.;Przyjêcie odpowiedniej postawy cia³a lub wykonanie prostych ruchów.;Wdech odbywa siê przez nos, a wydech – przez usta.;Codzienna troska o fizycznoœæ, opieraj¹ca siê na trzech g³ównych filarach: w³aœciwej diecie, odpowiedniej iloœci snu i ruchu.;Tak;;Raczej tak;Zdecydowanie tak;Tak;Zdecydowanie tak;4;4;Najbardziej przydatne okaza³y siê treœci dotycz¹ce rozpoznawania wczesnych objawów stresu oraz praktyczne techniki radzenia sobie z napiêciem emocjonalnym – zw³aszcza æwiczenia oddechowe i krótkie metody relaksacyjne mo¿liwe do zastosowania w codziennej pracy nauczyciela. Dziêki nim ³atwiej bêdzie mi zachowaæ równowagê psychiczn¹ w trudnych sytuacjach zawodowych i lepiej dbaæ o w³asny dobrostan.;Tak, spotkanie sk³oni³o mnie do innego spojrzenia na znaczenie dbania o w³asne emocje w pracy nauczyciela. Uœwiadomi³em sobie, ¿e troska o dobrostan psychiczny nie jest oznak¹ s³aboœci, lecz warunkiem skutecznego dzia³ania i budowania dobrej relacji z uczniami. Zrozumia³em te¿, jak wa¿ne jest œwiadome roz³adowywanie napiêcia i wprowadzanie krótkich chwil spokoju w codziennym rytmie pracy.;Nie, wszystkie poruszane treœci uzna³em za wartoœciowe i spójne z tematem szkolenia. Ka¿dy z omawianych w¹tków wnosi³ coœ istotnego do zrozumienia mechanizmów stresu i sposobów radzenia sobie z emocjami w pracy nauczyciela;Szkolenie by³o wartoœciowe, jednak mo¿na by³oby jeszcze szerzej omówiæ temat praktycznych sposobów radzenia sobie ze stresem w konkretnych sytuacjach szkolnych, np. podczas konfliktów z uczniami lub w kontaktach z rodzicami. Dodatkowe przyk³ady i krótkie æwiczenia scenariuszowe mog³yby jeszcze bardziej uatrakcyjniæ zajêcia i u³atwiæ zastosowanie poznanych technik w praktyce.;9;Szkolenie by³o bardzo dobrze przygotowane i poprowadzone w sposób anga¿uj¹cy. Przyjazna atmosfera sprzyja³a otwartoœci i refleksji. Cenne by³y zarówno treœci merytoryczne, jak i praktyczne æwiczenia pomagaj¹ce lepiej zrozumieæ w³asne reakcje emocjonalne.
10.28.2025 18:24:25;Akceptujê;nauczycielem;21 lat i wiêcej;Zespó³ Szkó³ Ekonomiczno-Handlowych im. Komisji Edukacji Narodowej w ¯ninie;Uruchamiaj¹ ca³y zespó³ zmian w ciele, w sposobie myœlenia i zachowaniu cz³owieka.;s¹ normalne i potrzebne, poniewa¿ realizuj¹ szereg wa¿nych funkcji.;Przyjêcie odpowiedniej postawy cia³a lub wykonanie prostych ruchów.;Wdech odbywa siê przez nos, a wydech – przez usta.;Codzienna troska o fizycznoœæ, opieraj¹ca siê na trzech g³ównych filarach: w³aœciwej diecie, odpowiedniej iloœci snu i ruchu.;Tak;;Zdecydowanie nie;Zdecydowanie tak;Tak;Zdecydowanie tak;5;5;Æwiczenia oddechowe;Tak;Nie;nie;10;Nie
10.28.2025 18:26:38;Akceptujê;pedagogiem;21 lat i wiêcej;Zespó³ Szkó³ Ekonomiczno-Handlowych im. Komisji Edukacji Narodowej w ¯ninie;Obie odpowiedzi s¹ poprawne.;s¹ normalne i potrzebne, poniewa¿ realizuj¹ szereg wa¿nych funkcji.;Przyjêcie odpowiedniej postawy cia³a lub wykonanie prostych ruchów.;Wdech odbywa siê przez nos, a wydech – przez usta.;Codzienna troska o fizycznoœæ, opieraj¹ca siê na trzech g³ównych filarach: w³aœciwej diecie, odpowiedniej iloœci snu i ruchu.;Tak;;Zdecydowanie tak;Zdecydowanie tak;Tak;Zdecydowanie tak;5;5;Æwiczenia relaksacyjne.;Trzeba dbaæ o siebie tak samo, jak o innych.;Nie by³o takich. ;Nie by³o takich. ;10;Brak uwag.
10.28.2025 18:26:48;Akceptujê;nauczycielem;1-5 lat;Zespó³ Szkó³ Ekonomiczno-Handlowych im. Komisji Edukacji Narodowej w ¯ninie;Obie odpowiedzi s¹ poprawne.;s¹ normalne i potrzebne, poniewa¿ realizuj¹ szereg wa¿nych funkcji.;Przyjêcie odpowiedniej postawy cia³a lub wykonanie prostych ruchów.;Wdech odbywa siê przez nos, a wydech – przez usta.;Codzienna troska o fizycznoœæ, opieraj¹ca siê na trzech g³ównych filarach: w³aœciwej diecie, odpowiedniej iloœci snu i ruchu.;Tak;;Zdecydowanie tak;Zdecydowanie tak;Tak;Zdecydowanie tak;5;5;Sposoby radzenia sobie z emocjami mo¿liwe do wykorzystania podczas pracy w szkole;Nowe spojrzenie na emocje jak na wodê;brak;nie;10;brak
10.29.2025 11:34:16;Akceptujê;pedagogiem;16-20 lat;Zespó³ Szkó³ Przyrodniczych i Bran¿owych w G³ogowie;Obie odpowiedzi s¹ poprawne.;s¹ normalne i potrzebne, poniewa¿ realizuj¹ szereg wa¿nych funkcji.;Przyjêcie odpowiedniej postawy cia³a lub wykonanie prostych ruchów.;Wdech odbywa siê przez nos, a wydech – przez usta.;Codzienna troska o fizycznoœæ, opieraj¹ca siê na trzech g³ównych filarach: w³aœciwej diecie, odpowiedniej iloœci snu i ruchu.;Tak;;Raczej tak;Raczej tak;Tak;Raczej tak;5;5;wszystkie;podejœcie;nie;nie wiem;10;brak
10.29.2025 11:36:34;Akceptujê;nauczycielem;1-5 lat;Zespó³ Szkó³ Przyrodniczych i Bran¿owych w G³ogowie;Obie odpowiedzi s¹ poprawne.;s¹ normalne i potrzebne, poniewa¿ realizuj¹ szereg wa¿nych funkcji.;Przyjêcie odpowiedniej postawy cia³a lub wykonanie prostych ruchów.;Wdech odbywa siê przez nos, a wydech – przez usta.;Codzienna troska o fizycznoœæ, opieraj¹ca siê na trzech g³ównych filarach: w³aœciwej diecie, odpowiedniej iloœci snu i ruchu.;Tak;;Raczej tak;Raczej tak;Tak;Raczej tak;4;4;dobrostan;tak;nie;realnych rozwi¹zañ;8;nie
10.29.2025 12:08:03;Akceptujê;psychologiem;1-5 lat;Zespó³ Szkó³ Przyrodniczych i Bran¿owych w G³ogowie;Uruchamiaj¹ ca³y zespó³ zmian w ciele, w sposobie myœlenia i zachowaniu cz³owieka.;s¹ normalne i potrzebne, poniewa¿ realizuj¹ szereg wa¿nych funkcji.;Przyjêcie odpowiedniej postawy cia³a lub wykonanie prostych ruchów.;Wdech odbywa siê przez nos, a wydech – przez usta.;Codzienna troska o fizycznoœæ, opieraj¹ca siê na trzech g³ównych filarach: w³aœciwej diecie, odpowiedniej iloœci snu i ruchu.;Tak;;Raczej tak;Raczej tak;Tak;Raczej tak;4;4;Wszystkie treœci zwi¹zane z stresem, poniewa¿ by³y przekazywany w jasny i klarowny sposób. ;Nie zmieni³o sposobu postrzegania;wszystkie treœci by³y w³aœciwe;Nie ;9;nie
11.3.2025 18:19:25;Akceptujê;Pomoc nauczyciela ;mniej ni¿ rok;Niepubliczna Szko³a Podstawowa Perpetum Mobile  w Bydgoszczy;Obie odpowiedzi s¹ poprawne.;s¹ normalne i potrzebne, poniewa¿ realizuj¹ szereg wa¿nych funkcji.;Przyjêcie odpowiedniej postawy cia³a lub wykonanie prostych ruchów.;Wdech odbywa siê przez nos, a wydech – przez usta.;Codzienna troska o fizycznoœæ, opieraj¹ca siê na trzech g³ównych filarach: w³aœciwej diecie, odpowiedniej iloœci snu i ruchu.;Tak;;Zdecydowanie tak;Zdecydowanie tak;Tak;Zdecydowanie tak;1;1;Techniki oddechowe. Mo¿na ich u¿ywaæ wszêdzie.;Zauwa¿ania swoich emocji w trudnych sytuacjach ;Brak;-;9;-
11.3.2025 18:19:52;Akceptujê;nauczycielem;1-5 lat;Niepubliczna Szko³a Podstawowa Perpetum Mobile  w Bydgoszczy;Obie odpowiedzi s¹ poprawne.;s¹ normalne i potrzebne, poniewa¿ realizuj¹ szereg wa¿nych funkcji.;Przyjêcie odpowiedniej postawy cia³a lub wykonanie prostych ruchów.;Wdech odbywa siê przez nos, a wydech – przez usta.;Codzienna troska o fizycznoœæ, opieraj¹ca siê na trzech g³ównych filarach: w³aœciwej diecie, odpowiedniej iloœci snu i ruchu.;Tak;;Zdecydowanie tak;Zdecydowanie tak;Tak;Zdecydowanie tak;5;5;wszystko;nie;nie;nie;10;nie
11.3.2025 18:20:06;Akceptujê;nauczycielem;1-5 lat;Niepubliczna Szko³a Podstawowa Perpetum Mobile  w Bydgoszczy;Obie odpowiedzi s¹ poprawne.;s¹ normalne i potrzebne, poniewa¿ realizuj¹ szereg wa¿nych funkcji.;Przyjêcie odpowiedniej postawy cia³a lub wykonanie prostych ruchów.;Wdech odbywa siê przez nos, a wydech – przez usta.;Codzienna troska o fizycznoœæ, opieraj¹ca siê na trzech g³ównych filarach: w³aœciwej diecie, odpowiedniej iloœci snu i ruchu.;Tak;;Zdecydowanie tak;Zdecydowanie tak;Tak;Zdecydowanie tak;5;5;Æwiczenia praktyczne;Nie zmieni³o, bardziej uporz¹dkowa³o i rozszerzy³o;Nie;Nie;10;Nie
11.3.2025 18:20:46;Akceptujê;nauczycielem;1-5 lat;Niepubliczna Szko³a Podstawowa Perpetum Mobile  w Bydgoszczy;Obie odpowiedzi s¹ poprawne.;s¹ normalne i potrzebne, poniewa¿ realizuj¹ szereg wa¿nych funkcji.;Przyjêcie odpowiedniej postawy cia³a lub wykonanie prostych ruchów.;Wdech i wydech odbywaj¹ siê przez nos.;Codzienna troska o fizycznoœæ, opieraj¹ca siê na trzech g³ównych filarach: w³aœciwej diecie, odpowiedniej iloœci snu i ruchu.;Tak;;Raczej tak;Raczej tak;Tak;Zdecydowanie tak;4;5;Æwiczenia techniki oddechowe;Zakotwiczenie sie tu i teraz;Nie ma w mojej ocenie takich;Nie mam zdania ;9;Nie mam
11.3.2025 18:23:53;Akceptujê;dyrektorem/wicedyrektorem;1-5 lat;Niepubliczna Szko³a Podstawowa Perpetum Mobile  w Bydgoszczy;Obie odpowiedzi s¹ poprawne.;s¹ normalne i potrzebne, poniewa¿ realizuj¹ szereg wa¿nych funkcji.;Przyjêcie odpowiedniej postawy cia³a lub wykonanie prostych ruchów.;Wdech odbywa siê przez nos, a wydech – przez usta.;Codzienna troska o fizycznoœæ, opieraj¹ca siê na trzech g³ównych filarach: w³aœciwej diecie, odpowiedniej iloœci snu i ruchu.;Tak;;Zdecydowanie tak;Zdecydowanie tak;Tak;Zdecydowanie tak;5;5;Dbanie o dobrostan ;Treœci byly mi znane ;Nie bylo takich ;Nie ;9;Nie 
11.3.2025 18:24:50;Akceptujê;nauczyciel wspomagaj¹cym;1-5 lat;Niepubliczna Szko³a Podstawowa Perpetum Mobile  w Bydgoszczy;Obie odpowiedzi s¹ poprawne.;s¹ normalne i potrzebne, poniewa¿ realizuj¹ szereg wa¿nych funkcji.;Przyjêcie odpowiedniej postawy cia³a lub wykonanie prostych ruchów.;Wdech odbywa siê przez nos, a wydech – przez usta.;Codzienna troska o fizycznoœæ, opieraj¹ca siê na trzech g³ównych filarach: w³aœciwej diecie, odpowiedniej iloœci snu i ruchu.;Tak;-;Zdecydowanie tak;Zdecydowanie tak;Tak;Zdecydowanie tak;5;5;Praktyczne æwiczenia, techniki oddechowe jak radziæ sobie w stresowych sytuacjach.;-;-;-;10;-
11.3.2025 18:24:52;Akceptujê;pedagogiem;mniej ni¿ rok;Niepubliczna Szko³a Podstawowa Perpetum Mobile  w Bydgoszczy;Obie odpowiedzi s¹ poprawne.;s¹ normalne i potrzebne, poniewa¿ realizuj¹ szereg wa¿nych funkcji.;Przyjêcie odpowiedniej postawy cia³a lub wykonanie prostych ruchów.;Wdech odbywa siê przez nos, a wydech – przez usta.;Codzienna troska o fizycznoœæ, opieraj¹ca siê na trzech g³ównych filarach: w³aœciwej diecie, odpowiedniej iloœci snu i ruchu.;Tak;;Zdecydowanie tak;Zdecydowanie tak;Tak;Zdecydowanie tak;5;5;Æwiczenia;Tak;Nie;Nie;10;Nie
11.3.2025 18:25:06;Akceptujê;nauczycielem;21 lat i wiêcej;Niepubliczna Szko³a Podstawowa Perpetum Mobile  w Bydgoszczy;Obie odpowiedzi s¹ poprawne.;s¹ normalne i potrzebne, poniewa¿ realizuj¹ szereg wa¿nych funkcji.;Przyjêcie odpowiedniej postawy cia³a lub wykonanie prostych ruchów.;Wdech odbywa siê przez nos, a wydech – przez usta.;Codzienna troska o fizycznoœæ, opieraj¹ca siê na trzech g³ównych filarach: w³aœciwej diecie, odpowiedniej iloœci snu i ruchu.;Tak;;Zdecydowanie tak;Zdecydowanie tak;Tak;Zdecydowanie tak;5;5;Sposoby radzenia sobie ze stresem.;Metody wyciszania organizmu, który jest w du¿ych emocjach.;Wszystkie by³y przydatne.;Nie, spotkanie by³o bardzo ciekawe.;9;Nie mam
11.3.2025 18:26:08;Akceptujê;nauczycielem wspó³organizuj¹cym, rewalidatorem i terapeut¹ rêki;1-5 lat;Niepubliczna Szko³a Podstawowa Perpetum Mobile  w Bydgoszczy;Obie odpowiedzi s¹ poprawne.;s¹ normalne i potrzebne, poniewa¿ realizuj¹ szereg wa¿nych funkcji.;Przyjêcie odpowiedniej postawy cia³a lub wykonanie prostych ruchów.;Wdech i wydech odbywaj¹ siê przez nos.;Codzienna troska o fizycznoœæ, opieraj¹ca siê na trzech g³ównych filarach: w³aœciwej diecie, odpowiedniej iloœci snu i ruchu.;Tak;moim zdaniem nic :);Zdecydowanie tak;Zdecydowanie tak;Tak;Zdecydowanie tak;5;5;Treœci dotycz¹ce uwa¿nego podchodzenia do swoich uczuæ, stanów, zauwa¿ania ich i zaopiekowania siê nimi - bêdê dalej pracowaæ z tym spojrzeniem. Uosabiaæ je i przekazywaæ uczniom i bliskim osob¹.;Utwierdzi³o mnie w swoich przekonaniach, które s¹ to¿same z treœciami poruszanymi na spotkaniu.;nie ma takich;niczego nie zabrak³o;10;Nie mam :)
11.3.2025 18:31:18;Akceptujê;nauczycielem;1-5 lat;Niepubliczna Szko³a Podstawowa Perpetum Mobile  w Bydgoszczy;Obie odpowiedzi s¹ poprawne.;s¹ normalne i potrzebne, poniewa¿ realizuj¹ szereg wa¿nych funkcji.;Przyjêcie odpowiedniej postawy cia³a lub wykonanie prostych ruchów.;Wdech i wydech odbywaj¹ siê przez nos.;Codzienna troska o fizycznoœæ, opieraj¹ca siê na trzech g³ównych filarach: w³aœciwej diecie, odpowiedniej iloœci snu i ruchu.;Tak;Nie;Zdecydowanie tak;Zdecydowanie tak;Tak;Zdecydowanie tak;4;5;Praktyczne sposoby radzenia sobie w sytuacjach stresowych.;Myœlê, ¿e nie. Spotkanie pomog³o odœwie¿yæ moj¹ wiedzê.;Nie ;Nie;10;nie mam
11.3.2025 18:31:20;Akceptujê;nauczycielem wspó³organizuj¹cym proces kszta³cenia/pedagogiem specjalnym;mniej ni¿ rok;Niepubliczna Szko³a Podstawowa Perpetum Mobile  w Bydgoszczy;Uruchamiaj¹ ca³y zespó³ zmian w ciele, w sposobie myœlenia i zachowaniu cz³owieka.;s¹ normalne i potrzebne, poniewa¿ realizuj¹ szereg wa¿nych funkcji.;Przyjêcie odpowiedniej postawy cia³a lub wykonanie prostych ruchów.;Wdech i wydech odbywaj¹ siê przez nos.;Codzienna troska o fizycznoœæ, opieraj¹ca siê na trzech g³ównych filarach: w³aœciwej diecie, odpowiedniej iloœci snu i ruchu.;Tak;;Zdecydowanie tak;Zdecydowanie tak;Tak;Zdecydowanie tak;4;4;Radzenie sobie z emocjami, æwiczenia relaksacyjne (przemycie oczu i koœci policzkowych zimn¹ wod¹, wykonanie æwiczeñ mo¿liwych w danej chwili np. skakania na jednej nodze, chodzenia po schodach przez 2 minuty). Bardzo wa¿na jest te¿ dla mnie odpowiednia pozycja mojego cia³a, która zaopiekowana z pewnoœci¹ u³atwi mi spokojniejszy sen i zapobiegnie napiêciu w ciele.;Tak, pokaza³o mi jak mogê sobie pomóc w odzyskaniu równowagi, a tak¿e uœwiadomi³o mi jak wa¿ne jest dzia³anie tu i teraz aby zadbaæ o mój dobrostan. Wiem, ¿e moi uczniowie reguluj¹ siê ode mnie, dlatego muszê byæ w dobrej formie id¹c do nich.;Wszystko dla mnie by³o wa¿ne.;Nie s¹dzê.;10;Bardzo dziêkujê za œwietnie przeprowadzone szkolenie.
11.3.2025 18:33:14;Akceptujê;nauczycielem;16-20 lat;Niepubliczna Szko³a Podstawowa Perpetum Mobile  w Bydgoszczy;Obie odpowiedzi s¹ poprawne.;s¹ normalne i potrzebne, poniewa¿ realizuj¹ szereg wa¿nych funkcji.;Przyjêcie odpowiedniej postawy cia³a lub wykonanie prostych ruchów.;Wdech odbywa siê przez nos, a wydech – przez usta.;Codzienna troska o fizycznoœæ, opieraj¹ca siê na trzech g³ównych filarach: w³aœciwej diecie, odpowiedniej iloœci snu i ruchu.;Tak;Nie mam uwag;Zdecydowanie tak;Zdecydowanie tak;Tak;Zdecydowanie tak;5;5;Dziêki wiedzy zdobytej na szkoleniu jestem lepiej przygotowana/y na zauwa¿enie swoich emocji i zaopiekowania siê nimi.;Tak, przypomnia³o mi jak wa¿ne s¹ æwiczenia mindfulness, gleboki oddech, odpowiednia postawa ciala dla redukcji stres, leku i koncentracji  ;Nie wiem;Chyba wszystkie treœci by³y istotne i wszystko by³o jasno przekazane  a czy zabrak³o jakiœ istotnych informacji , nie wiem.;10;Nie
11.3.2025 18:37:51;Akceptujê;nauczycielem;1-5 lat;Niepubliczna Szko³a Podstawowa Perpetum Mobile  w Bydgoszczy;Obie odpowiedzi s¹ poprawne.;s¹ normalne i potrzebne, poniewa¿ realizuj¹ szereg wa¿nych funkcji.;Przyjêcie odpowiedniej postawy cia³a lub wykonanie prostych ruchów.;Wdech odbywa siê przez nos, a wydech – przez usta.;Codzienna troska o fizycznoœæ, opieraj¹ca siê na trzech g³ównych filarach: w³aœciwej diecie, odpowiedniej iloœci snu i ruchu.;Nie;Forma by³a bardzo wyk³adowa. Zabrak³o mi æwiczeñ, wiêkszej iloœci interakcji. ;Zdecydowanie tak;Raczej tak;Nie, nie by³o przestrzeni do dyskusji;Raczej nie;1;1;Æwiczenia oddechu po kole, trójk¹cie i kwadracie poniewa¿ wykorzystam je w pracy z uczniami na rewalidacjach.;Nie;Nie nazwa³bym niczego zbêdnym, natomiast w moim odczuciu szkolenie by³o skierowane do pocz¹tkuj¹cych, jako kadra pedagogiczna raczej posiadamy ju¿ wiêkszoœæ wiedzy, która by³a zaoferowana. Du¿o czasu poœwiêciliœmy na omawianie podstaw, a nie zag³êbiliœmy siê w temat.;Tak, ca³e szkolenie by³o zorientowane na wyciszanie, t³umienie emocji. Zupe³nie zabrak³o treœci na temat prze¿ywania emocji w bezpieczny sposób.;5;Nie
11.3.2025 18:42:33;Akceptujê;nauczycielem;1-5 lat;Niepubliczna Szko³a Podstawowa Perpetum Mobile  w Bydgoszczy;Obie odpowiedzi s¹ poprawne.;s¹ normalne i potrzebne, poniewa¿ realizuj¹ szereg wa¿nych funkcji.;Przyjêcie odpowiedniej postawy cia³a lub wykonanie prostych ruchów.;Wdech odbywa siê przez nos, a wydech – przez usta.;Codzienna troska o fizycznoœæ, opieraj¹ca siê na trzech g³ównych filarach: w³aœciwej diecie, odpowiedniej iloœci snu i ruchu.;Tak;;Raczej tak;Raczej tak;Tak;Raczej nie;3;3;Nie wiem ;Nie ;Nie ;Nie ;5;Nie 
11.3.2025 18:52:34;Akceptujê;nauczycielem;1-5 lat;Niepubliczna Szko³a Podstawowa Perpetum Mobile  w Bydgoszczy;Obie odpowiedzi s¹ poprawne.;s¹ normalne i potrzebne, poniewa¿ realizuj¹ szereg wa¿nych funkcji.;Przyjêcie odpowiedniej postawy cia³a lub wykonanie prostych ruchów.;Wdech odbywa siê przez nos, a wydech – przez usta.;Codzienna troska o fizycznoœæ, opieraj¹ca siê na trzech g³ównych filarach: w³aœciwej diecie, odpowiedniej iloœci snu i ruchu.;Tak;;Zdecydowanie tak;Zdecydowanie tak;Tak;Zdecydowanie tak;4;4;Najbardziej przyda mi siê czêœæ o prostych sposobach radzenia sobie z emocjami – szczególnie æwiczenia Body2Brain i sekwencja TIPP/ZIOM. Fajne jest to, ¿e mo¿na je wykorzystaæ od razu w pracy z uczniami, ale te¿ dla siebie, ¿eby siê szybciej wyciszyæ i uspokoiæ.;Tak, zdecydowanie. Zrozumia³am, jak bardzo cia³o wp³ywa na emocje – nawet drobne rzeczy, jak oddech czy zmiana postawy, potrafi¹ poprawiæ nastrój i obni¿yæ stres.;Nie, wszystko by³o dobrze przemyœlane. Ka¿dy element czegoœ uczy³ i fajnie siê ze sob¹ ³¹czy³ – nic bym nie wyrzuca³a.;Zabrak³o mi tematu ekoterapii. ;10;Nie
11.3.2025 18:59:28;Akceptujê;nauczycielem;6-10 lat;Niepubliczna Szko³a Podstawowa Perpetum Mobile  w Bydgoszczy;Obie odpowiedzi s¹ poprawne.;s¹ normalne i potrzebne, poniewa¿ realizuj¹ szereg wa¿nych funkcji.;Przyjêcie odpowiedniej postawy cia³a lub wykonanie prostych ruchów.;Wdech i wydech odbywaj¹ siê przez nos.;Codzienna troska o fizycznoœæ, opieraj¹ca siê na trzech g³ównych filarach: w³aœciwej diecie, odpowiedniej iloœci snu i ruchu.;Tak;;Zdecydowanie tak;Zdecydowanie tak;Tak;Raczej tak;4;3;Praktyczne æwiczenia ;Troszkê ;Nie ma takich;Nic nie zabrak³o ;9;Nie mam 
11.3.2025 19:10:03;Akceptujê;nauczycielem;21 lat i wiêcej;Niepubliczna Szko³a Podstawowa Perpetum Mobile  w Bydgoszczy;Obie odpowiedzi s¹ poprawne.;s¹ normalne i potrzebne, poniewa¿ realizuj¹ szereg wa¿nych funkcji.;Przyjêcie odpowiedniej postawy cia³a lub wykonanie prostych ruchów.;Wdech odbywa siê przez nos, a wydech – przez usta.;Codzienna troska o fizycznoœæ, opieraj¹ca siê na trzech g³ównych filarach: w³aœciwej diecie, odpowiedniej iloœci snu i ruchu.;Tak;;Zdecydowanie tak;Zdecydowanie tak;Tak;Zdecydowanie tak;4;4;Jak sobie radziæ z emocjami i pomagaæ innym w tej kategorii ¿ycia ;Postrzeganie emocji ;Nie mam takich treœci ;Nie zabrak³o ;9;Nie mam
11.3.2025 19:31:22;Akceptujê;nauczycielem;16-20 lat;Niepubliczna Szko³a Podstawowa Perpetum Mobile  w Bydgoszczy;Obie odpowiedzi s¹ poprawne.;s¹ normalne i potrzebne, poniewa¿ realizuj¹ szereg wa¿nych funkcji.;Przyjêcie odpowiedniej postawy cia³a lub wykonanie prostych ruchów.;Wdech odbywa siê przez nos, a wydech – przez usta.;Codzienna troska o fizycznoœæ, opieraj¹ca siê na trzech g³ównych filarach: w³aœciwej diecie, odpowiedniej iloœci snu i ruchu.;Tak;;Zdecydowanie tak;Raczej tak;Tak;Raczej tak;3;4;¯eby dbaæ o swoje emocje codziennie … nie od wielkiego dzwonu… lub jak siê dzieje ju¿ coœ nieprzyjemnego;Najpierw mieæ spokój w sobie… jeœli masz interakcje z kimœ w nerwach ;Nie mam zdania ;Nie mam zdania ;8;Nie mam uwag
11.3.2025 19:43:19;Akceptujê;psycholog / nauczyciel wspomagaj¹cy;6-10 lat;Niepubliczna Szko³a Podstawowa Perpetum Mobile  w Bydgoszczy;Obie odpowiedzi s¹ poprawne.;s¹ normalne i potrzebne, poniewa¿ realizuj¹ szereg wa¿nych funkcji.;Przyjêcie odpowiedniej postawy cia³a lub wykonanie prostych ruchów.;Wdech odbywa siê przez nos, a wydech – przez usta.;Codzienna troska o fizycznoœæ, opieraj¹ca siê na trzech g³ównych filarach: w³aœciwej diecie, odpowiedniej iloœci snu i ruchu.;Tak;;Zdecydowanie tak;Zdecydowanie tak;Tak;Zdecydowanie tak;5;5;techniki radzenia sobie z emocjami;nie;nie;nie;10;nie
11.3.2025 19:50:20;Akceptujê;nauczycielem;1-5 lat;Niepubliczna Szko³a Podstawowa Perpetum Mobile  w Bydgoszczy;Obie odpowiedzi s¹ poprawne.;s¹ normalne i potrzebne, poniewa¿ realizuj¹ szereg wa¿nych funkcji.;Przyjêcie odpowiedniej postawy cia³a lub wykonanie prostych ruchów.;Wdech odbywa siê przez nos, a wydech – przez usta.;Codzienna troska o fizycznoœæ, opieraj¹ca siê na trzech g³ównych filarach: w³aœciwej diecie, odpowiedniej iloœci snu i ruchu.;Tak;;Zdecydowanie tak;Zdecydowanie tak;Tak;Raczej tak;4;4;Techniki oddechowe, poniewa¿ pomog¹ mi w pracy z dzieæmi i w pracy nad samym soba;Wszystkie emocje s¹ potrzebne, zarówno  przyjemne jak i nieprzyjemne ;Nie;Nie ;8;Nie
11.3.2025 21:49:40;Akceptujê;nauczycielem;1-5 lat;Niepubliczna Szko³a Podstawowa Perpetum Mobile  w Bydgoszczy;Obie odpowiedzi s¹ poprawne.;s¹ normalne i potrzebne, poniewa¿ realizuj¹ szereg wa¿nych funkcji.;Przyjêcie odpowiedniej postawy cia³a lub wykonanie prostych ruchów.;Wdech odbywa siê przez nos, a wydech – przez usta.;Codzienna troska o fizycznoœæ, opieraj¹ca siê na trzech g³ównych filarach: w³aœciwej diecie, odpowiedniej iloœci snu i ruchu.;Tak;;Zdecydowanie tak;Zdecydowanie tak;Tak;Zdecydowanie tak;5;5;Zaopiekowanie siê emocjami. To dla mnie wa¿ne. Mam trudn¹ klasê ;Czym s¹ emocje w ogóle. ;Nie;Nie;10;Nie
11.4.2025 8:22:51;Akceptujê;nauczycielem;1-5 lat;Niepubliczna Szko³a Podstawowa Perpetum Mobile  w Bydgoszczy;Obie odpowiedzi s¹ poprawne.;s¹ normalne i potrzebne, poniewa¿ realizuj¹ szereg wa¿nych funkcji.;Przyjêcie odpowiedniej postawy cia³a lub wykonanie prostych ruchów.;Wdech odbywa siê przez nos, a wydech – przez usta.;Codzienna troska o fizycznoœæ, opieraj¹ca siê na trzech g³ównych filarach: w³aœciwej diecie, odpowiedniej iloœci snu i ruchu.;Tak;;Zdecydowanie tak;Zdecydowanie tak;Tak;Zdecydowanie tak;5;5;tak;tak;tak, æwiczenia rozluŸniaj¹ce ;nie;10;nie
11.4.2025 18:22:13;Akceptujê;nauczycielem;16-20 lat;Specjalny Oœrodek Szkolno-Wychowawczy dla M³odzie¿y Niewidomej i S³abowidz¹cej w Chorzowie;Obie odpowiedzi s¹ poprawne.;s¹ normalne i potrzebne, poniewa¿ realizuj¹ szereg wa¿nych funkcji.;Przyjêcie odpowiedniej postawy cia³a lub wykonanie prostych ruchów.;Wdech odbywa siê przez nos, a wydech – przez usta.;Codzienna troska o fizycznoœæ, opieraj¹ca siê na trzech g³ównych filarach: w³aœciwej diecie, odpowiedniej iloœci snu i ruchu.;Tak;;Zdecydowanie tak;Zdecydowanie tak;Tak;Zdecydowanie tak;5;5;Æwiczenia relaksacyjne;Podejœcia do emocji;Nie;Nie;10;Dziêkujê za tematykê szkolenia, bardzo przydatne w naszej pracy
11.4.2025 18:22:25;Akceptujê;nauczycielem;1-5 lat;Specjalny Oœrodek Szkolno-Wychowawczy dla M³odzie¿y Niewidomej i S³abowidz¹cej w Chorzowie;To reakcje, które pojawiaj¹ siê w odpowiedzi na subiektywnie wa¿n¹ dla danej osoby sytuacjê.;s¹ normalne i potrzebne, poniewa¿ realizuj¹ szereg wa¿nych funkcji.;Przyjêcie odpowiedniej postawy cia³a lub wykonanie prostych ruchów.;Wdech odbywa siê przez nos, a wydech – przez usta.;Codzienna troska o fizycznoœæ, opieraj¹ca siê na trzech g³ównych filarach: w³aœciwej diecie, odpowiedniej iloœci snu i ruchu.;Tak;;Raczej tak;Raczej tak;Tak;Raczej tak;4;4;uspokojenie emocji ;nie;nie;nie;9;nie
11.4.2025 18:23:34;Akceptujê;nauczycielem;21 lat i wiêcej;Specjalny Oœrodek Szkolno-Wychowawczy dla M³odzie¿y Niewidomej i S³abowidz¹cej w Chorzowie;Obie odpowiedzi s¹ poprawne.;s¹ normalne i potrzebne, poniewa¿ realizuj¹ szereg wa¿nych funkcji.;Przyjêcie odpowiedniej postawy cia³a lub wykonanie prostych ruchów.;Wdech i wydech odbywaj¹ siê przez nos.;Codzienna troska o fizycznoœæ, opieraj¹ca siê na trzech g³ównych filarach: w³aœciwej diecie, odpowiedniej iloœci snu i ruchu.;Tak;;Zdecydowanie tak;Zdecydowanie tak;Tak;Zdecydowanie tak;4;5;Tabletki od bólu;Kontrolê emocji;Nie ;Nie ;9;Nie 
11.4.2025 18:24:15;Akceptujê;Wychowawca internatu;16-20 lat;Specjalny Oœrodek Szkolno-Wychowawczy dla M³odzie¿y Niewidomej i S³abowidz¹cej w Chorzowie;To reakcje, które pojawiaj¹ siê w odpowiedzi na subiektywnie wa¿n¹ dla danej osoby sytuacjê.;s¹ normalne i potrzebne, poniewa¿ realizuj¹ szereg wa¿nych funkcji.;Przyjêcie odpowiedniej postawy cia³a lub wykonanie prostych ruchów.;Wdech odbywa siê przez nos, a wydech – przez usta.;Codzienna troska o fizycznoœæ, opieraj¹ca siê na trzech g³ównych filarach: w³aœciwej diecie, odpowiedniej iloœci snu i ruchu.;Tak;;Zdecydowanie tak;Zdecydowanie tak;Tak;Zdecydowanie tak;5;5;Przekazane æwiczenia;Muszê zadbaæ o mój dobrostan;Nie;Nie;10;Nie
11.4.2025 18:25:19;Akceptujê;nauczycielem;21 lat i wiêcej;Specjalny Oœrodek Szkolno-Wychowawczy dla M³odzie¿y Niewidomej i S³abowidz¹cej w Chorzowie;Uruchamiaj¹ ca³y zespó³ zmian w ciele, w sposobie myœlenia i zachowaniu cz³owieka.;s¹ normalne i potrzebne, poniewa¿ realizuj¹ szereg wa¿nych funkcji.;Przyjêcie odpowiedniej postawy cia³a lub wykonanie prostych ruchów.;Wdech odbywa siê przez nos, a wydech – przez usta.;Codzienna troska o fizycznoœæ, opieraj¹ca siê na trzech g³ównych filarach: w³aœciwej diecie, odpowiedniej iloœci snu i ruchu.;Tak;;Zdecydowanie tak;Zdecydowanie tak;Tak;Zdecydowanie tak;5;5;W³asny dobrostan fizyczny i psychiczny prze³o¿y sie na jakoœæ pracyvi funkcjonowania w zyciu. ;Dac sobie czas na wyciszenie emocji. ;Nie;Nie;10;Nie
11.4.2025 18:25:40;Akceptujê;nauczycielem;21 lat i wiêcej;Specjalny Oœrodek Szkolno-Wychowawczy dla M³odzie¿y Niewidomej i S³abowidz¹cej w Chorzowie;Obie odpowiedzi s¹ poprawne.;s¹ normalne i potrzebne, poniewa¿ realizuj¹ szereg wa¿nych funkcji.;Przyjêcie odpowiedniej postawy cia³a lub wykonanie prostych ruchów.;Wdech odbywa siê przez nos, a wydech – przez usta.;Codzienna troska o fizycznoœæ, opieraj¹ca siê na trzech g³ównych filarach: w³aœciwej diecie, odpowiedniej iloœci snu i ruchu.;Tak;;Zdecydowanie tak;Zdecydowanie tak;Tak;Zdecydowanie tak;5;5;Praktyczne æwiczenia.;Nie, ale usystematyzowa³o moj¹ wiedzê na temat emocji.;Nie;Nie;10;Nie. 
11.4.2025 18:25:41;Akceptujê;rewalidant;21 lat i wiêcej;Specjalny Oœrodek Szkolno-Wychowawczy dla M³odzie¿y Niewidomej i S³abowidz¹cej w Chorzowie;Obie odpowiedzi s¹ poprawne.;mo¿na podzieliæ na dobre (pozytywne) i z³e (negatywne).;Przyjêcie odpowiedniej postawy cia³a lub wykonanie prostych ruchów.;Wdech odbywa siê przez nos, a wydech – przez usta.;Codzienna troska o fizycznoœæ, opieraj¹ca siê na trzech g³ównych filarach: w³aœciwej diecie, odpowiedniej iloœci snu i ruchu.;Tak;;Zdecydowanie tak;Zdecydowanie tak;Tak;Zdecydowanie tak;5;4;æwiczenia pomagaj¹ce zapobiegaæ eskalacji emocji - postawa, oddech;tak - rola oddechu, æwiczeñ fizycznych;nie;nie;10;nie
11.4.2025 18:25:41;Akceptujê;nauczycielem;21 lat i wiêcej;Specjalny Oœrodek Szkolno-Wychowawczy dla M³odzie¿y Niewidomej i S³abowidz¹cej w Chorzowie;Obie odpowiedzi s¹ poprawne.;s¹ normalne i potrzebne, poniewa¿ realizuj¹ szereg wa¿nych funkcji.;Przyjêcie odpowiedniej postawy cia³a lub wykonanie prostych ruchów.;Wdech odbywa siê przez nos, a wydech – przez usta.;Codzienna troska o fizycznoœæ, opieraj¹ca siê na trzech g³ównych filarach: w³aœciwej diecie, odpowiedniej iloœci snu i ruchu.;Tak;;Zdecydowanie tak;Zdecydowanie tak;Tak;Zdecydowanie tak;5;5;Æwiczenia praktyczne.;Nie.;Nie.;Nie.;10;Nie.
11.4.2025 22:17:21;Akceptujê;nauczycielem;1-5 lat;Niepubliczna Szko³a Podstawowa Perpetum Mobile  w Bydgoszczy;Obie odpowiedzi s¹ poprawne.;s¹ normalne i potrzebne, poniewa¿ realizuj¹ szereg wa¿nych funkcji.;Przyjêcie odpowiedniej postawy cia³a lub wykonanie prostych ruchów.;Wdech i wydech odbywaj¹ siê przez nos.;Codzienna troska o fizycznoœæ, opieraj¹ca siê na trzech g³ównych filarach: w³aœciwej diecie, odpowiedniej iloœci snu i ruchu.;Tak;;Zdecydowanie tak;Zdecydowanie tak;Tak;Raczej tak;5;5;Cwiczenia mindfullness;Nie zmienilo;nie ma takich ;Dluszcze o: Jak poradzic sobie z wypaleniem zawodowym, w jaki sposob sprawic aby sytuavje w pracy nie przenikaly do zycia prywatnego;8;Dodatkowych nie
11.5.2025 16:01:25;Akceptujê;psychologiem;21 lat i wiêcej;Specjalny Oœrodek Szkolno-Wychowawczy dla M³odzie¿y Niewidomej i S³abowidz¹cej w Chorzowie;Uruchamiaj¹ ca³y zespó³ zmian w ciele, w sposobie myœlenia i zachowaniu cz³owieka.;s¹ normalne i potrzebne, poniewa¿ realizuj¹ szereg wa¿nych funkcji.;Przyjêcie odpowiedniej postawy cia³a lub wykonanie prostych ruchów.;Wdech odbywa siê przez nos, a wydech – przez usta.;Codzienna troska o fizycznoœæ, opieraj¹ca siê na trzech g³ównych filarach: w³aœciwej diecie, odpowiedniej iloœci snu i ruchu.;Tak;;Zdecydowanie tak;Zdecydowanie tak;Tak;Zdecydowanie tak;5;5;Metody relaksacyjne;Takb;Tak;Nie;10;Nie
11.5.2025 17:56:07;Akceptujê;nauczycielem;21 lat i wiêcej;Szko³a Podstawowa im ks. Paw³a Chmielewskiego w Klebarku Wielkim;Obie odpowiedzi s¹ poprawne.;s¹ normalne i potrzebne, poniewa¿ realizuj¹ szereg wa¿nych funkcji.;Przyjêcie odpowiedniej postawy cia³a lub wykonanie prostych ruchów.;Wdech odbywa siê przez nos, a wydech – przez usta.;Codzienna troska o fizycznoœæ, opieraj¹ca siê na trzech g³ównych filarach: w³aœciwej diecie, odpowiedniej iloœci snu i ruchu.;Tak;;Zdecydowanie tak;Raczej tak;Tak;Raczej tak;4;4;Wszystkie;Raczej znam to wszystko;nie;nie;8;nie
11.5.2025 17:56:34;Akceptujê;nauczycielem;1-5 lat;Szko³a Podstawowa im ks. Paw³a Chmielewskiego w Klebarku Wielkim;Obie odpowiedzi s¹ poprawne.;s¹ normalne i potrzebne, poniewa¿ realizuj¹ szereg wa¿nych funkcji.;Przyjêcie odpowiedniej postawy cia³a lub wykonanie prostych ruchów.;Wdech i wydech odbywaj¹ siê przez nos.;¯adna z powy¿szych.;Tak;Nie wiem;Raczej tak;Zdecydowanie tak;Tak;Raczej nie;3;3;Akceptowanie wszystkich swoich emocji;Raczej nie;Raczej nie;Nie wiem;6;Nie
11.5.2025 17:56:35;Akceptujê;psychologiem;21 lat i wiêcej;Szko³a Podstawowa im ks. Paw³a Chmielewskiego w Klebarku Wielkim;Obie odpowiedzi s¹ poprawne.;s¹ normalne i potrzebne, poniewa¿ realizuj¹ szereg wa¿nych funkcji.;Przyjêcie odpowiedniej postawy cia³a lub wykonanie prostych ruchów.;Wdech i wydech odbywaj¹ siê przez nos.;Codzienna troska o fizycznoœæ, opieraj¹ca siê na trzech g³ównych filarach: w³aœciwej diecie, odpowiedniej iloœci snu i ruchu.;Tak;wspania³y kurs;Zdecydowanie tak;Zdecydowanie tak;Tak;Zdecydowanie tak;5;5;konkretne æwiczenia;-;-;Zauwa¿enia prawdziwej sytuacji nauczycieli i ich odbiorze w spo³eczeñstwie;10;-
11.5.2025 17:56:54;Akceptujê;nauczycielem;16-20 lat;Szko³a Podstawowa im ks. Paw³a Chmielewskiego w Klebarku Wielkim;Obie odpowiedzi s¹ poprawne.;mo¿na podzieliæ na dobre (pozytywne) i z³e (negatywne).;Przyjêcie odpowiedniej postawy cia³a lub wykonanie prostych ruchów.;Wdech odbywa siê przez nos, a wydech – przez usta.;Codzienna troska o fizycznoœæ, opieraj¹ca siê na trzech g³ównych filarach: w³aœciwej diecie, odpowiedniej iloœci snu i ruchu.;Tak;.;Zdecydowanie tak;Zdecydowanie tak;Tak;Zdecydowanie tak;1;1;.;..;.;.;10;.
11.5.2025 17:57:02;Akceptujê;nauczycielem;6-10 lat;Szko³a Podstawowa im ks. Paw³a Chmielewskiego w Klebarku Wielkim;Obie odpowiedzi s¹ poprawne.;mo¿na podzieliæ na dobre (pozytywne) i z³e (negatywne).;Przyjêcie odpowiedniej postawy cia³a lub wykonanie prostych ruchów.;Wdech odbywa siê przez nos, a wydech – przez usta.;Codzienna troska o fizycznoœæ, opieraj¹ca siê na trzech g³ównych filarach: w³aœciwej diecie, odpowiedniej iloœci snu i ruchu.;Tak;-;Zdecydowanie tak;Zdecydowanie tak;Tak;Zdecydowanie tak;5;5;Cwiczenia praktyczne;-;Nie;Nie;9;Nie
11.5.2025 17:58:04;Akceptujê;nauczycielem;mniej ni¿ rok;Szko³a Podstawowa im ks. Paw³a Chmielewskiego w Klebarku Wielkim;Obie odpowiedzi s¹ poprawne.;s¹ normalne i potrzebne, poniewa¿ realizuj¹ szereg wa¿nych funkcji.;Przyjêcie odpowiedniej postawy cia³a lub wykonanie prostych ruchów.;Wdech odbywa siê przez nos, a wydech – przez usta.;Codzienna troska o fizycznoœæ, opieraj¹ca siê na trzech g³ównych filarach: w³aœciwej diecie, odpowiedniej iloœci snu i ruchu.;Tak;;Zdecydowanie tak;Zdecydowanie tak;Tak;Zdecydowanie tak;5;5;Przekazane æwiczenia, które mogê u¿yæ nie tylko w pracy, ale równie¿ w ¿yciu prywatnym.;Nie;Wszystko by³o w porz¹dku i potrzebne.;Nie;10;brak
11.5.2025 17:58:14;Akceptujê;nauczycielem;21 lat i wiêcej;II Liceum Ogólnokszta³c¹ce im. Mieszka I w Szczecinie;Obie odpowiedzi s¹ poprawne.;s¹ normalne i potrzebne, poniewa¿ realizuj¹ szereg wa¿nych funkcji.;Przyjêcie odpowiedniej postawy cia³a lub wykonanie prostych ruchów.;Wdech i wydech odbywaj¹ siê przez nos.;¯adna z powy¿szych.;Tak;;Zdecydowanie tak;Zdecydowanie tak;Tak;Raczej tak;5;3;Æwiczenia;nie;nie;nie;9;nie
11.5.2025 17:58:39;Akceptujê;nauczycielem;11-15 lat;II Liceum Ogólnokszta³c¹ce im. Mieszka I w Szczecinie;Obie odpowiedzi s¹ poprawne.;s¹ normalne i potrzebne, poniewa¿ realizuj¹ szereg wa¿nych funkcji.;Przyjêcie odpowiedniej postawy cia³a lub wykonanie prostych ruchów.;Wdech odbywa siê przez nos, a wydech – przez usta.;Codzienna troska o fizycznoœæ, opieraj¹ca siê na trzech g³ównych filarach: w³aœciwej diecie, odpowiedniej iloœci snu i ruchu.;Tak;;Zdecydowanie tak;Zdecydowanie tak;Tak;Zdecydowanie tak;5;5;Emocje;Du¿o wiedzia³am, ale uporz¹dkowa³o ;Nie;Nie;9;Nie
11.5.2025 17:59:38;Akceptujê;nauczycielem;1-5 lat;Szko³a Podstawowa im ks. Paw³a Chmielewskiego w Klebarku Wielkim;Obie odpowiedzi s¹ poprawne.;s¹ normalne i potrzebne, poniewa¿ realizuj¹ szereg wa¿nych funkcji.;Przyjêcie odpowiedniej postawy cia³a lub wykonanie prostych ruchów.;Wdech odbywa siê przez nos, a wydech – przez usta.;Codzienna troska o fizycznoœæ, opieraj¹ca siê na trzech g³ównych filarach: w³aœciwej diecie, odpowiedniej iloœci snu i ruchu.;Tak;;Zdecydowanie tak;Zdecydowanie tak;Tak;Zdecydowanie tak;5;5;informacje o pozycji dominacji;nie zmieni³o;nie;nie zabrak³o;9;brak
11.5.2025 18:00:16;Akceptujê;pedagogiem;21 lat i wiêcej;Szko³a Podstawowa im ks. Paw³a Chmielewskiego w Klebarku Wielkim;To reakcje, które pojawiaj¹ siê w odpowiedzi na subiektywnie wa¿n¹ dla danej osoby sytuacjê.;s¹ normalne i potrzebne, poniewa¿ realizuj¹ szereg wa¿nych funkcji.;Przyjêcie odpowiedniej postawy cia³a lub wykonanie prostych ruchów.;Wdech i wydech odbywaj¹ siê przez nos.;Codzienna troska o fizycznoœæ, opieraj¹ca siê na trzech g³ównych filarach: w³aœciwej diecie, odpowiedniej iloœci snu i ruchu.;Tak;brak;Zdecydowanie tak;Zdecydowanie tak;Tak;Zdecydowanie tak;5;5;wszystkie;brak;brak;nie;10;brak
11.5.2025 18:00:52;Akceptujê;nauczycielem;21 lat i wiêcej;Szko³a Podstawowa im ks. Paw³a Chmielewskiego w Klebarku Wielkim;Obie odpowiedzi s¹ poprawne.;mo¿na podzieliæ na dobre (pozytywne) i z³e (negatywne).;Przyjêcie odpowiedniej postawy cia³a lub wykonanie prostych ruchów.;Wdech odbywa siê przez nos, a wydech – przez usta.;Codzienna troska o fizycznoœæ, opieraj¹ca siê na trzech g³ównych filarach: w³aœciwej diecie, odpowiedniej iloœci snu i ruchu.;Tak;by³o Ok;Zdecydowanie tak;Zdecydowanie tak;Tak;Raczej tak;4;4;Æwiczenia które mogê wykonaæ w chwilach trudnych emocjonalnie.;Utwierdzi³o mnie w mojej wiedzy;wszystkie treœci by³y przydatne;nie;9;nie
11.5.2025 18:01:00;Akceptujê;nauczycielem;21 lat i wiêcej;II Liceum Ogólnokszta³c¹ce im. Mieszka I w Szczecinie;Obie odpowiedzi s¹ poprawne.;s¹ normalne i potrzebne, poniewa¿ realizuj¹ szereg wa¿nych funkcji.;Przyjêcie odpowiedniej postawy cia³a lub wykonanie prostych ruchów.;Wdech odbywa siê przez nos, a wydech – przez usta.;Codzienna troska o fizycznoœæ, opieraj¹ca siê na trzech g³ównych filarach: w³aœciwej diecie, odpowiedniej iloœci snu i ruchu.;Tak;;Raczej tak;Zdecydowanie tak;Tak;Raczej tak;4;5;praktyczne æwiczenia;nie;nie, nie zmienia³abym nic;chyba nie;10;nie
11.5.2025 18:01:04;Akceptujê;nauczycielem;21 lat i wiêcej;II Liceum Ogólnokszta³c¹ce im. Mieszka I w Szczecinie;Obie odpowiedzi s¹ poprawne.;s¹ normalne i potrzebne, poniewa¿ realizuj¹ szereg wa¿nych funkcji.;Przyjêcie odpowiedniej postawy cia³a lub wykonanie prostych ruchów.;Wdech odbywa siê przez nos, a wydech – przez usta.;Codzienna troska o fizycznoœæ, opieraj¹ca siê na trzech g³ównych filarach: w³aœciwej diecie, odpowiedniej iloœci snu i ruchu.;Tak;;Zdecydowanie tak;Zdecydowanie tak;Tak;Raczej tak;4;3;æwiczenia;œrednio;nie jestem;nie;8;nie mam
11.5.2025 18:01:15;Akceptujê;nauczycielem;21 lat i wiêcej;II Liceum Ogólnokszta³c¹ce im. Mieszka I w Szczecinie;Obie odpowiedzi s¹ poprawne.;s¹ normalne i potrzebne, poniewa¿ realizuj¹ szereg wa¿nych funkcji.;Przyjêcie odpowiedniej postawy cia³a lub wykonanie prostych ruchów.;Wdech odbywa siê przez nos, a wydech – przez usta.;Optymistyczne nastawienie do codziennoœci i koncentrowanie siê na pozytywnych aspektach w³asnego ¿ycia.;Tak;;Raczej tak;Raczej tak;Tak;Raczej tak;4;4;uwa¿noœæ na siebie;to jest wa¿ny temat, ale niewiele zmienia w praktyce;wszystkie by³y potrzebne :);nie;9;dziêkujê :)
11.5.2025 18:01:58;Akceptujê;nauczycielem;11-15 lat;Szko³a Podstawowa im ks. Paw³a Chmielewskiego w Klebarku Wielkim;Obie odpowiedzi s¹ poprawne.;s¹ normalne i potrzebne, poniewa¿ realizuj¹ szereg wa¿nych funkcji.;Przyjêcie odpowiedniej postawy cia³a lub wykonanie prostych ruchów.;Wdech odbywa siê przez nos, a wydech – przez usta.;Optymistyczne nastawienie do codziennoœci i koncentrowanie siê na pozytywnych aspektach w³asnego ¿ycia.;Tak;Nic;Zdecydowanie tak;Zdecydowanie tak;Tak;Zdecydowanie tak;4;4;Techniki oddechowe ;Postawy wobec stresu ;Nie;Nie;10;Brak
11.5.2025 18:02:12;Akceptujê;nauczycielem;21 lat i wiêcej;II Liceum Ogólnokszta³c¹ce im. Mieszka I w Szczecinie;Obie odpowiedzi s¹ poprawne.;s¹ normalne i potrzebne, poniewa¿ realizuj¹ szereg wa¿nych funkcji.;Przyjêcie odpowiedniej postawy cia³a lub wykonanie prostych ruchów.;Wdech i wydech odbywaj¹ siê przez nos.;Codzienna troska o fizycznoœæ, opieraj¹ca siê na trzech g³ównych filarach: w³aœciwej diecie, odpowiedniej iloœci snu i ruchu.;Tak;;Zdecydowanie tak;Zdecydowanie tak;Tak;Zdecydowanie tak;5;5;tak;tak;nie by³o zbêdnychne;nie;10;nie
11.5.2025 18:02:20;Akceptujê;nauczycielem;16-20 lat;Szko³a Podstawowa im ks. Paw³a Chmielewskiego w Klebarku Wielkim;Obie odpowiedzi s¹ poprawne.;s¹ normalne i potrzebne, poniewa¿ realizuj¹ szereg wa¿nych funkcji.;Przyjêcie odpowiedniej postawy cia³a lub wykonanie prostych ruchów.;Wdech odbywa siê przez nos, a wydech – przez usta.;Codzienna troska o fizycznoœæ, opieraj¹ca siê na trzech g³ównych filarach: w³aœciwej diecie, odpowiedniej iloœci snu i ruchu.;Tak;;Zdecydowanie tak;Zdecydowanie tak;Tak;Zdecydowanie tak;2;4;Æwiczenia dotycz¹ce oddechu;Uœwiadomi³o mi, ¿e warto korzystaæ z technik podanych na szkoleniu;Nie;Nie;10;Nie
11.5.2025 18:02:57;Akceptujê;nauczycielem;21 lat i wiêcej;II Liceum Ogólnokszta³c¹ce im. Mieszka I w Szczecinie;Obie odpowiedzi s¹ poprawne.;s¹ normalne i potrzebne, poniewa¿ realizuj¹ szereg wa¿nych funkcji.;Przyjêcie odpowiedniej postawy cia³a lub wykonanie prostych ruchów.;Wdech i wydech odbywaj¹ siê przez nos.;Codzienna troska o fizycznoœæ, opieraj¹ca siê na trzech g³ównych filarach: w³aœciwej diecie, odpowiedniej iloœci snu i ruchu.;Tak;;Zdecydowanie tak;Zdecydowanie tak;Tak;Zdecydowanie tak;4;4;Æwiczenia oddechowe.;Ciekawe informacje o emocjach, gdzie je odczuwamy.;Wszystko by³o potrzebne.;Szkolenie by³o akurat.;10;Bardzo dziêkujê za inspiracje.
11.5.2025 18:03:21;Akceptujê;nauczycielem;21 lat i wiêcej;II Liceum Ogólnokszta³c¹ce im. Mieszka I w Szczecinie;Obie odpowiedzi s¹ poprawne.;mo¿na podzieliæ na dobre (pozytywne) i z³e (negatywne).;Przyjêcie odpowiedniej postawy cia³a lub wykonanie prostych ruchów.;Wdech odbywa siê przez nos, a wydech – przez usta.;¯adna z powy¿szych.;Tak;;Raczej tak;Raczej tak;Tak;Raczej tak;4;4;uwa¿noœæ na siebie;nie;brak;brak;6;brak
11.5.2025 18:05:58;Akceptujê;dyrektorem/wicedyrektorem;21 lat i wiêcej;Szko³a Podstawowa im ks. Paw³a Chmielewskiego w Klebarku Wielkim;Obie odpowiedzi s¹ poprawne.;s¹ normalne i potrzebne, poniewa¿ realizuj¹ szereg wa¿nych funkcji.;Przyjêcie odpowiedniej postawy cia³a lub wykonanie prostych ruchów.;Wdech odbywa siê przez nos, a wydech – przez usta.;Codzienna troska o fizycznoœæ, opieraj¹ca siê na trzech g³ównych filarach: w³aœciwej diecie, odpowiedniej iloœci snu i ruchu.;Tak;;Zdecydowanie tak;Zdecydowanie tak;Tak;Zdecydowanie tak;5;5;Praktyczne wskazówki ;Czêœciowo ;Nie by³o ;Nie;10;Nie
11.5.2025 18:06:43;Akceptujê;nauczycielem;21 lat i wiêcej;II Liceum Ogólnokszta³c¹ce im. Mieszka I w Szczecinie;Obie odpowiedzi s¹ poprawne.;s¹ normalne i potrzebne, poniewa¿ realizuj¹ szereg wa¿nych funkcji.;Przyjêcie odpowiedniej postawy cia³a lub wykonanie prostych ruchów.;Wdech odbywa siê przez nos, a wydech – przez usta.;Codzienna troska o fizycznoœæ, opieraj¹ca siê na trzech g³ównych filarach: w³aœciwej diecie, odpowiedniej iloœci snu i ruchu.;Tak;;Zdecydowanie tak;Raczej tak;Tak;Zdecydowanie tak;4;3;szybkie æwiczenia na odreagowanie;nie;nie;jak budowaæ w sobie asertywnoœæ zw³aszcza wobec roszczeniowego ucznia, rodzica, jak m¹drze wyznaczaæ sobie granice wspó³odczuwania wobec wszechobecnej fali niemocy i niechêci do robienia czegokolwiek;8;nie
11.5.2025 18:11:12;Akceptujê;nauczycielem;6-10 lat;Szko³a Podstawowa im ks. Paw³a Chmielewskiego w Klebarku Wielkim;Obie odpowiedzi s¹ poprawne.;s¹ normalne i potrzebne, poniewa¿ realizuj¹ szereg wa¿nych funkcji.;Przyjêcie odpowiedniej postawy cia³a lub wykonanie prostych ruchów.;Wdech odbywa siê przez nos, a wydech – przez usta.;Codzienna troska o fizycznoœæ, opieraj¹ca siê na trzech g³ównych filarach: w³aœciwej diecie, odpowiedniej iloœci snu i ruchu.;Tak;;Raczej tak;Raczej tak;Tak;Raczej tak;3;3;Oddychanie;Nie;Nie;Nie;6;Nie
11.5.2025 18:30:46;Akceptujê;nauczycielem;11-15 lat;II Liceum Ogólnokszta³c¹ce im. Mieszka I w Szczecinie;Obie odpowiedzi s¹ poprawne.;s¹ normalne i potrzebne, poniewa¿ realizuj¹ szereg wa¿nych funkcji.;Przyjêcie odpowiedniej postawy cia³a lub wykonanie prostych ruchów.;Wdech odbywa siê przez nos, a wydech – przez usta.;Codzienna troska o fizycznoœæ, opieraj¹ca siê na trzech g³ównych filarach: w³aœciwej diecie, odpowiedniej iloœci snu i ruchu.;Tak;;Zdecydowanie tak;Zdecydowanie tak;Tak;Zdecydowanie tak;5;5;Rodzaje æwiczeñ;Wykorzystanie ich na lekcji;nie;nie;10;nie
11.5.2025 19:21:38;Akceptujê;nauczycielem;11-15 lat;Specjalny Oœrodek Szkolno-Wychowawczy dla M³odzie¿y Niewidomej i S³abowidz¹cej w Chorzowie;Obie odpowiedzi s¹ poprawne.;s¹ normalne i potrzebne, poniewa¿ realizuj¹ szereg wa¿nych funkcji.;Przyjêcie odpowiedniej postawy cia³a lub wykonanie prostych ruchów.;Wdech odbywa siê przez nos, a wydech – przez usta.;Codzienna troska o fizycznoœæ, opieraj¹ca siê na trzech g³ównych filarach: w³aœciwej diecie, odpowiedniej iloœci snu i ruchu.;Tak;;Zdecydowanie tak;Zdecydowanie tak;Tak;Zdecydowanie tak;5;5;Metody szybkiego ³agodzenia napiêcia ;Nie;Nie;Nie;10;Nie
11.6.2025 18:30:12;Akceptujê;nauczycielem;11-15 lat;Szko³a Podstawowa w Z³otorii;Obie odpowiedzi s¹ poprawne.;s¹ normalne i potrzebne, poniewa¿ realizuj¹ szereg wa¿nych funkcji.;Przyjêcie odpowiedniej postawy cia³a lub wykonanie prostych ruchów.;Wdech odbywa siê przez nos, a wydech – przez usta.;Codzienna troska o fizycznoœæ, opieraj¹ca siê na trzech g³ównych filarach: w³aœciwej diecie, odpowiedniej iloœci snu i ruchu.;Tak;;Zdecydowanie tak;Zdecydowanie tak;Tak;Zdecydowanie tak;5;5;Jak siê uspokoiæ gdy¿ jestem nerwowa i mocno siê wszystkim przejmujê a to sprawia, ¿e mam ma³o energii.;Nie zmieni³o.;Nie jestem.;nie zabrak³o;10;nie mam
11.6.2025 18:30:18;Akceptujê;dyrektorem/wicedyrektorem;21 lat i wiêcej;Szko³a Podstawowa w Z³otorii;Uruchamiaj¹ ca³y zespó³ zmian w ciele, w sposobie myœlenia i zachowaniu cz³owieka.;s¹ normalne i potrzebne, poniewa¿ realizuj¹ szereg wa¿nych funkcji.;Przyjêcie odpowiedniej postawy cia³a lub wykonanie prostych ruchów.;Wdech odbywa siê przez nos, a wydech – przez usta.;Codzienna troska o fizycznoœæ, opieraj¹ca siê na trzech g³ównych filarach: w³aœciwej diecie, odpowiedniej iloœci snu i ruchu.;Tak;;Raczej tak;Zdecydowanie tak;Tak;Raczej tak;5;5;Praktyczne æwiczenia oddechowe i reklaksacyjne;Raczej nie;nie;nie;8;nie
11.6.2025 18:30:18;Akceptujê;sekretarzem;1-5 lat;Szko³a Podstawowa w Z³otorii;Obie odpowiedzi s¹ poprawne.;mo¿na podzieliæ na dobre (pozytywne) i z³e (negatywne).;Przyjêcie odpowiedniej postawy cia³a lub wykonanie prostych ruchów.;Wdech odbywa siê przez nos, a wydech – przez usta.;Codzienna troska o fizycznoœæ, opieraj¹ca siê na trzech g³ównych filarach: w³aœciwej diecie, odpowiedniej iloœci snu i ruchu.;Tak;;Zdecydowanie tak;Zdecydowanie tak;Tak;Zdecydowanie tak;5;5;Treœci zwi¹zane z codziennym funkcjonowaniem- to pomocne.;Tak- emocji;Nie;Nie;9;Nie
11.6.2025 18:30:22;Akceptujê;nauczycielem;16-20 lat;Szko³a Podstawowa w Z³otorii;Obie odpowiedzi s¹ poprawne.;s¹ normalne i potrzebne, poniewa¿ realizuj¹ szereg wa¿nych funkcji.;Przyjêcie odpowiedniej postawy cia³a lub wykonanie prostych ruchów.;Wdech odbywa siê przez nos, a wydech – przez usta.;Optymistyczne nastawienie do codziennoœci i koncentrowanie siê na pozytywnych aspektach w³asnego ¿ycia.;Tak;;Raczej tak;Raczej tak;Tak;Raczej tak;4;5;Pomyœleæ o sobie i odpoczynku;Jestem wa¿na;Nie wiem;nie wiem;9;Nie
11.6.2025 18:30:43;Akceptujê;pedagogiem;21 lat i wiêcej;Szko³a Podstawowa w Z³otorii;Obie odpowiedzi s¹ poprawne.;s¹ normalne i potrzebne, poniewa¿ realizuj¹ szereg wa¿nych funkcji.;Przyjêcie odpowiedniej postawy cia³a lub wykonanie prostych ruchów.;Wdech odbywa siê przez nos, a wydech – przez usta.;Optymistyczne nastawienie do codziennoœci i koncentrowanie siê na pozytywnych aspektach w³asnego ¿ycia.;Tak;nic;Zdecydowanie tak;Zdecydowanie tak;Tak;Zdecydowanie tak;5;5;omówienie znaczenia kolejnych etapów æwiczeñ;utrwali³o wiadomoœci;nie by³o takich;nie;10;brak
11.6.2025 18:30:59;Akceptujê;nauczycielem;6-10 lat;Szko³a Podstawowa w Z³otorii;Obie odpowiedzi s¹ poprawne.;s¹ normalne i potrzebne, poniewa¿ realizuj¹ szereg wa¿nych funkcji.;Przyjêcie odpowiedniej postawy cia³a lub wykonanie prostych ruchów.;Wdech odbywa siê przez nos, a wydech – przez usta.;Codzienna troska o fizycznoœæ, opieraj¹ca siê na trzech g³ównych filarach: w³aœciwej diecie, odpowiedniej iloœci snu i ruchu.;Tak;;Raczej tak;Raczej tak;Tak;Raczej tak;3;3;Æwiczenia praktyczne;Nie zmieni³o;Czêœæ teoretyczna mog³aby byæ krótsza;Nie;8;Nie
11.6.2025 18:31:12;Akceptujê;psychologiem;1-5 lat;Szko³a Podstawowa w Z³otorii;Obie odpowiedzi s¹ poprawne.;s¹ normalne i potrzebne, poniewa¿ realizuj¹ szereg wa¿nych funkcji.;Przyjêcie odpowiedniej postawy cia³a lub wykonanie prostych ruchów.;Wdech odbywa siê przez nos, a wydech – przez usta.;Codzienna troska o fizycznoœæ, opieraj¹ca siê na trzech g³ównych filarach: w³aœciwej diecie, odpowiedniej iloœci snu i ruchu.;Tak;nic;Raczej tak;Zdecydowanie tak;Tak;Zdecydowanie tak;4;4;wszystkie;raczej tak;nie;nie;7;nie
11.6.2025 18:31:40;Akceptujê;nauczycielem;1-5 lat;Szko³a Podstawowa w Z³otorii;Obie odpowiedzi s¹ poprawne.;s¹ normalne i potrzebne, poniewa¿ realizuj¹ szereg wa¿nych funkcji.;Przyjêcie odpowiedniej postawy cia³a lub wykonanie prostych ruchów.;Wdech odbywa siê przez nos, a wydech – przez usta.;Codzienna troska o fizycznoœæ, opieraj¹ca siê na trzech g³ównych filarach: w³aœciwej diecie, odpowiedniej iloœci snu i ruchu.;Tak;;Zdecydowanie tak;Zdecydowanie tak;Tak;Zdecydowanie tak;5;5;Jak radziæ sobie ze stresem ;Postrzegania innych ;Nie ;Nie ;10;Nie
11.6.2025 18:31:56;Akceptujê;nauczycielem;11-15 lat;Szko³a Podstawowa w Z³otorii;Uruchamiaj¹ ca³y zespó³ zmian w ciele, w sposobie myœlenia i zachowaniu cz³owieka.;s¹ normalne i potrzebne, poniewa¿ realizuj¹ szereg wa¿nych funkcji.;Przyjêcie odpowiedniej postawy cia³a lub wykonanie prostych ruchów.;Wdech odbywa siê przez nos, a wydech – przez usta.;Codzienna troska o fizycznoœæ, opieraj¹ca siê na trzech g³ównych filarach: w³aœciwej diecie, odpowiedniej iloœci snu i ruchu.;Tak;;Zdecydowanie tak;Zdecydowanie tak;Tak;Zdecydowanie tak;5;5;æwiczenia;nie;nie;nie;10;nie
11.6.2025 18:32:00;Akceptujê;nauczycielem;21 lat i wiêcej;Szko³a Podstawowa w Z³otorii;Obie odpowiedzi s¹ poprawne.;s¹ normalne i potrzebne, poniewa¿ realizuj¹ szereg wa¿nych funkcji.;Przyjêcie odpowiedniej postawy cia³a lub wykonanie prostych ruchów.;Wdech odbywa siê przez nos, a wydech – przez usta.;Codzienna troska o fizycznoœæ, opieraj¹ca siê na trzech g³ównych filarach: w³aœciwej diecie, odpowiedniej iloœci snu i ruchu.;Tak;;Zdecydowanie tak;Zdecydowanie tak;Tak;Zdecydowanie tak;5;5;Æwiczenia relaksacyjne - praktyka;jak postrzegaæ w³asne potrzeby;nie;nie;10; nie mam
11.6.2025 18:32:18;Akceptujê;nauczycielem;11-15 lat;Szko³a Podstawowa w Z³otorii;Obie odpowiedzi s¹ poprawne.;s¹ normalne i potrzebne, poniewa¿ realizuj¹ szereg wa¿nych funkcji.;Przyjêcie odpowiedniej postawy cia³a lub wykonanie prostych ruchów.;Wdech odbywa siê przez nos, a wydech – przez usta.;Codzienna troska o fizycznoœæ, opieraj¹ca siê na trzech g³ównych filarach: w³aœciwej diecie, odpowiedniej iloœci snu i ruchu.;Tak;;Zdecydowanie tak;Zdecydowanie tak;Tak;Zdecydowanie tak;5;5;Jak siê uspokoiæ æwiczeniami odechowymi;Nie;Nie;Nie;10;Nie
11.6.2025 18:32:28;Akceptujê;nauczycielem;1-5 lat;Szko³a Podstawowa w Z³otorii;Uruchamiaj¹ ca³y zespó³ zmian w ciele, w sposobie myœlenia i zachowaniu cz³owieka.;s¹ normalne i potrzebne, poniewa¿ realizuj¹ szereg wa¿nych funkcji.;Przyjêcie odpowiedniej postawy cia³a lub wykonanie prostych ruchów.;Wdech odbywa siê przez nos, a wydech – przez usta.;Codzienna troska o fizycznoœæ, opieraj¹ca siê na trzech g³ównych filarach: w³aœciwej diecie, odpowiedniej iloœci snu i ruchu.;Tak;;Zdecydowanie tak;Zdecydowanie tak;Tak;Zdecydowanie tak;4;5;Zale¿noœci pomiêdzy emocjami i nastawieniem do problemu.;Jak wa¿ny jest komfort emocjonalny w sytuacjach poznawczych.;Wszystko by³o istotne i ciekawe.;Wydaje mi siê, ¿e treœci by³y kompletne.;10;Nie, jestem zadowolona ze szkolenia.
11.6.2025 18:32:30;Akceptujê;nauczycielem;21 lat i wiêcej;Szko³a Podstawowa w Z³otorii;Uruchamiaj¹ ca³y zespó³ zmian w ciele, w sposobie myœlenia i zachowaniu cz³owieka.;mo¿na podzieliæ na dobre (pozytywne) i z³e (negatywne).;Przyjêcie odpowiedniej postawy cia³a lub wykonanie prostych ruchów.;Wdech odbywa siê przez nos, a wydech – przez usta.;Codzienna troska o fizycznoœæ, opieraj¹ca siê na trzech g³ównych filarach: w³aœciwej diecie, odpowiedniej iloœci snu i ruchu.;Tak;;Zdecydowanie tak;Zdecydowanie tak;Tak;Zdecydowanie tak;5;5;Till;tak;nie;nie;10;nie
11.6.2025 18:33:43;Akceptujê;nauczycielem;6-10 lat;Szko³a Podstawowa w Z³otorii;Obie odpowiedzi s¹ poprawne.;s¹ normalne i potrzebne, poniewa¿ realizuj¹ szereg wa¿nych funkcji.;Przyjêcie odpowiedniej postawy cia³a lub wykonanie prostych ruchów.;Wdech odbywa siê przez nos, a wydech – przez usta.;Codzienna troska o fizycznoœæ, opieraj¹ca siê na trzech g³ównych filarach: w³aœciwej diecie, odpowiedniej iloœci snu i ruchu.;Tak;;Zdecydowanie tak;Zdecydowanie tak;Tak;Zdecydowanie tak;5;5;Æwiczenia oddechowe, aplikacja nie panikuj - dla osoby z depresj¹;upewni³o mnie , ¿e odpowiednia postawa cia³a mo¿e znacz¹co uspokoiæ emocje.;nie;nie;10;nie
11.6.2025 18:34:21;Akceptujê;nauczycielem;16-20 lat;Szko³a Podstawowa w Z³otorii;Obie odpowiedzi s¹ poprawne.;s¹ normalne i potrzebne, poniewa¿ realizuj¹ szereg wa¿nych funkcji.;Przyjêcie odpowiedniej postawy cia³a lub wykonanie prostych ruchów.;Wdech odbywa siê przez nos, a wydech – przez usta.;Codzienna troska o fizycznoœæ, opieraj¹ca siê na trzech g³ównych filarach: w³aœciwej diecie, odpowiedniej iloœci snu i ruchu.;Tak;-;Zdecydowanie tak;Zdecydowanie tak;Tak;Zdecydowanie tak;5;5;Jeszcze nie wiem;Nie;Nie;Nie;10;Szkolenie jest zbyt d³ugie
11.6.2025 18:36:39;Akceptujê;nauczycielem;16-20 lat;Szko³a Podstawowa w Z³otorii;Obie odpowiedzi s¹ poprawne.;s¹ normalne i potrzebne, poniewa¿ realizuj¹ szereg wa¿nych funkcji.;Przyjêcie odpowiedniej postawy cia³a lub wykonanie prostych ruchów.;Wdech odbywa siê przez nos, a wydech – przez usta.;Codzienna troska o fizycznoœæ, opieraj¹ca siê na trzech g³ównych filarach: w³aœciwej diecie, odpowiedniej iloœci snu i ruchu.;Tak;;Zdecydowanie tak;Zdecydowanie tak;Tak;Zdecydowanie tak;5;5;To jak wa¿ny jest ruch i dobry sen. ;"Wyjaœni³o wiele niejasnoœci dotycz¹cych emocji
";Nie ma takich ;Nic nie zabrak³o ;10;Nie
11.6.2025 18:37:02;Akceptujê;nauczycielem;21 lat i wiêcej;Szko³a Podstawowa w Z³otorii;Obie odpowiedzi s¹ poprawne.;s¹ normalne i potrzebne, poniewa¿ realizuj¹ szereg wa¿nych funkcji.;Przyjêcie odpowiedniej postawy cia³a lub wykonanie prostych ruchów.;Wdech odbywa siê przez nos, a wydech – przez usta.;Optymistyczne nastawienie do codziennoœci i koncentrowanie siê na pozytywnych aspektach w³asnego ¿ycia.;Tak;;Zdecydowanie tak;Zdecydowanie tak;Tak;Zdecydowanie tak;5;5;-;-;-;-;9;nie
11.6.2025 18:40:08;Akceptujê;nauczycielem;21 lat i wiêcej;Szko³a Podstawowa w Z³otorii;Obie odpowiedzi s¹ poprawne.;mo¿na podzieliæ na dobre (pozytywne) i z³e (negatywne).;Przyjêcie odpowiedniej postawy cia³a lub wykonanie prostych ruchów.;Wdech odbywa siê przez nos, a wydech – przez usta.;Codzienna troska o fizycznoœæ, opieraj¹ca siê na trzech g³ównych filarach: w³aœciwej diecie, odpowiedniej iloœci snu i ruchu.;Tak;;Zdecydowanie tak;Zdecydowanie tak;Tak;Zdecydowanie tak;5;5;Cwiczenia oddechowe. Pomagaja w sytuacjach stresowych.;Tak. Panowanie nad swoimi emocjami. Codziennie jestesmy narazeni na takie sytuacje.;Nie ;Przyklady konkretnych sytuacji. Jak skorzystac wtedy z tych roznych metod opanowania emocji.;9;Podanie wiekszej ilosci przykladow.
11.12.2025 18:28:02;Akceptujê;nauczycielem;21 lat i wiêcej;Zespó³ Szkó³ nr 4 w Suwa³kach;Obie odpowiedzi s¹ poprawne.;s¹ normalne i potrzebne, poniewa¿ realizuj¹ szereg wa¿nych funkcji.;Przyjêcie odpowiedniej postawy cia³a lub wykonanie prostych ruchów.;Wdech odbywa siê przez nos, a wydech – przez usta.;Optymistyczne nastawienie do codziennoœci i koncentrowanie siê na pozytywnych aspektach w³asnego ¿ycia.;Tak;;Zdecydowanie tak;Zdecydowanie tak;Tak;Zdecydowanie tak;5;5;emocje;tak;nie;nie;10;nie
11.12.2025 18:28:05;Akceptujê;nauczycielem;1-5 lat;Zespó³ Szkó³ nr 4 w Suwa³kach;Obie odpowiedzi s¹ poprawne.;s¹ normalne i potrzebne, poniewa¿ realizuj¹ szereg wa¿nych funkcji.;Przyjêcie odpowiedniej postawy cia³a lub wykonanie prostych ruchów.;Wdech odbywa siê przez nos, a wydech – przez usta.;Codzienna troska o fizycznoœæ, opieraj¹ca siê na trzech g³ównych filarach: w³aœciwej diecie, odpowiedniej iloœci snu i ruchu.;Tak;;Zdecydowanie tak;Zdecydowanie tak;Tak;Zdecydowanie tak;5;4;Jak cia³o reaguje na nasze emocje.;Jak wa¿ne s¹ emocje i jak sobie z nimi radziæ.;Brak;Nie;9;Brak
11.12.2025 18:28:16;Akceptujê;nauczycielem;21 lat i wiêcej;Zespó³ Szkó³ nr 4 w Suwa³kach;Uruchamiaj¹ ca³y zespó³ zmian w ciele, w sposobie myœlenia i zachowaniu cz³owieka.;s¹ normalne i potrzebne, poniewa¿ realizuj¹ szereg wa¿nych funkcji.;Przyjêcie odpowiedniej postawy cia³a lub wykonanie prostych ruchów.;Wdech odbywa siê przez nos, a wydech – przez usta.;Codzienna troska o fizycznoœæ, opieraj¹ca siê na trzech g³ównych filarach: w³aœciwej diecie, odpowiedniej iloœci snu i ruchu.;Tak;;Zdecydowanie tak;Zdecydowanie tak;Tak;Zdecydowanie tak;5;4;Dotycz¹ce regulowania emocji.;Emocji - s¹ ró¿norodne i potrzebne.;Nie;Nie;10;Nie
11.12.2025 18:28:26;Akceptujê;nauczycielem;21 lat i wiêcej;Zespó³ Szkó³ nr 4 w Suwa³kach;Obie odpowiedzi s¹ poprawne.;mo¿na podzieliæ na dobre (pozytywne) i z³e (negatywne).;Przyjêcie odpowiedniej postawy cia³a lub wykonanie prostych ruchów.;Wdech odbywa siê przez nos, a wydech – przez usta.;Codzienna troska o fizycznoœæ, opieraj¹ca siê na trzech g³ównych filarach: w³aœciwej diecie, odpowiedniej iloœci snu i ruchu.;Tak;nic;Zdecydowanie tak;Zdecydowanie tak;Tak;Zdecydowanie tak;5;5;.;.;.;.;10;.
11.12.2025 18:29:14;Akceptujê;nauczycielem;21 lat i wiêcej;Zespó³ Szkó³ nr 4 w Suwa³kach;Obie odpowiedzi s¹ poprawne.;s¹ normalne i potrzebne, poniewa¿ realizuj¹ szereg wa¿nych funkcji.;Przyjêcie odpowiedniej postawy cia³a lub wykonanie prostych ruchów.;Wdech odbywa siê przez nos, a wydech – przez usta.;Codzienna troska o fizycznoœæ, opieraj¹ca siê na trzech g³ównych filarach: w³aœciwej diecie, odpowiedniej iloœci snu i ruchu.;Tak;;Raczej tak;Raczej tak;Tak;Raczej tak;4;2;raczej ¿adne;nie;za du¿o treœci dotycz¹cych samopomocy za malo treœci dotyczacych pomocy z zewn¹trz dla nauczyciela;nie;6;nie
11.12.2025 18:29:42;Akceptujê;dyrektorem/wicedyrektorem;11-15 lat;Zespó³ Szkó³ nr 4 w Suwa³kach;To reakcje, które pojawiaj¹ siê w odpowiedzi na subiektywnie wa¿n¹ dla danej osoby sytuacjê.;s¹ normalne i potrzebne, poniewa¿ realizuj¹ szereg wa¿nych funkcji.;Przyjêcie odpowiedniej postawy cia³a lub wykonanie prostych ruchów.;Wdech odbywa siê przez nos, a wydech – przez usta.;Codzienna troska o fizycznoœæ, opieraj¹ca siê na trzech g³ównych filarach: w³aœciwej diecie, odpowiedniej iloœci snu i ruchu.;Tak;;Zdecydowanie tak;Zdecydowanie tak;Tak;Raczej tak;4;4;Æwiczenia oddechowe, informacja o aplikacji;Raczej nie zmieni³o ;Nie;Nie;10;Nie mam. 
11.12.2025 18:30:08;Akceptujê;psychologiem;1-5 lat;Zespó³ Szkó³ nr 4 w Suwa³kach;To reakcje, które pojawiaj¹ siê w odpowiedzi na subiektywnie wa¿n¹ dla danej osoby sytuacjê.;s¹ normalne i potrzebne, poniewa¿ realizuj¹ szereg wa¿nych funkcji.;Przyjêcie odpowiedniej postawy cia³a lub wykonanie prostych ruchów.;Wdech odbywa siê przez nos, a wydech – przez usta.;Codzienna troska o fizycznoœæ, opieraj¹ca siê na trzech g³ównych filarach: w³aœciwej diecie, odpowiedniej iloœci snu i ruchu.;Tak;;Zdecydowanie tak;Zdecydowanie tak;Tak;Zdecydowanie tak;5;5;Techniki oddechowe ;Tak, postrzeganie fizycznosci;Nie;Nie;10;Nie
11.12.2025 18:30:09;Akceptujê;nauczycielem;21 lat i wiêcej;Zespó³ Szkó³ nr 4 w Suwa³kach;To reakcje, które pojawiaj¹ siê w odpowiedzi na subiektywnie wa¿n¹ dla danej osoby sytuacjê.;mo¿na podzieliæ na dobre (pozytywne) i z³e (negatywne).;Przyjêcie odpowiedniej postawy cia³a lub wykonanie prostych ruchów.;Wdech odbywa siê przez nos, a wydech – przez usta.;Codzienna troska o fizycznoœæ, opieraj¹ca siê na trzech g³ównych filarach: w³aœciwej diecie, odpowiedniej iloœci snu i ruchu.;Tak;;Raczej tak;Raczej nie;Tak;Raczej tak;4;4;.;.;.;.;8;zbyt wczesna godzina
11.12.2025 18:31:08;Akceptujê;nauczycielem;21 lat i wiêcej;Zespó³ Szkó³ nr 4 w Suwa³kach;Obie odpowiedzi s¹ poprawne.;s¹ normalne i potrzebne, poniewa¿ realizuj¹ szereg wa¿nych funkcji.;Przyjêcie odpowiedniej postawy cia³a lub wykonanie prostych ruchów.;Wdech odbywa siê przez nos, a wydech – przez usta.;Codzienna troska o fizycznoœæ, opieraj¹ca siê na trzech g³ównych filarach: w³aœciwej diecie, odpowiedniej iloœci snu i ruchu.;Tak;wszystko ok;Zdecydowanie tak;Zdecydowanie tak;Tak;Zdecydowanie tak;5;5;praktyczne porady jak opanowaæ emocje;tak;nie;nie zauwa¿y³am braku treœci;10;szkolenie przebiega³o w bardzo przyjemnej atmosferze
11.12.2025 18:31:19;Akceptujê;nauczycielem;21 lat i wiêcej;Zespó³ Szkó³ nr 4 w Suwa³kach;Obie odpowiedzi s¹ poprawne.;s¹ normalne i potrzebne, poniewa¿ realizuj¹ szereg wa¿nych funkcji.;Przyjêcie odpowiedniej postawy cia³a lub wykonanie prostych ruchów.;Wdech odbywa siê przez nos, a wydech – przez usta.;Codzienna troska o fizycznoœæ, opieraj¹ca siê na trzech g³ównych filarach: w³aœciwej diecie, odpowiedniej iloœci snu i ruchu.;Tak;;Zdecydowanie tak;Zdecydowanie tak;Tak;Zdecydowanie tak;5;5;Sposoby na zredukowanie stresu.;Reakcja na drug¹ osob¹ (ucznia).;Wszystko by³o ok.;By³o wszystko ok.;10;Brak uwag.
11.12.2025 18:33:23;Akceptujê;nauczycielem;21 lat i wiêcej;Zespó³ Szkó³ nr 4 w Suwa³kach;To reakcje, które pojawiaj¹ siê w odpowiedzi na subiektywnie wa¿n¹ dla danej osoby sytuacjê.;s¹ normalne i potrzebne, poniewa¿ realizuj¹ szereg wa¿nych funkcji.;Przyjêcie odpowiedniej postawy cia³a lub wykonanie prostych ruchów.;Wdech odbywa siê przez usta, a wydech – przez nos.;Optymistyczne nastawienie do codziennoœci i koncentrowanie siê na pozytywnych aspektach w³asnego ¿ycia.;Tak;;Zdecydowanie tak;Zdecydowanie tak;Tak;Zdecydowanie tak;5;4;æwiczenia, które pozwalaj¹ radziæ sobie z emocjami;raczej nie, wiem, ¿e wa¿ne jest dbania o swój dobrostan;nie by³o takich treœci;nie;10;nie mam uwag
11.12.2025 18:45:41;Akceptujê;nauczycielem;21 lat i wiêcej;Zespó³ Szkó³ nr 4 w Suwa³kach;Obie odpowiedzi s¹ poprawne.;s¹ abstrakcyjnym, metafizycznym doœwiadczeniem.;Nie wiem;Wdech odbywa siê przez nos, a wydech – przez usta.;Optymistyczne nastawienie do codziennoœci i koncentrowanie siê na pozytywnych aspektach w³asnego ¿ycia.;Tak;;Zdecydowanie tak;Zdecydowanie tak;Tak;Zdecydowanie tak;5;5;nie wiem;na razie nie wiem;trzeba to przemyœleæ;nie;9;nie
11.17.2025 17:53:37;Akceptujê;nauczycielem;6-10 lat;VIII Liceum Ogólnokszta³c¹ce im. Stanis³awa Wyspiañskiego w Rzeszowie;Obie odpowiedzi s¹ poprawne.;s¹ normalne i potrzebne, poniewa¿ realizuj¹ szereg wa¿nych funkcji.;Przyjêcie odpowiedniej postawy cia³a lub wykonanie prostych ruchów.;Wdech odbywa siê przez nos, a wydech – przez usta.;Codzienna troska o fizycznoœæ, opieraj¹ca siê na trzech g³ównych filarach: w³aœciwej diecie, odpowiedniej iloœci snu i ruchu.;Tak;;Zdecydowanie tak;Raczej tak;Tak;Raczej tak;4;3;.;.;.;.;9;.
11.17.2025 17:55:09;Akceptujê;nauczycielem;21 lat i wiêcej;VIII Liceum Ogólnokszta³c¹ce im. Stanis³awa Wyspiañskiego w Rzeszowie;To reakcje, które pojawiaj¹ siê w odpowiedzi na subiektywnie wa¿n¹ dla danej osoby sytuacjê.;s¹ normalne i potrzebne, poniewa¿ realizuj¹ szereg wa¿nych funkcji.;Przyjêcie odpowiedniej postawy cia³a lub wykonanie prostych ruchów.;Wdech odbywa siê przez nos, a wydech – przez usta.;Optymistyczne nastawienie do codziennoœci i koncentrowanie siê na pozytywnych aspektach w³asnego ¿ycia.;Tak;;Zdecydowanie tak;Zdecydowanie tak;Tak;Zdecydowanie tak;5;5;Wszystkie techniki relaksacyjne, istotne informacje o których nie wiedzia³am. ;Tak;Wszystkie informacje by³y bardzo przydatne i interesuj¹ce.;Nie brak³o ;10;Nie
11.17.2025 17:55:28;Akceptujê;nauczycielem;16-20 lat;VIII Liceum Ogólnokszta³c¹ce im. Stanis³awa Wyspiañskiego w Rzeszowie;Obie odpowiedzi s¹ poprawne.;s¹ normalne i potrzebne, poniewa¿ realizuj¹ szereg wa¿nych funkcji.;Przyjêcie odpowiedniej postawy cia³a lub wykonanie prostych ruchów.;Wdech odbywa siê przez nos, a wydech – przez usta.;Codzienna troska o fizycznoœæ, opieraj¹ca siê na trzech g³ównych filarach: w³aœciwej diecie, odpowiedniej iloœci snu i ruchu.;Tak;;Zdecydowanie tak;Zdecydowanie tak;Tak;Zdecydowanie tak;5;5;Jak zlikwidowaæ stres;Jak wa¿na jest postawa cia³a ruch;Nie ma takich;Nic nie zabrak³o ;10;Nie mam
11.17.2025 17:55:34;Akceptujê;nauczycielem;21 lat i wiêcej;VIII Liceum Ogólnokszta³c¹ce im. Stanis³awa Wyspiañskiego w Rzeszowie;Obie odpowiedzi s¹ poprawne.;s¹ normalne i potrzebne, poniewa¿ realizuj¹ szereg wa¿nych funkcji.;Przyjêcie odpowiedniej postawy cia³a lub wykonanie prostych ruchów.;Wdech odbywa siê przez usta, a wydech – przez nos.;Codzienna troska o fizycznoœæ, opieraj¹ca siê na trzech g³ównych filarach: w³aœciwej diecie, odpowiedniej iloœci snu i ruchu.;Tak;;Zdecydowanie tak;Zdecydowanie tak;Tak;Zdecydowanie tak;5;5;Techniki oddychania ;Regulacja emocji ;Nie by³o takich treœci;Nie zabrak³o ;10;Nie mam uwag
11.17.2025 18:10:24;Akceptujê;nauczycielem;11-15 lat;VIII Liceum Ogólnokszta³c¹ce im. Stanis³awa Wyspiañskiego w Rzeszowie;Uruchamiaj¹ ca³y zespó³ zmian w ciele, w sposobie myœlenia i zachowaniu cz³owieka.;s¹ normalne i potrzebne, poniewa¿ realizuj¹ szereg wa¿nych funkcji.;Przyjêcie odpowiedniej postawy cia³a lub wykonanie prostych ruchów.;Wdech odbywa siê przez nos, a wydech – przez usta.;Codzienna troska o fizycznoœæ, opieraj¹ca siê na trzech g³ównych filarach: w³aœciwej diecie, odpowiedniej iloœci snu i ruchu.;Tak;;Raczej tak;Raczej tak;Tak;Raczej tak;5;5;Æwiczenia relaksacyjne ;Ciê¿ko stwierdziæ ;-;-;8;Nie 
11.17.2025 18:11:31;Akceptujê;nauczycielem;11-15 lat;VIII Liceum Ogólnokszta³c¹ce im. Stanis³awa Wyspiañskiego w Rzeszowie;Obie odpowiedzi s¹ poprawne.;s¹ normalne i potrzebne, poniewa¿ realizuj¹ szereg wa¿nych funkcji.;Przyjêcie odpowiedniej postawy cia³a lub wykonanie prostych ruchów.;Wdech odbywa siê przez nos, a wydech – przez usta.;Codzienna troska o fizycznoœæ, opieraj¹ca siê na trzech g³ównych filarach: w³aœciwej diecie, odpowiedniej iloœci snu i ruchu.;Tak;;Raczej tak;Raczej tak;Tak;Raczej tak;2;2;Techniki;Trudno powiedzieæ ;Trudno powiedzieæ ;Trudno powiedzieæ ;6;Nie
11.17.2025 18:12:14;Akceptujê;nauczycielem;21 lat i wiêcej;VIII Liceum Ogólnokszta³c¹ce im. Stanis³awa Wyspiañskiego w Rzeszowie;To reakcje, które pojawiaj¹ siê w odpowiedzi na subiektywnie wa¿n¹ dla danej osoby sytuacjê.;s¹ normalne i potrzebne, poniewa¿ realizuj¹ szereg wa¿nych funkcji.;Przyjêcie odpowiedniej postawy cia³a lub wykonanie prostych ruchów.;Wdech odbywa siê przez nos, a wydech – przez usta.;Codzienna troska o fizycznoœæ, opieraj¹ca siê na trzech g³ównych filarach: w³aœciwej diecie, odpowiedniej iloœci snu i ruchu.;Tak;;Zdecydowanie tak;Zdecydowanie tak;Tak;Zdecydowanie tak;5;5;Oddech, cwixzenia samoregulacji;Postawa;Nie;Nie;9;Nie
11.17.2025 18:12:35;Akceptujê;nauczycielem;11-15 lat;VIII Liceum Ogólnokszta³c¹ce im. Stanis³awa Wyspiañskiego w Rzeszowie;Obie odpowiedzi s¹ poprawne.;s¹ normalne i potrzebne, poniewa¿ realizuj¹ szereg wa¿nych funkcji.;Przyjêcie odpowiedniej postawy cia³a lub wykonanie prostych ruchów.;Wdech odbywa siê przez nos, a wydech – przez usta.;Codzienna troska o fizycznoœæ, opieraj¹ca siê na trzech g³ównych filarach: w³aœciwej diecie, odpowiedniej iloœci snu i ruchu.;Tak;;Zdecydowanie tak;Zdecydowanie tak;Tak;Zdecydowanie tak;5;5;æwiczenia rozluŸniaj¹ce;Tak;Nie;Nie;10;Nie
11.17.2025 18:13:57;Akceptujê;nauczycielem;21 lat i wiêcej;VIII Liceum Ogólnokszta³c¹ce im. Stanis³awa Wyspiañskiego w Rzeszowie;Obie odpowiedzi s¹ poprawne.;s¹ normalne i potrzebne, poniewa¿ realizuj¹ szereg wa¿nych funkcji.;Przyjêcie odpowiedniej postawy cia³a lub wykonanie prostych ruchów.;Wdech odbywa siê przez nos, a wydech – przez usta.;Codzienna troska o fizycznoœæ, opieraj¹ca siê na trzech g³ównych filarach: w³aœciwej diecie, odpowiedniej iloœci snu i ruchu.;Tak;;Zdecydowanie tak;Zdecydowanie tak;Tak;Zdecydowanie tak;4;4;æwiczenia praktyczne;raczej efektywnie przypomnia³o o prawdach ju¿ znanych;krótszy wstêp teoretyczny;trudno powiedzieæ;9;brak
11.17.2025 18:14:12;Akceptujê;pedagogiem;21 lat i wiêcej;VIII Liceum Ogólnokszta³c¹ce im. Stanis³awa Wyspiañskiego w Rzeszowie;Obie odpowiedzi s¹ poprawne.;s¹ normalne i potrzebne, poniewa¿ realizuj¹ szereg wa¿nych funkcji.;Przyjêcie odpowiedniej postawy cia³a lub wykonanie prostych ruchów.;Wdech odbywa siê przez nos, a wydech – przez usta.;Codzienna troska o fizycznoœæ, opieraj¹ca siê na trzech g³ównych filarach: w³aœciwej diecie, odpowiedniej iloœci snu i ruchu.;Tak;Nic;Zdecydowanie tak;Zdecydowanie tak;Tak;Zdecydowanie tak;5;5;Przydatne ;Tak po;Praktyczne æwiczenia ;Nie;10;Nie
11.17.2025 18:14:13;Akceptujê;nauczycielem;1-5 lat;VIII Liceum Ogólnokszta³c¹ce im. Stanis³awa Wyspiañskiego w Rzeszowie;Obie odpowiedzi s¹ poprawne.;s¹ normalne i potrzebne, poniewa¿ realizuj¹ szereg wa¿nych funkcji.;Przyjêcie odpowiedniej postawy cia³a lub wykonanie prostych ruchów.;Wdech odbywa siê przez nos, a wydech – przez usta.;Codzienna troska o fizycznoœæ, opieraj¹ca siê na trzech g³ównych filarach: w³aœciwej diecie, odpowiedniej iloœci snu i ruchu.;Tak;;Zdecydowanie tak;Zdecydowanie tak;Tak;Raczej tak;4;3;Przyk³ady æwiczeñ do wykorzystania w codziennej pracy.;Wp³yw stanu cia³a na kontrolowanie emocji.;Nie;Nie;10;Nie
11.17.2025 18:14:55;Akceptujê;nauczycielem;21 lat i wiêcej;VIII Liceum Ogólnokszta³c¹ce im. Stanis³awa Wyspiañskiego w Rzeszowie;Uruchamiaj¹ ca³y zespó³ zmian w ciele, w sposobie myœlenia i zachowaniu cz³owieka.;s¹ normalne i potrzebne, poniewa¿ realizuj¹ szereg wa¿nych funkcji.;Przyjêcie odpowiedniej postawy cia³a lub wykonanie prostych ruchów.;Wdech odbywa siê przez nos, a wydech – przez usta.;Optymistyczne nastawienie do codziennoœci i koncentrowanie siê na pozytywnych aspektach w³asnego ¿ycia.;Tak;;Zdecydowanie tak;Zdecydowanie tak;Tak;Zdecydowanie tak;5;5;Techni wyciszaj¹ce ;Raczej tak;Nie ma;Nie;10;Nie
11.17.2025 18:16:04;Akceptujê;nauczycielem;1-5 lat;VIII Liceum Ogólnokszta³c¹ce im. Stanis³awa Wyspiañskiego w Rzeszowie;Obie odpowiedzi s¹ poprawne.;s¹ normalne i potrzebne, poniewa¿ realizuj¹ szereg wa¿nych funkcji.;Przyjêcie odpowiedniej postawy cia³a lub wykonanie prostych ruchów.;Nie wiem;Codzienna troska o fizycznoœæ, opieraj¹ca siê na trzech g³ównych filarach: w³aœciwej diecie, odpowiedniej iloœci snu i ruchu.;Tak;;Zdecydowanie tak;Zdecydowanie tak;Tak;Raczej tak;3;2;Æwiczenia oddechowe i rozluŸniajace;Nie;Spotkanie porusza³o wa¿ne ale bardzo podstawowe treœci o emocjach. By³o te¿ bardzo du¿o metafor, które wyda³y mi siê nu¿¹ce;Dok³adniejszego wyt³umaczenia fizycznych/chemicznych stron emocji/ reakcji organizmu na stresory.;8;Prowadz¹cy mia³ bardzo przyjemny i spokojny g³os, w klarowny sposób przekazywa³ informacje. By³o te¿ bardzo du¿o æwiczeñ, co zdecydowanie jest autem.
11.17.2025 18:16:11;Akceptujê;Pedagog specjalny;21 lat i wiêcej;VIII Liceum Ogólnokszta³c¹ce im. Stanis³awa Wyspiañskiego w Rzeszowie;To reakcje, które pojawiaj¹ siê w odpowiedzi na subiektywnie wa¿n¹ dla danej osoby sytuacjê.;s¹ normalne i potrzebne, poniewa¿ realizuj¹ szereg wa¿nych funkcji.;Przyjêcie odpowiedniej postawy cia³a lub wykonanie prostych ruchów.;Wdech odbywa siê przez nos, a wydech – przez usta.;Codzienna troska o fizycznoœæ, opieraj¹ca siê na trzech g³ównych filarach: w³aœciwej diecie, odpowiedniej iloœci snu i ruchu.;Tak;;Zdecydowanie tak;Zdecydowanie tak;Tak;Zdecydowanie tak;5;5;ca³oœæ bardzo merytoryczna i do wykorzystania w praktyce;Upewni³am siê ¿e zaopiekowanie sie sob¹ to priorytet;Nie;Nie;10;Nie
11.17.2025 18:16:37;Akceptujê;nauczycielem;21 lat i wiêcej;VIII Liceum Ogólnokszta³c¹ce im. Stanis³awa Wyspiañskiego w Rzeszowie;Uruchamiaj¹ ca³y zespó³ zmian w ciele, w sposobie myœlenia i zachowaniu cz³owieka.;mo¿na podzieliæ na dobre (pozytywne) i z³e (negatywne).;Przyjêcie odpowiedniej postawy cia³a lub wykonanie prostych ruchów.;Wdech odbywa siê przez nos, a wydech – przez usta.;Codzienna troska o fizycznoœæ, opieraj¹ca siê na trzech g³ównych filarach: w³aœciwej diecie, odpowiedniej iloœci snu i ruchu.;Tak;;Zdecydowanie tak;Raczej tak;Tak;Raczej tak;5;4;techniki relaksacyjne, radzenie sobie ze styresem;-;nie;nie;9;nie
11.17.2025 18:16:40;Akceptujê;nauczycielem;21 lat i wiêcej;VIII Liceum Ogólnokszta³c¹ce im. Stanis³awa Wyspiañskiego w Rzeszowie;To reakcje, które pojawiaj¹ siê w odpowiedzi na subiektywnie wa¿n¹ dla danej osoby sytuacjê.;s¹ normalne i potrzebne, poniewa¿ realizuj¹ szereg wa¿nych funkcji.;Przyjêcie odpowiedniej postawy cia³a lub wykonanie prostych ruchów.;Wdech odbywa siê przez usta, a wydech – przez nos.;Codzienna troska o fizycznoœæ, opieraj¹ca siê na trzech g³ównych filarach: w³aœciwej diecie, odpowiedniej iloœci snu i ruchu.;Tak;nie;Zdecydowanie tak;Zdecydowanie tak;Tak;Zdecydowanie tak;5;5;Sposoby reagowania na sytuacje trudne.;Emocji oddzia³ywuj¹cych na moje cia³o.;nie;nie;10;Super.
11.17.2025 18:17:00;Akceptujê;nauczycielem;21 lat i wiêcej;VIII Liceum Ogólnokszta³c¹ce im. Stanis³awa Wyspiañskiego w Rzeszowie;Uruchamiaj¹ ca³y zespó³ zmian w ciele, w sposobie myœlenia i zachowaniu cz³owieka.;s¹ normalne i potrzebne, poniewa¿ realizuj¹ szereg wa¿nych funkcji.;Przyjêcie odpowiedniej postawy cia³a lub wykonanie prostych ruchów.;Wdech odbywa siê przez nos, a wydech – przez usta.;Optymistyczne nastawienie do codziennoœci i koncentrowanie siê na pozytywnych aspektach w³asnego ¿ycia.;Tak;;Raczej tak;Raczej tak;Tak;Raczej tak;5;5;Emocje;Sposoby radzenia sobie z emocjami ;Raczej nie;Raczej nie;9;Raczej nie 
11.17.2025 18:18:25;Akceptujê;nauczycielem;1-5 lat;VIII Liceum Ogólnokszta³c¹ce im. Stanis³awa Wyspiañskiego w Rzeszowie;Obie odpowiedzi s¹ poprawne.;s¹ normalne i potrzebne, poniewa¿ realizuj¹ szereg wa¿nych funkcji.;Przyjêcie odpowiedniej postawy cia³a lub wykonanie prostych ruchów.;Wdech odbywa siê przez nos, a wydech – przez usta.;Codzienna troska o fizycznoœæ, opieraj¹ca siê na trzech g³ównych filarach: w³aœciwej diecie, odpowiedniej iloœci snu i ruchu.;Tak;wszystko ok;Zdecydowanie tak;Zdecydowanie tak;Tak;Zdecydowanie tak;5;5;techniki relaksacyjne. w koñcu coœ praktycznego! pierwsze szkolenie, które wnosi realn¹ zmianê;tak. to ze mo¿na przenieœ ze sob¹ ca³y swiat. Wystarczy zamkn¹c oczy;teoria;nie;10;super Pan jest! 
11.17.2025 18:18:30;Akceptujê;nauczycielem;21 lat i wiêcej;VIII Liceum Ogólnokszta³c¹ce im. Stanis³awa Wyspiañskiego w Rzeszowie;Obie odpowiedzi s¹ poprawne.;s¹ normalne i potrzebne, poniewa¿ realizuj¹ szereg wa¿nych funkcji.;Przyjêcie odpowiedniej postawy cia³a lub wykonanie prostych ruchów.;Wdech odbywa siê przez nos, a wydech – przez usta.;Codzienna troska o fizycznoœæ, opieraj¹ca siê na trzech g³ównych filarach: w³aœciwej diecie, odpowiedniej iloœci snu i ruchu.;Tak;wszystko w porz¹dku;Zdecydowanie tak;Zdecydowanie tak;Tak;Zdecydowanie tak;5;5;Techniki relaksacyjne ;Bardziej pouzupe³nia³o treœci ni¿ zmieni³o;nie;raczej nie ;9;nie
11.17.2025 18:18:35;Akceptujê;nauczycielem;11-15 lat;VIII Liceum Ogólnokszta³c¹ce im. Stanis³awa Wyspiañskiego w Rzeszowie;Obie odpowiedzi s¹ poprawne.;s¹ normalne i potrzebne, poniewa¿ realizuj¹ szereg wa¿nych funkcji.;Przyjêcie odpowiedniej postawy cia³a lub wykonanie prostych ruchów.;Wdech odbywa siê przez usta, a wydech – przez nos.;Codzienna troska o fizycznoœæ, opieraj¹ca siê na trzech g³ównych filarach: w³aœciwej diecie, odpowiedniej iloœci snu i ruchu.;Tak;;Zdecydowanie tak;Zdecydowanie tak;Tak;Zdecydowanie tak;4;4;Techniki relaksacyjne;Brak;Brak;Brak;10;Brak
11.17.2025 18:18:43;Akceptujê;nauczycielem;16-20 lat;VIII Liceum Ogólnokszta³c¹ce im. Stanis³awa Wyspiañskiego w Rzeszowie;Obie odpowiedzi s¹ poprawne.;s¹ normalne i potrzebne, poniewa¿ realizuj¹ szereg wa¿nych funkcji.;Przyjêcie odpowiedniej postawy cia³a lub wykonanie prostych ruchów.;Wdech odbywa siê przez nos, a wydech – przez usta.;Codzienna troska o fizycznoœæ, opieraj¹ca siê na trzech g³ównych filarach: w³aœciwej diecie, odpowiedniej iloœci snu i ruchu.;Tak;;Zdecydowanie tak;Zdecydowanie tak;Tak;Zdecydowanie tak;5;5;Zarówno teoria, jak i praktyka;Tak. Najlepiej na codzieñ stosowaæ techniki radzenia sobie z emocjami,  a nie tylko w trudnym momencie;Nie;Nie;10;Skorzysta³am.maksymalnie ze szkolenia
11.17.2025 18:20:57;Akceptujê;nauczycielem;16-20 lat;VIII Liceum Ogólnokszta³c¹ce im. Stanis³awa Wyspiañskiego w Rzeszowie;Uruchamiaj¹ ca³y zespó³ zmian w ciele, w sposobie myœlenia i zachowaniu cz³owieka.;mo¿na podzieliæ na dobre (pozytywne) i z³e (negatywne).;Przyjêcie odpowiedniej postawy cia³a lub wykonanie prostych ruchów.;Wdech odbywa siê przez nos, a wydech – przez usta.;Optymistyczne nastawienie do codziennoœci i koncentrowanie siê na pozytywnych aspektach w³asnego ¿ycia.;Tak;;Zdecydowanie tak;Zdecydowanie tak;Tak;Zdecydowanie tak;5;5;Æwiczenia ;Tak ;Nie;Nie;10;Nie
11.17.2025 18:22:05;Akceptujê;nauczycielem;21 lat i wiêcej;VIII Liceum Ogólnokszta³c¹ce im. Stanis³awa Wyspiañskiego w Rzeszowie;Obie odpowiedzi s¹ poprawne.;s¹ normalne i potrzebne, poniewa¿ realizuj¹ szereg wa¿nych funkcji.;Przyjêcie odpowiedniej postawy cia³a lub wykonanie prostych ruchów.;Wdech odbywa siê przez nos, a wydech – przez usta.;Codzienna troska o fizycznoœæ, opieraj¹ca siê na trzech g³ównych filarach: w³aœciwej diecie, odpowiedniej iloœci snu i ruchu.;Tak;tak, ale nie podoba mi siê platforma Zoom;Zdecydowanie tak;Raczej tak;Tak;Raczej tak;4;4;oddychanie;oddychanie;treœci we wstêpie;nie;8;nie
11.17.2025 18:24:13;Akceptujê;nauczycielem;21 lat i wiêcej;VIII Liceum Ogólnokszta³c¹ce im. Stanis³awa Wyspiañskiego w Rzeszowie;Obie odpowiedzi s¹ poprawne.;s¹ normalne i potrzebne, poniewa¿ realizuj¹ szereg wa¿nych funkcji.;Przyjêcie odpowiedniej postawy cia³a lub wykonanie prostych ruchów.;Wdech odbywa siê przez nos, a wydech – przez usta.;Codzienna troska o fizycznoœæ, opieraj¹ca siê na trzech g³ównych filarach: w³aœciwej diecie, odpowiedniej iloœci snu i ruchu.;Tak;;Zdecydowanie tak;Zdecydowanie tak;Tak;Raczej tak;5;4;Techniki radzenia sobie w sytuacjach ekstremalnych ;Chyba sobie uœwiadomi³am, ¿e z emocjami trzeba sobie radziæ inaczej ni¿ agresj¹ ;Nie ;Chyba nie ;9;Bardzo profesjonalny przekaz, pan z du¿¹ wiedz¹ i konkretnym przekazem
11.17.2025 18:25:56;Akceptujê;psychologiem;1-5 lat;VIII Liceum Ogólnokszta³c¹ce im. Stanis³awa Wyspiañskiego w Rzeszowie;Obie odpowiedzi s¹ poprawne.;s¹ normalne i potrzebne, poniewa¿ realizuj¹ szereg wa¿nych funkcji.;Przyjêcie odpowiedniej postawy cia³a lub wykonanie prostych ruchów.;Wdech odbywa siê przez nos, a wydech – przez usta.;Codzienna troska o fizycznoœæ, opieraj¹ca siê na trzech g³ównych filarach: w³aœciwej diecie, odpowiedniej iloœci snu i ruchu.;Tak;;Zdecydowanie tak;Zdecydowanie tak;Tak;Zdecydowanie tak;5;5;Æwiczenia z postaw¹ cia³a i ruchami na stoj¹co - mo¿na wykonaæ w szkole;przez cia³o do umys³u - nowe podejœcie w psychologii;nie;wszystko ok.PS: Super by by³o, gdyby w ofercie ¯WJR by³ e-book z zaprezentowanymi æwiczeniami, bo one te¿ pomagaj¹ osobom w kryzysie, samouszkadzaj¹cym siê. Super by³by e-book z dobrze rozpisanymi instrukcjami æwiczeñ (szczególnie tych z terapii DBT);9;nie
11.17.2025 18:30:46;Akceptujê;nauczycielem;16-20 lat;VIII Liceum Ogólnokszta³c¹ce im. Stanis³awa Wyspiañskiego w Rzeszowie;Obie odpowiedzi s¹ poprawne.;mo¿na podzieliæ na dobre (pozytywne) i z³e (negatywne).;Przyjêcie odpowiedniej postawy cia³a lub wykonanie prostych ruchów.;Wdech odbywa siê przez nos, a wydech – przez usta.;Codzienna troska o fizycznoœæ, opieraj¹ca siê na trzech g³ównych filarach: w³aœciwej diecie, odpowiedniej iloœci snu i ruchu.;Tak;;Zdecydowanie tak;Zdecydowanie tak;Tak;Zdecydowanie tak;5;5;Æwiczenia ;Emocji ;Sposoby radzenia sobie w sytuacjach stresowych ;Nie;10;Nie
11.17.2025 19:20:23;Akceptujê;nauczycielem;21 lat i wiêcej;VIII Liceum Ogólnokszta³c¹ce im. Stanis³awa Wyspiañskiego w Rzeszowie;Obie odpowiedzi s¹ poprawne.;s¹ normalne i potrzebne, poniewa¿ realizuj¹ szereg wa¿nych funkcji.;Przyjêcie odpowiedniej postawy cia³a lub wykonanie prostych ruchów.;Wdech odbywa siê przez nos, a wydech – przez usta.;Codzienna troska o fizycznoœæ, opieraj¹ca siê na trzech g³ównych filarach: w³aœciwej diecie, odpowiedniej iloœci snu i ruchu.;Tak;;Raczej tak;Raczej tak;Tak;Raczej tak;3;3;Techniki relaksu;Nie;Nie wiem;Nie by³o dlugo;8;Zbyt monotonny sposób prowadzenia
11.17.2025 21:49:55;Akceptujê;nauczycielem;11-15 lat;VIII Liceum Ogólnokszta³c¹ce im. Stanis³awa Wyspiañskiego w Rzeszowie;Obie odpowiedzi s¹ poprawne.;s¹ normalne i potrzebne, poniewa¿ realizuj¹ szereg wa¿nych funkcji.;Przyjêcie odpowiedniej postawy cia³a lub wykonanie prostych ruchów.;Wdech odbywa siê przez nos, a wydech – przez usta.;Codzienna troska o fizycznoœæ, opieraj¹ca siê na trzech g³ównych filarach: w³aœciwej diecie, odpowiedniej iloœci snu i ruchu.;Tak;;Zdecydowanie tak;Zdecydowanie tak;Tak;Zdecydowanie tak;5;5;Æwiczenia radzenia sobie z emocjami;Nie;Nie;Nie;9;Nie
11.20.2025 18:09:12;Akceptujê;nauczycielem;21 lat i wiêcej;Szko³a Podstawowa nr 5 w Nowej Soli;Obie odpowiedzi s¹ poprawne.;s¹ normalne i potrzebne, poniewa¿ realizuj¹ szereg wa¿nych funkcji.;Przyjêcie odpowiedniej postawy cia³a lub wykonanie prostych ruchów.;Wdech odbywa siê przez nos, a wydech – przez usta.;Optymistyczne nastawienie do codziennoœci i koncentrowanie siê na pozytywnych aspektach w³asnego ¿ycia.;Tak;;Zdecydowanie tak;Zdecydowanie tak;Tak;Zdecydowanie tak;5;5;techniki oddychania;brak;¿adne;¿adnych;10;brak
11.20.2025 18:09:43;Akceptujê;psychologiem;6-10 lat;Szko³a Podstawowa nr 5 w Nowej Soli;To reakcje, które pojawiaj¹ siê w odpowiedzi na subiektywnie wa¿n¹ dla danej osoby sytuacjê.;s¹ normalne i potrzebne, poniewa¿ realizuj¹ szereg wa¿nych funkcji.;Przyjêcie odpowiedniej postawy cia³a lub wykonanie prostych ruchów.;Wdech odbywa siê przez nos, a wydech – przez usta.;Codzienna troska o fizycznoœæ, opieraj¹ca siê na trzech g³ównych filarach: w³aœciwej diecie, odpowiedniej iloœci snu i ruchu.;Tak;;Raczej tak;Raczej tak;Tak;Raczej tak;5;5;Wszystko;. ;.;.;9;.
11.20.2025 18:10:38;Akceptujê;nauczycielem;11-15 lat;Szko³a Podstawowa nr 5 w Nowej Soli;Obie odpowiedzi s¹ poprawne.;s¹ normalne i potrzebne, poniewa¿ realizuj¹ szereg wa¿nych funkcji.;Przyjêcie odpowiedniej postawy cia³a lub wykonanie prostych ruchów.;Wdech odbywa siê przez nos, a wydech – przez usta.;Codzienna troska o fizycznoœæ, opieraj¹ca siê na trzech g³ównych filarach: w³aœciwej diecie, odpowiedniej iloœci snu i ruchu.;Tak;;Raczej tak;Raczej tak;Tak;Raczej nie;4;2;-;-;-;-;9;-
11.20.2025 18:17:36;Akceptujê;nauczycielem;21 lat i wiêcej;Szko³a Podstawowa nr 5 w Nowej Soli;Obie odpowiedzi s¹ poprawne.;s¹ normalne i potrzebne, poniewa¿ realizuj¹ szereg wa¿nych funkcji.;Przyjêcie odpowiedniej postawy cia³a lub wykonanie prostych ruchów.;Wdech odbywa siê przez nos, a wydech – przez usta.;Codzienna troska o fizycznoœæ, opieraj¹ca siê na trzech g³ównych filarach: w³aœciwej diecie, odpowiedniej iloœci snu i ruchu.;Tak;;Zdecydowanie tak;Zdecydowanie tak;Tak;Zdecydowanie tak;5;5;Æwiczenia oddechowe;Oddech, ruch;Nie ma takich treœci;Nie;10;Nie mam
11.20.2025 18:20:05;Akceptujê;nauczycielem;11-15 lat;Szko³a Podstawowa nr 5 w Nowej Soli;Obie odpowiedzi s¹ poprawne.;s¹ normalne i potrzebne, poniewa¿ realizuj¹ szereg wa¿nych funkcji.;Przyjêcie odpowiedniej postawy cia³a lub wykonanie prostych ruchów.;Wdech odbywa siê przez nos, a wydech – przez usta.;Codzienna troska o fizycznoœæ, opieraj¹ca siê na trzech g³ównych filarach: w³aœciwej diecie, odpowiedniej iloœci snu i ruchu.;Tak;nic;Zdecydowanie tak;Zdecydowanie tak;Tak;Raczej tak;4;4;O du¿ej czêœci ju¿ wiedzia³am;Nie, bo ju¿ o czêœci rzeczy wiedzia³am;Nie, bo ludzie maj¹ ró¿ne doœwiadczenia i wiedzê;Nie;8;Nie
11.20.2025 18:21:48;Akceptujê;nauczycielem;21 lat i wiêcej;Szko³a Podstawowa nr 5 w Nowej Soli;Obie odpowiedzi s¹ poprawne.;s¹ normalne i potrzebne, poniewa¿ realizuj¹ szereg wa¿nych funkcji.;Przyjêcie odpowiedniej postawy cia³a lub wykonanie prostych ruchów.;Wdech odbywa siê przez nos, a wydech – przez usta.;Codzienna troska o fizycznoœæ, opieraj¹ca siê na trzech g³ównych filarach: w³aœciwej diecie, odpowiedniej iloœci snu i ruchu.;Tak;;Zdecydowanie tak;Raczej tak;Tak;Zdecydowanie tak;4;5;Æwiczenia oddechowe ;Tak. Na sposób radzenia sobie z emocjami.;Nie;Nie;10;Nie mam uwag
11.24.2025 17:56:02;Akceptujê;nauczycielem;16-20 lat;IX Liceum Ogólnokszta³c¹ce im. Miko³aja Kopernika w Lublinie;Obie odpowiedzi s¹ poprawne.;s¹ normalne i potrzebne, poniewa¿ realizuj¹ szereg wa¿nych funkcji.;Przyjêcie odpowiedniej postawy cia³a lub wykonanie prostych ruchów.;Wdech odbywa siê przez nos, a wydech – przez usta.;Codzienna troska o fizycznoœæ, opieraj¹ca siê na trzech g³ównych filarach: w³aœciwej diecie, odpowiedniej iloœci snu i ruchu.;Tak;;Zdecydowanie tak;Zdecydowanie tak;Tak;Zdecydowanie tak;5;5;.;.;.;.;10;.
11.24.2025 17:56:21;Akceptujê;psychologiem;1-5 lat;IX Liceum Ogólnokszta³c¹ce im. Miko³aja Kopernika w Lublinie;Obie odpowiedzi s¹ poprawne.;s¹ normalne i potrzebne, poniewa¿ realizuj¹ szereg wa¿nych funkcji.;Przyjêcie odpowiedniej postawy cia³a lub wykonanie prostych ruchów.;Wdech odbywa siê przez nos, a wydech – przez usta.;Codzienna troska o fizycznoœæ, opieraj¹ca siê na trzech g³ównych filarach: w³aœciwej diecie, odpowiedniej iloœci snu i ruchu.;Tak;;Zdecydowanie tak;Zdecydowanie tak;Tak;Zdecydowanie tak;5;5;praktyczne æwiczenia;nie;nie;nie;10;nie
11.24.2025 17:56:51;Akceptujê;nauczycielem;16-20 lat;IX Liceum Ogólnokszta³c¹ce im. Miko³aja Kopernika w Lublinie;To reakcje, które pojawiaj¹ siê w odpowiedzi na subiektywnie wa¿n¹ dla danej osoby sytuacjê.;s¹ normalne i potrzebne, poniewa¿ realizuj¹ szereg wa¿nych funkcji.;Przyjêcie odpowiedniej postawy cia³a lub wykonanie prostych ruchów.;Wdech odbywa siê przez nos, a wydech – przez usta.;Codzienna troska o fizycznoœæ, opieraj¹ca siê na trzech g³ównych filarach: w³aœciwej diecie, odpowiedniej iloœci snu i ruchu.;Tak;;Zdecydowanie tak;Zdecydowanie tak;Tak;Zdecydowanie tak;5;5;æwiczenia;jak skutecznie sobie pomóc;nie by³o takich;nie;10;nie
11.24.2025 17:57:52;Akceptujê;nauczycielem;21 lat i wiêcej;IX Liceum Ogólnokszta³c¹ce im. Miko³aja Kopernika w Lublinie;Obie odpowiedzi s¹ poprawne.;s¹ normalne i potrzebne, poniewa¿ realizuj¹ szereg wa¿nych funkcji.;Przyjêcie odpowiedniej postawy cia³a lub wykonanie prostych ruchów.;Wdech odbywa siê przez nos, a wydech – przez usta.;Codzienna troska o fizycznoœæ, opieraj¹ca siê na trzech g³ównych filarach: w³aœciwej diecie, odpowiedniej iloœci snu i ruchu.;Tak;;Zdecydowanie tak;Zdecydowanie tak;Tak;Zdecydowanie tak;5;5;Sposoby radzenia ¿e stresem ;Tak. Uzyska³am informacje, ¿e wiele sama mogê zmieniæ w swoich reakcjach na napiêcie /stres;Nie ma takich treœci ;Niczego nie brakowa³o ;10;Bardzo merytoryczna, kompetentna, ¿yczliwa prowadz¹ca. Jestem zadowolona z udzia³u w szkoleniu. Dziêkuje 
11.24.2025 17:58:00;Akceptujê;nauczycielem;21 lat i wiêcej;IX Liceum Ogólnokszta³c¹ce im. Miko³aja Kopernika w Lublinie;Obie odpowiedzi s¹ poprawne.;s¹ normalne i potrzebne, poniewa¿ realizuj¹ szereg wa¿nych funkcji.;Przyjêcie odpowiedniej postawy cia³a lub wykonanie prostych ruchów.;Wdech odbywa siê przez nos, a wydech – przez usta.;Codzienna troska o fizycznoœæ, opieraj¹ca siê na trzech g³ównych filarach: w³aœciwej diecie, odpowiedniej iloœci snu i ruchu.;Tak;;Zdecydowanie tak;Zdecydowanie tak;Tak;Zdecydowanie tak;5;5;rozne sposoby radzenia sobie z emocjami;tak , na rozne emocje o czym nas informuja;nie;nie wiem;10;bardzo przydatne szkolenie, praktyczne i super prowadzacy
11.24.2025 17:58:48;Akceptujê;nauczycielem;21 lat i wiêcej;IX Liceum Ogólnokszta³c¹ce im. Miko³aja Kopernika w Lublinie;Obie odpowiedzi s¹ poprawne.;s¹ normalne i potrzebne, poniewa¿ realizuj¹ szereg wa¿nych funkcji.;Przyjêcie odpowiedniej postawy cia³a lub wykonanie prostych ruchów.;Wdech odbywa siê przez nos, a wydech – przez usta.;Codzienna troska o fizycznoœæ, opieraj¹ca siê na trzech g³ównych filarach: w³aœciwej diecie, odpowiedniej iloœci snu i ruchu.;Tak;wszystko by³o super;Zdecydowanie tak;Zdecydowanie tak;Tak;Zdecydowanie tak;5;5;radzenie sobie w sytuacjach stresowych;tak, teraz znam techniki radzenia sobie negatywnymi emocjami ;wszystko by³o niezbêdne ;niczego nie zabrak³o;10;nie mam
11.24.2025 18:04:33;Akceptujê;nauczycielem;21 lat i wiêcej;IX Liceum Ogólnokszta³c¹ce im. Miko³aja Kopernika w Lublinie;Obie odpowiedzi s¹ poprawne.;s¹ normalne i potrzebne, poniewa¿ realizuj¹ szereg wa¿nych funkcji.;Przyjêcie odpowiedniej postawy cia³a lub wykonanie prostych ruchów.;Wdech odbywa siê przez nos, a wydech – przez usta.;Codzienna troska o fizycznoœæ, opieraj¹ca siê na trzech g³ównych filarach: w³aœciwej diecie, odpowiedniej iloœci snu i ruchu.;Tak;;Zdecydowanie tak;Zdecydowanie tak;Tak;Zdecydowanie tak;5;5;Æwiczenia praktyczne.;Reakcja cia³a;Nie;Nie;10;Bardzo pomocne.
11.24.2025 18:24:32;Akceptujê;nauczycielem;11-15 lat;Szko³a Podstawowa im. Tadeusza Koœciuszki w Czernichowie;Obie odpowiedzi s¹ poprawne.;s¹ normalne i potrzebne, poniewa¿ realizuj¹ szereg wa¿nych funkcji.;Przyjêcie odpowiedniej postawy cia³a lub wykonanie prostych ruchów.;Wdech odbywa siê przez nos, a wydech – przez usta.;Codzienna troska o fizycznoœæ, opieraj¹ca siê na trzech g³ównych filarach: w³aœciwej diecie, odpowiedniej iloœci snu i ruchu.;Tak;;Zdecydowanie tak;Zdecydowanie tak;Tak;Zdecydowanie tak;5;5;Praktycznie zrealizowany temat;Tak ;Nie ma ;Nie ;10;Ciekawe i potrzebne szkolenie
11.24.2025 18:25:04;Akceptujê;nauczycielem;21 lat i wiêcej;Szko³a Podstawowa im. Tadeusza Koœciuszki w Czernichowie;Obie odpowiedzi s¹ poprawne.;s¹ normalne i potrzebne, poniewa¿ realizuj¹ szereg wa¿nych funkcji.;Przyjêcie odpowiedniej postawy cia³a lub wykonanie prostych ruchów.;Wdech odbywa siê przez nos, a wydech – przez usta.;Codzienna troska o fizycznoœæ, opieraj¹ca siê na trzech g³ównych filarach: w³aœciwej diecie, odpowiedniej iloœci snu i ruchu.;Tak;;Zdecydowanie tak;Raczej tak;Tak;Raczej tak;4;5;æwiczenia;raczej tak;nie;nie;8;raczej nie
11.24.2025 18:26:59;Akceptujê;nauczycielem;21 lat i wiêcej;Szko³a Podstawowa im. Tadeusza Koœciuszki w Czernichowie;Obie odpowiedzi s¹ poprawne.;s¹ normalne i potrzebne, poniewa¿ realizuj¹ szereg wa¿nych funkcji.;Przyjêcie odpowiedniej postawy cia³a lub wykonanie prostych ruchów.;Wdech odbywa siê przez nos, a wydech – przez usta.;Codzienna troska o fizycznoœæ, opieraj¹ca siê na trzech g³ównych filarach: w³aœciwej diecie, odpowiedniej iloœci snu i ruchu.;Tak;;Zdecydowanie tak;Zdecydowanie tak;Tak;Zdecydowanie tak;5;5;æwiczenia oddechowe;Tak;nie;nie;9;nie
11.24.2025 18:27:08;Akceptujê;nauczycielem;mniej ni¿ rok;Szko³a Podstawowa im. Tadeusza Koœciuszki w Czernichowie;Obie odpowiedzi s¹ poprawne.;s¹ normalne i potrzebne, poniewa¿ realizuj¹ szereg wa¿nych funkcji.;Przyjêcie odpowiedniej postawy cia³a lub wykonanie prostych ruchów.;Wdech i wydech odbywaj¹ siê przez nos.;Codzienna troska o fizycznoœæ, opieraj¹ca siê na trzech g³ównych filarach: w³aœciwej diecie, odpowiedniej iloœci snu i ruchu.;Tak;;Raczej tak;Raczej tak;Tak;Raczej tak;4;4;Oddech;Da³o nadziejê;Brak;Brak;10;Brak
11.24.2025 18:27:55;Akceptujê;nauczycielem;11-15 lat;Szko³a Podstawowa im. Tadeusza Koœciuszki w Czernichowie;Obie odpowiedzi s¹ poprawne.;s¹ normalne i potrzebne, poniewa¿ realizuj¹ szereg wa¿nych funkcji.;Przyjêcie odpowiedniej postawy cia³a lub wykonanie prostych ruchów.;Wdech odbywa siê przez nos, a wydech – przez usta.;Codzienna troska o fizycznoœæ, opieraj¹ca siê na trzech g³ównych filarach: w³aœciwej diecie, odpowiedniej iloœci snu i ruchu.;Tak;;Zdecydowanie tak;Zdecydowanie tak;Tak;Zdecydowanie tak;5;5;Æwiczenia praktyczne: 5-4-3-2-1, TIPP, æwiczenia oddechowe.;Raczej nie...;Nie ma takich;Nic nie przychodzi mi w tym momencie do g³owy.;10;Nie :)
11.24.2025 18:28:21;Akceptujê;nauczycielem;16-20 lat;Szko³a Podstawowa im. Tadeusza Koœciuszki w Czernichowie;Obie odpowiedzi s¹ poprawne.;s¹ normalne i potrzebne, poniewa¿ realizuj¹ szereg wa¿nych funkcji.;Przyjêcie odpowiedniej postawy cia³a lub wykonanie prostych ruchów.;Wdech odbywa siê przez nos, a wydech – przez usta.;Codzienna troska o fizycznoœæ, opieraj¹ca siê na trzech g³ównych filarach: w³aœciwej diecie, odpowiedniej iloœci snu i ruchu.;Tak;nie dotyczy;Zdecydowanie tak;Raczej tak;Tak;Raczej tak;4;4;Tabletki samoregulacji;Tak, zagadnieñ zwi¹zanych ze z³oœci¹ i odreagowaniem jej.;Nie.;Nie;9;Nie.
11.24.2025 18:29:18;Akceptujê;nauczycielem;16-20 lat;Szko³a Podstawowa im. Tadeusza Koœciuszki w Czernichowie;Uruchamiaj¹ ca³y zespó³ zmian w ciele, w sposobie myœlenia i zachowaniu cz³owieka.;s¹ normalne i potrzebne, poniewa¿ realizuj¹ szereg wa¿nych funkcji.;Przyjêcie odpowiedniej postawy cia³a lub wykonanie prostych ruchów.;Wdech odbywa siê przez nos, a wydech – przez usta.;Codzienna troska o fizycznoœæ, opieraj¹ca siê na trzech g³ównych filarach: w³aœciwej diecie, odpowiedniej iloœci snu i ruchu.;Tak;;Raczej tak;Raczej tak;Tak;Zdecydowanie tak;5;5;æwiczenia oddechowe;tak;nie;nie;9;nie
11.24.2025 18:29:19;Akceptujê;nauczycielem;16-20 lat;Szko³a Podstawowa im. Tadeusza Koœciuszki w Czernichowie;Obie odpowiedzi s¹ poprawne.;s¹ normalne i potrzebne, poniewa¿ realizuj¹ szereg wa¿nych funkcji.;Przyjêcie odpowiedniej postawy cia³a lub wykonanie prostych ruchów.;Wdech odbywa siê przez nos, a wydech – przez usta.;Optymistyczne nastawienie do codziennoœci i koncentrowanie siê na pozytywnych aspektach w³asnego ¿ycia.;Tak;;Zdecydowanie tak;Zdecydowanie tak;Tak;Zdecydowanie tak;5;5;Wszystkie treœci.;Tak;Nie;Nie.;10;Nie.
11.24.2025 18:29:20;Akceptujê;nauczycielem;16-20 lat;Szko³a Podstawowa im. Tadeusza Koœciuszki w Czernichowie;Uruchamiaj¹ ca³y zespó³ zmian w ciele, w sposobie myœlenia i zachowaniu cz³owieka.;s¹ normalne i potrzebne, poniewa¿ realizuj¹ szereg wa¿nych funkcji.;Przyjêcie odpowiedniej postawy cia³a lub wykonanie prostych ruchów.;Wdech odbywa siê przez nos, a wydech – przez usta.;Codzienna troska o fizycznoœæ, opieraj¹ca siê na trzech g³ównych filarach: w³aœciwej diecie, odpowiedniej iloœci snu i ruchu.;Tak;;Zdecydowanie tak;Zdecydowanie tak;Tak;Raczej tak;3;3;Materia³y poszkolwniowe;Nie;Nie;Nie;9;Nie
11.24.2025 18:31:37;Akceptujê;nauczycielem;21 lat i wiêcej;Szko³a Podstawowa im. Tadeusza Koœciuszki w Czernichowie;Obie odpowiedzi s¹ poprawne.;s¹ normalne i potrzebne, poniewa¿ realizuj¹ szereg wa¿nych funkcji.;Przyjêcie odpowiedniej postawy cia³a lub wykonanie prostych ruchów.;Wdech odbywa siê przez nos, a wydech – przez usta.;Codzienna troska o fizycznoœæ, opieraj¹ca siê na trzech g³ównych filarach: w³aœciwej diecie, odpowiedniej iloœci snu i ruchu.;Tak;;Zdecydowanie tak;Zdecydowanie tak;Tak;Zdecydowanie tak;5;5;Techniki radzenia sobie z emocjami, ze wzglêdu na charakter pracy.;Poszerzy³o wiedzê na ich ró¿norodnoœæ emocji i sposobów radzenia sobie z nimi. ;Nie by³o takich treœci.;Nie.;10;Super szkolenie.
11.24.2025 18:32:11;Akceptujê;nauczycielem;21 lat i wiêcej;Szko³a Podstawowa im. Tadeusza Koœciuszki w Czernichowie;Obie odpowiedzi s¹ poprawne.;mo¿na podzieliæ na dobre (pozytywne) i z³e (negatywne).;Przyjêcie odpowiedniej postawy cia³a lub wykonanie prostych ruchów.;Wdech odbywa siê przez nos, a wydech – przez usta.;Codzienna troska o fizycznoœæ, opieraj¹ca siê na trzech g³ównych filarach: w³aœciwej diecie, odpowiedniej iloœci snu i ruchu.;Tak;;Raczej tak;Raczej tak;Tak;Raczej tak;4;3;dotycz¹ce radzenia sobie z negatywnymi emocjami, g³ównie chodzi o oddech.;Raczej o tym wszystkim by³o mi wiadomo.;Nie, nie jestem.;----------------------------------------------------------------------------------------;5;Nie, nie mam uwag.
11.24.2025 18:32:26;Akceptujê;nauczycielem;21 lat i wiêcej;Szko³a Podstawowa im. Tadeusza Koœciuszki w Czernichowie;Obie odpowiedzi s¹ poprawne.;mo¿na podzieliæ na dobre (pozytywne) i z³e (negatywne).;Przyjêcie odpowiedniej postawy cia³a lub wykonanie prostych ruchów.;Wdech odbywa siê przez nos, a wydech – przez usta.;Optymistyczne nastawienie do codziennoœci i koncentrowanie siê na pozytywnych aspektach w³asnego ¿ycia.;Tak;;Zdecydowanie tak;Zdecydowanie tak;Tak;Zdecydowanie tak;5;5;Emocje s¹ jak woda, techniki wyciszaj¹ce negatywne emocje, oddechowe;Lepsze rozumienie emocji.;Nie, wszystkie treœci by³y potrzebne.;Nie;10;Wspania³e szkolenie. Jestem pod wra¿eniem tego szkolenia i s³owa uznania ioraz wdziêcznoœci dla Pani prowadz¹cej szkolenie.
11.24.2025 18:43:12;Akceptujê;nauczycielem;21 lat i wiêcej;Szko³a Podstawowa im. Tadeusza Koœciuszki w Czernichowie;Obie odpowiedzi s¹ poprawne.;s¹ normalne i potrzebne, poniewa¿ realizuj¹ szereg wa¿nych funkcji.;Przyjêcie odpowiedniej postawy cia³a lub wykonanie prostych ruchów.;Wdech odbywa siê przez nos, a wydech – przez usta.;Codzienna troska o fizycznoœæ, opieraj¹ca siê na trzech g³ównych filarach: w³aœciwej diecie, odpowiedniej iloœci snu i ruchu.;Tak;;Zdecydowanie tak;Zdecydowanie tak;Tak;Zdecydowanie tak;5;4;Sposoby radzenia sobie z emocjami oraz techniki obni¿ania napiêcia. S¹ to umiejêtnoœci, które mo¿na zastosowaæ w codziennych sytuacjach, które mog¹ poprawiæ samopoczucie i lepiej reagowaæ na stres.;Moje postrzeganie zmieni³o siê g³ównie w kwestii praktycznych sposobów radzenia sobie z emocjami — nie zna³am wczeœniej takich technik. ;nie;nie;10;Ciekawym odkryciem dla mnie by³o porównanie emocji do wody w naszym organizmie.
11.24.2025 18:53:15;Akceptujê;nauczycielem;21 lat i wiêcej;Szko³a Podstawowa im. Tadeusza Koœciuszki w Czernichowie;Obie odpowiedzi s¹ poprawne.;s¹ normalne i potrzebne, poniewa¿ realizuj¹ szereg wa¿nych funkcji.;Przyjêcie odpowiedniej postawy cia³a lub wykonanie prostych ruchów.;Wdech odbywa siê przez nos, a wydech – przez usta.;Codzienna troska o fizycznoœæ, opieraj¹ca siê na trzech g³ównych filarach: w³aœciwej diecie, odpowiedniej iloœci snu i ruchu.;Tak;;Zdecydowanie tak;Zdecydowanie tak;Tak;Raczej tak;5;5;Æw. Oddechowe;Nie zmieni³o;Nie by³o takich treœci;Nie zabrak³o;10;Nie
11.24.2025 18:53:27;Akceptujê;nauczycielem;16-20 lat;Szko³a Podstawowa im. Tadeusza Koœciuszki w Czernichowie;Obie odpowiedzi s¹ poprawne.;s¹ normalne i potrzebne, poniewa¿ realizuj¹ szereg wa¿nych funkcji.;Przyjêcie odpowiedniej postawy cia³a lub wykonanie prostych ruchów.;Wdech odbywa siê przez nos, a wydech – przez usta.;Codzienna troska o fizycznoœæ, opieraj¹ca siê na trzech g³ównych filarach: w³aœciwej diecie, odpowiedniej iloœci snu i ruchu.;Tak;;Zdecydowanie tak;Zdecydowanie tak;Tak;Zdecydowanie tak;4;4;æwiczenia oddechowe;nie;nie;nie zabrak³o;9;nie
12.2.2025 17:51:57;Akceptujê;nauczycielem;21 lat i wiêcej;Szko³a Podstawowa nr 160 im. Powstañców Œl¹skich w £odzi;Uruchamiaj¹ ca³y zespó³ zmian w ciele, w sposobie myœlenia i zachowaniu cz³owieka.;s¹ normalne i potrzebne, poniewa¿ realizuj¹ szereg wa¿nych funkcji.;Przyjêcie odpowiedniej postawy cia³a lub wykonanie prostych ruchów.;Wdech odbywa siê przez nos, a wydech – przez usta.;Codzienna troska o fizycznoœæ, opieraj¹ca siê na trzech g³ównych filarach: w³aœciwej diecie, odpowiedniej iloœci snu i ruchu.;Tak;;Zdecydowanie tak;Zdecydowanie tak;Tak;Zdecydowanie tak;5;5;Pomog¹ opanowaæ emocje.;Tak.;Wszystkie na pewno przydatne.;Nie.;10;Nie
12.2.2025 17:52:23;Akceptujê;nauczycielem;21 lat i wiêcej;Szko³a Podstawowa nr 160 im. Powstañców Œl¹skich w £odzi;To reakcje, które pojawiaj¹ siê w odpowiedzi na subiektywnie wa¿n¹ dla danej osoby sytuacjê.;s¹ normalne i potrzebne, poniewa¿ realizuj¹ szereg wa¿nych funkcji.;Przyjêcie odpowiedniej postawy cia³a lub wykonanie prostych ruchów.;Wdech odbywa siê przez nos, a wydech – przez usta.;Codzienna troska o fizycznoœæ, opieraj¹ca siê na trzech g³ównych filarach: w³aœciwej diecie, odpowiedniej iloœci snu i ruchu.;Tak;;Zdecydowanie tak;Zdecydowanie tak;Tak;Zdecydowanie tak;5;5;Wszystkie;Tak, æwiczenia oddechowe;Nie;Nie;10;Nie
12.2.2025 17:52:56;Akceptujê;dyrektorem/wicedyrektorem;21 lat i wiêcej;Szko³a Podstawowa nr 160 im. Powstañców Œl¹skich w £odzi;Uruchamiaj¹ ca³y zespó³ zmian w ciele, w sposobie myœlenia i zachowaniu cz³owieka.;s¹ normalne i potrzebne, poniewa¿ realizuj¹ szereg wa¿nych funkcji.;Przyjêcie odpowiedniej postawy cia³a lub wykonanie prostych ruchów.;Wdech odbywa siê przez nos, a wydech – przez usta.;Codzienna troska o fizycznoœæ, opieraj¹ca siê na trzech g³ównych filarach: w³aœciwej diecie, odpowiedniej iloœci snu i ruchu.;Tak;;Zdecydowanie tak;Zdecydowanie tak;Tak;Zdecydowanie tak;5;5;wszystkie;jasne;wszystkie;nie;10;nie
12.2.2025 17:53:57;Akceptujê;nauczycielem;21 lat i wiêcej;Szko³a Podstawowa nr 160 im. Powstañców Œl¹skich w £odzi;Obie odpowiedzi s¹ poprawne.;s¹ normalne i potrzebne, poniewa¿ realizuj¹ szereg wa¿nych funkcji.;Przyjêcie odpowiedniej postawy cia³a lub wykonanie prostych ruchów.;Wdech i wydech odbywaj¹ siê przez nos.;Codzienna troska o fizycznoœæ, opieraj¹ca siê na trzech g³ównych filarach: w³aœciwej diecie, odpowiedniej iloœci snu i ruchu.;Tak;;Zdecydowanie tak;Zdecydowanie tak;Tak;Zdecydowanie tak;5;5;Tak;Tak. ;Nie mama takich;Wyzcerpuj¹ci;10;nie mam
12.2.2025 17:54:06;Akceptujê;nauczycielem;21 lat i wiêcej;Szko³a Podstawowa nr 160 im. Powstañców Œl¹skich w £odzi;Obie odpowiedzi s¹ poprawne.;s¹ normalne i potrzebne, poniewa¿ realizuj¹ szereg wa¿nych funkcji.;Przyjêcie odpowiedniej postawy cia³a lub wykonanie prostych ruchów.;Wdech odbywa siê przez nos, a wydech – przez usta.;Codzienna troska o fizycznoœæ, opieraj¹ca siê na trzech g³ównych filarach: w³aœciwej diecie, odpowiedniej iloœci snu i ruchu.;Tak;;Zdecydowanie tak;Zdecydowanie tak;Tak;Zdecydowanie tak;5;5;Æwiczenia na roz³adowanie napiêcia;Oddech;Nie by³o takich;Nie;10;Nie
12.2.2025 17:54:45;Akceptujê;nauczycielem;6-10 lat;Szko³a Podstawowa nr 160 im. Powstañców Œl¹skich w £odzi;Obie odpowiedzi s¹ poprawne.;s¹ normalne i potrzebne, poniewa¿ realizuj¹ szereg wa¿nych funkcji.;Przyjêcie odpowiedniej postawy cia³a lub wykonanie prostych ruchów.;Wdech odbywa siê przez nos, a wydech – przez usta.;Codzienna troska o fizycznoœæ, opieraj¹ca siê na trzech g³ównych filarach: w³aœciwej diecie, odpowiedniej iloœci snu i ruchu.;Tak;;Zdecydowanie tak;Zdecydowanie tak;Tak;Zdecydowanie tak;5;4;oddechowe æwiczenia;podejœcia do emocji ;nie;nie;10;nie
12.2.2025 17:54:51;Akceptujê;nauczycielem;6-10 lat;Szko³a Podstawowa nr 160 im. Powstañców Œl¹skich w £odzi;Obie odpowiedzi s¹ poprawne.;s¹ normalne i potrzebne, poniewa¿ realizuj¹ szereg wa¿nych funkcji.;Przyjêcie odpowiedniej postawy cia³a lub wykonanie prostych ruchów.;Wdech odbywa siê przez nos, a wydech – przez usta.;Codzienna troska o fizycznoœæ, opieraj¹ca siê na trzech g³ównych filarach: w³aœciwej diecie, odpowiedniej iloœci snu i ruchu.;Tak;;Zdecydowanie tak;Zdecydowanie tak;Tak;Zdecydowanie tak;5;5;æwiczenia oddechowe;wszystko by³o przydatne;wszystko by³o przydatne;niczego nie brakowa³o;10;nie mam
12.2.2025 17:55:08;Akceptujê;pedagogiem;16-20 lat;Szko³a Podstawowa nr 160 im. Powstañców Œl¹skich w £odzi;Obie odpowiedzi s¹ poprawne.;s¹ normalne i potrzebne, poniewa¿ realizuj¹ szereg wa¿nych funkcji.;Przyjêcie odpowiedniej postawy cia³a lub wykonanie prostych ruchów.;Wdech odbywa siê przez nos, a wydech – przez usta.;Codzienna troska o fizycznoœæ, opieraj¹ca siê na trzech g³ównych filarach: w³aœciwej diecie, odpowiedniej iloœci snu i ruchu.;Tak;Wszystko     by³o ok;Zdecydowanie tak;Zdecydowanie tak;Tak;Zdecydowanie tak;5;5;æwiczenia;uporz¹dkowa³o;nie by³o zbêdnych;nie;10;Szkolenie by³o bardzo merytoryczne i wartoœciowe.
12.2.2025 17:55:10;Akceptujê;nauczycielem;21 lat i wiêcej;Szko³a Podstawowa nr 160 im. Powstañców Œl¹skich w £odzi;Obie odpowiedzi s¹ poprawne.;s¹ normalne i potrzebne, poniewa¿ realizuj¹ szereg wa¿nych funkcji.;Przyjêcie odpowiedniej postawy cia³a lub wykonanie prostych ruchów.;Wdech odbywa siê przez nos, a wydech – przez usta.;Codzienna troska o fizycznoœæ, opieraj¹ca siê na trzech g³ównych filarach: w³aœciwej diecie, odpowiedniej iloœci snu i ruchu.;Tak;;Zdecydowanie tak;Zdecydowanie tak;Tak;Zdecydowanie tak;5;5;Konkretne æwiczenia, zw³aszcza æwiczenia oddechowe.;Raczej nie - wczeœniej mia³am podobne podejœcie do radzenia sobie z emocjami.;Nie;Wszystko ok.;10;Wszystko by³o w porz¹dku. Bardzo sympatyczna i kompetentna osoba prowadz¹ca.
12.2.2025 17:56:13;Akceptujê;nauczycielem;21 lat i wiêcej;Szko³a Podstawowa nr 160 im. Powstañców Œl¹skich w £odzi;Obie odpowiedzi s¹ poprawne.;s¹ normalne i potrzebne, poniewa¿ realizuj¹ szereg wa¿nych funkcji.;Przyjêcie odpowiedniej postawy cia³a lub wykonanie prostych ruchów.;Wdech odbywa siê przez nos, a wydech – przez usta.;Codzienna troska o fizycznoœæ, opieraj¹ca siê na trzech g³ównych filarach: w³aœciwej diecie, odpowiedniej iloœci snu i ruchu.;Tak;Wszystko by³o super;Zdecydowanie tak;Zdecydowanie tak;Tak;Zdecydowanie tak;5;5;Wa¿n¹ informacj¹ jest to, ¿e nie konkretna osoba nas np denerwuje, ale to jak ona zachowa³a siê, co zrobi³a. Ciekawe æwiczenia praktyczne, oddechowe.;Tak. Zanim zareagujê zatrzymam siê ZZZZ.;Wszystko by³o wa¿ne. Ka¿dy zabierze ze sob¹ to co dla niego wa¿ne.;Nie;10;Nie
12.2.2025 17:56:38;Akceptujê;nauczycielem;21 lat i wiêcej;Szko³a Podstawowa nr 160 im. Powstañców Œl¹skich w £odzi;Obie odpowiedzi s¹ poprawne.;s¹ normalne i potrzebne, poniewa¿ realizuj¹ szereg wa¿nych funkcji.;Przyjêcie odpowiedniej postawy cia³a lub wykonanie prostych ruchów.;Wdech odbywa siê przez nos, a wydech – przez usta.;Codzienna troska o fizycznoœæ, opieraj¹ca siê na trzech g³ównych filarach: w³aœciwej diecie, odpowiedniej iloœci snu i ruchu.;Tak;;Zdecydowanie tak;Zdecydowanie tak;Tak;Raczej tak;5;5;Æwiczenia oddechowe;Raczej tak.;Nie;Raczej nie;10;Wszystko by³o interesuj¹ce. Pozdrawiam.
12.2.2025 17:57:03;Akceptujê;nauczycielem;21 lat i wiêcej;Szko³a Podstawowa nr 160 im. Powstañców Œl¹skich w £odzi;To reakcje, które pojawiaj¹ siê w odpowiedzi na subiektywnie wa¿n¹ dla danej osoby sytuacjê.;mo¿na podzieliæ na dobre (pozytywne) i z³e (negatywne).;Przyjêcie odpowiedniej postawy cia³a lub wykonanie prostych ruchów.;Wdech odbywa siê przez nos, a wydech – przez usta.;Codzienna troska o fizycznoœæ, opieraj¹ca siê na trzech g³ównych filarach: w³aœciwej diecie, odpowiedniej iloœci snu i ruchu.;Tak;;Zdecydowanie tak;Zdecydowanie tak;Tak;Zdecydowanie tak;4;5;æwiczenia oddechowe;Bardziej uzmys³owi³o mi, ¿e dobrostan nauczycieli bardzo wp³ywa pozytywnie na uczniów;nie;nie;10;Bardzo po¿yteczne treœci
12.2.2025 17:57:40;Akceptujê;nauczycielk¹;21 lat i wiêcej;Szko³a Podstawowa nr 160 im. Powstañców Œl¹skich w £odzi;Obie odpowiedzi s¹ poprawne.;s¹ normalne i potrzebne, poniewa¿ realizuj¹ szereg wa¿nych funkcji.;Przyjêcie odpowiedniej postawy cia³a lub wykonanie prostych ruchów.;Wdech odbywa siê przez nos, a wydech – przez usta.;Codzienna troska o fizycznoœæ, opieraj¹ca siê na trzech g³ównych filarach: w³aœciwej diecie, odpowiedniej iloœci snu i ruchu.;Tak;;Zdecydowanie tak;Zdecydowanie tak;Tak;Raczej tak;3;3;Æwiczenia oddechowe. Uwa¿am, ¿e s¹ bardzo przydatne do wykorzystania w praktyce.;Nie.;Zbyt du¿o teorii.;Nie wiem.;8;Szkolenia s¹ zbyt d³ugie, a ankieta po nich powinna byæ anonimowa.
12.2.2025 18:02:32;Akceptujê;nauczycielem;21 lat i wiêcej;Szko³a Podstawowa nr 160 im. Powstañców Œl¹skich w £odzi;Obie odpowiedzi s¹ poprawne.;s¹ normalne i potrzebne, poniewa¿ realizuj¹ szereg wa¿nych funkcji.;Przyjêcie odpowiedniej postawy cia³a lub wykonanie prostych ruchów.;Wdech odbywa siê przez nos, a wydech – przez usta.;Codzienna troska o fizycznoœæ, opieraj¹ca siê na trzech g³ównych filarach: w³aœciwej diecie, odpowiedniej iloœci snu i ruchu.;Tak;Nic;Zdecydowanie tak;Zdecydowanie tak;Tak;Zdecydowanie tak;5;5;æwiczenia roz³adowuj¹ce emocje;wszystko potrzebne;nie;bardzo wa¿ne treœci;10;bez uwag
12.2.2025 18:02:33;Akceptujê;nauczycielem;21 lat i wiêcej;Szko³a Podstawowa nr 160 im. Powstañców Œl¹skich w £odzi;Obie odpowiedzi s¹ poprawne.;s¹ normalne i potrzebne, poniewa¿ realizuj¹ szereg wa¿nych funkcji.;Przyjêcie odpowiedniej postawy cia³a lub wykonanie prostych ruchów.;Wdech odbywa siê przez nos, a wydech – przez usta.;Codzienna troska o fizycznoœæ, opieraj¹ca siê na trzech g³ównych filarach: w³aœciwej diecie, odpowiedniej iloœci snu i ruchu.;Tak;;Zdecydowanie tak;Zdecydowanie tak;Tak;Zdecydowanie tak;5;5;Sposoby kontrolowania w³asnych emocji w pracy i w ¿yciu codziennym;Tak- sposoby reagowania na stresuj¹ce sytuacje.;Brak zbêdnych treœci.;Nie.;10;Nie.
12.2.2025 18:02:40;Akceptujê;nauczycielem;21 lat i wiêcej;Szko³a Podstawowa nr 160 im. Powstañców Œl¹skich w £odzi;Obie odpowiedzi s¹ poprawne.;s¹ normalne i potrzebne, poniewa¿ realizuj¹ szereg wa¿nych funkcji.;Przyjêcie odpowiedniej postawy cia³a lub wykonanie prostych ruchów.;Wdech odbywa siê przez nos, a wydech – przez usta.;Codzienna troska o fizycznoœæ, opieraj¹ca siê na trzech g³ównych filarach: w³aœciwej diecie, odpowiedniej iloœci snu i ruchu.;Tak;;Zdecydowanie tak;Zdecydowanie tak;Tak;Zdecydowanie tak;5;5;Sposoby kontrolowania w³asnych emocji  w codzienej pracy i w ¿yciu codziennym.;Sposoby reagowania na sytuacje stresuj¹ce;Brak zbêdnych treœci;Nie;10;Nie
12.2.2025 18:07:32;Akceptujê;nauczycielem;21 lat i wiêcej;Szko³a Podstawowa nr 160 im. Powstañców Œl¹skich w £odzi;Obie odpowiedzi s¹ poprawne.;s¹ normalne i potrzebne, poniewa¿ realizuj¹ szereg wa¿nych funkcji.;Przyjêcie odpowiedniej postawy cia³a lub wykonanie prostych ruchów.;Wdech odbywa siê przez nos, a wydech – przez usta.;Codzienna troska o fizycznoœæ, opieraj¹ca siê na trzech g³ównych filarach: w³aœciwej diecie, odpowiedniej iloœci snu i ruchu.;Tak;;Zdecydowanie tak;Zdecydowanie tak;Tak;Zdecydowanie tak;5;5;Æwiczenia Body2Brain.;Zwiêkszy³o moj¹ uwa¿noœæ na emocje swoje i innych.;Brak.;-;10;Dziêkujê za szkolenia.
12.2.2025 18:07:32;Akceptujê;nauczycielem;21 lat i wiêcej;Szko³a Podstawowa nr 160 im. Powstañców Œl¹skich w £odzi;Obie odpowiedzi s¹ poprawne.;s¹ normalne i potrzebne, poniewa¿ realizuj¹ szereg wa¿nych funkcji.;Przyjêcie odpowiedniej postawy cia³a lub wykonanie prostych ruchów.;Wdech odbywa siê przez nos, a wydech – przez usta.;Codzienna troska o fizycznoœæ, opieraj¹ca siê na trzech g³ównych filarach: w³aœciwej diecie, odpowiedniej iloœci snu i ruchu.;Tak;Wszystko by³o potrzebne;Zdecydowanie tak;Zdecydowanie tak;Tak;Zdecydowanie tak;5;5;Reagowanie na sytuacje stresuj¹ce;Uœwiadomi³o mi, w jaki sposób opanowaæ swoje emocje.;Nie by³o takich treœci;Nie;10;Nie
12.2.2025 18:20:20;Akceptujê;nauczycielem;21 lat i wiêcej;Szko³a Podstawowa nr 160 im. Powstañców Œl¹skich w £odzi;Obie odpowiedzi s¹ poprawne.;s¹ normalne i potrzebne, poniewa¿ realizuj¹ szereg wa¿nych funkcji.;Przyjêcie odpowiedniej postawy cia³a lub wykonanie prostych ruchów.;Wdech odbywa siê przez nos, a wydech – przez usta.;Codzienna troska o fizycznoœæ, opieraj¹ca siê na trzech g³ównych filarach: w³aœciwej diecie, odpowiedniej iloœci snu i ruchu.;Tak;Nic;Zdecydowanie tak;Zdecydowanie tak;Tak;Zdecydowanie tak;5;5;Æwiczenia oddechowe  wykorzystam w pracy codziennej;Dbania o swoje emocje, kondycjê psychiczn¹  dbanie o  oddech;Nie by³o zbêdnych treœci;Nie;10;Sympatyczny g³os prowadz¹cej. 
12.2.2025 19:22:02;Akceptujê;nauczycielem;21 lat i wiêcej;Szko³a Podstawowa nr 160 im. Powstañców Œl¹skich w £odzi;Obie odpowiedzi s¹ poprawne.;mo¿na podzieliæ na dobre (pozytywne) i z³e (negatywne).;Przyjêcie odpowiedniej postawy cia³a lub wykonanie prostych ruchów.;Wdech odbywa siê przez nos, a wydech – przez usta.;Codzienna troska o fizycznoœæ, opieraj¹ca siê na trzech g³ównych filarach: w³aœciwej diecie, odpowiedniej iloœci snu i ruchu.;Tak;;Zdecydowanie tak;Zdecydowanie tak;Tak;Zdecydowanie tak;5;5;Æwiczenia oddechowe -praktyczna pomoc w odreagowaniu z³ych emocji;Nie ;Nie;Nie;10;Nie
12.4.2025 19:46:31;Akceptujê;nauczycielem;21 lat i wiêcej;Szko³a Podstawowa nr 4 im. Miko³aja Kopernika w Pu³awach;Uruchamiaj¹ ca³y zespó³ zmian w ciele, w sposobie myœlenia i zachowaniu cz³owieka.;s¹ normalne i potrzebne, poniewa¿ realizuj¹ szereg wa¿nych funkcji.;Przyjêcie odpowiedniej postawy cia³a lub wykonanie prostych ruchów.;Wdech odbywa siê przez nos, a wydech – przez usta.;Codzienna troska o fizycznoœæ, opieraj¹ca siê na trzech g³ównych filarach: w³aœciwej diecie, odpowiedniej iloœci snu i ruchu.;Tak;;Zdecydowanie tak;Zdecydowanie tak;Tak;Zdecydowanie tak;5;5;æwiczenia;nie s¹ to dla mnie nowe treœci, ciekawie by³o;-;-;10;dziêkujê
12.4.2025 19:46:34;Akceptujê;nauczycielem;21 lat i wiêcej;Szko³a Podstawowa nr 4 im. Miko³aja Kopernika w Pu³awach;Obie odpowiedzi s¹ poprawne.;s¹ normalne i potrzebne, poniewa¿ realizuj¹ szereg wa¿nych funkcji.;Przyjêcie odpowiedniej postawy cia³a lub wykonanie prostych ruchów.;Wdech odbywa siê przez nos, a wydech – przez usta.;¯adna z powy¿szych.;Tak; ;Zdecydowanie tak;Raczej tak;Tak;Raczej nie;2;3; ; ; ; ;7; 
12.4.2025 19:46:47;Akceptujê;nauczycielem;21 lat i wiêcej;Szko³a Podstawowa nr 4 im. Miko³aja Kopernika w Pu³awach;To reakcje, które pojawiaj¹ siê w odpowiedzi na subiektywnie wa¿n¹ dla danej osoby sytuacjê.;s¹ normalne i potrzebne, poniewa¿ realizuj¹ szereg wa¿nych funkcji.;Przyjêcie odpowiedniej postawy cia³a lub wykonanie prostych ruchów.;Wdech odbywa siê przez nos, a wydech – przez usta.;Codzienna troska o fizycznoœæ, opieraj¹ca siê na trzech g³ównych filarach: w³aœciwej diecie, odpowiedniej iloœci snu i ruchu.;Tak;;Zdecydowanie tak;Zdecydowanie tak;Tak;Zdecydowanie tak;5;5;Æwiczenia;Tak;Nie;Nie;10;Nie
12.4.2025 19:46:59;Akceptujê;nauczycielem;11-15 lat;Szko³a Podstawowa nr 4 im. Miko³aja Kopernika w Pu³awach;Obie odpowiedzi s¹ poprawne.;s¹ normalne i potrzebne, poniewa¿ realizuj¹ szereg wa¿nych funkcji.;Przyjêcie odpowiedniej postawy cia³a lub wykonanie prostych ruchów.;Wdech odbywa siê przez nos, a wydech – przez usta.;Codzienna troska o fizycznoœæ, opieraj¹ca siê na trzech g³ównych filarach: w³aœciwej diecie, odpowiedniej iloœci snu i ruchu.;Tak;-;Zdecydowanie tak;Zdecydowanie tak;Tak;Raczej tak;5;5;-;-;-;-;10;-
12.4.2025 19:47:00;Akceptujê;nauczycielem;16-20 lat;Szko³a Podstawowa nr 4 im. Miko³aja Kopernika w Pu³awach;Obie odpowiedzi s¹ poprawne.;mo¿na podzieliæ na dobre (pozytywne) i z³e (negatywne).;Przyjêcie odpowiedniej postawy cia³a lub wykonanie prostych ruchów.;Wdech odbywa siê przez nos, a wydech – przez usta.;Codzienna troska o fizycznoœæ, opieraj¹ca siê na trzech g³ównych filarach: w³aœciwej diecie, odpowiedniej iloœci snu i ruchu.;Tak;;Raczej tak;Raczej tak;Tak;Raczej tak;5;3;...;...;...;...;8;...
12.4.2025 19:47:24;Akceptujê;pedagogiem;1-5 lat;Szko³a Podstawowa nr 4 im. Miko³aja Kopernika w Pu³awach;Obie odpowiedzi s¹ poprawne.;s¹ normalne i potrzebne, poniewa¿ realizuj¹ szereg wa¿nych funkcji.;Przyjêcie odpowiedniej postawy cia³a lub wykonanie prostych ruchów.;Wdech odbywa siê przez nos, a wydech – przez usta.;Codzienna troska o fizycznoœæ, opieraj¹ca siê na trzech g³ównych filarach: w³aœciwej diecie, odpowiedniej iloœci snu i ruchu.;Tak;;Zdecydowanie tak;Zdecydowanie tak;Tak;Zdecydowanie tak;5;5;radzenie sobie z emocjami;nie;nie;nie;10;nie
12.4.2025 19:47:39;Akceptujê;nauczycielem;16-20 lat;Szko³a Podstawowa nr 4 im. Miko³aja Kopernika w Pu³awach;Obie odpowiedzi s¹ poprawne.;s¹ normalne i potrzebne, poniewa¿ realizuj¹ szereg wa¿nych funkcji.;Przyjêcie odpowiedniej postawy cia³a lub wykonanie prostych ruchów.;Wdech odbywa siê przez nos, a wydech – przez usta.;Codzienna troska o fizycznoœæ, opieraj¹ca siê na trzech g³ównych filarach: w³aœciwej diecie, odpowiedniej iloœci snu i ruchu.;Tak;;Zdecydowanie tak;Zdecydowanie tak;Tak;Zdecydowanie tak;5;5;Æwiczenia praktyczne;Metody radzenia sobie z emocjami;Nie by³o zbêdnych treœci;Nie brakowa³o niczego;10;Brak uwag
12.4.2025 19:47:41;Akceptujê;nauczycielem;1-5 lat;Szko³a Podstawowa nr 4 im. Miko³aja Kopernika w Pu³awach;Obie odpowiedzi s¹ poprawne.;s¹ normalne i potrzebne, poniewa¿ realizuj¹ szereg wa¿nych funkcji.;Przyjêcie odpowiedniej postawy cia³a lub wykonanie prostych ruchów.;Wdech odbywa siê przez nos, a wydech – przez usta.;Codzienna troska o fizycznoœæ, opieraj¹ca siê na trzech g³ównych filarach: w³aœciwej diecie, odpowiedniej iloœci snu i ruchu.;Tak;-;Zdecydowanie tak;Zdecydowanie tak;Tak;Zdecydowanie tak;5;5;-;-;-;-;10;Nie
12.4.2025 19:47:46;Akceptujê;nauczycielem;21 lat i wiêcej;Szko³a Podstawowa nr 4 im. Miko³aja Kopernika w Pu³awach;Obie odpowiedzi s¹ poprawne.;s¹ normalne i potrzebne, poniewa¿ realizuj¹ szereg wa¿nych funkcji.;Przyjêcie odpowiedniej postawy cia³a lub wykonanie prostych ruchów.;Wdech odbywa siê przez usta, a wydech – przez nos.;Codzienna troska o fizycznoœæ, opieraj¹ca siê na trzech g³ównych filarach: w³aœciwej diecie, odpowiedniej iloœci snu i ruchu.;Tak;;Zdecydowanie tak;Zdecydowanie tak;Tak;Zdecydowanie tak;5;5;wszystkie;...;nie;nie;9;nie
12.4.2025 19:48:21;Akceptujê;nauczycielem;21 lat i wiêcej;Szko³a Podstawowa nr 4 im. Miko³aja Kopernika w Pu³awach;Obie odpowiedzi s¹ poprawne.;s¹ normalne i potrzebne, poniewa¿ realizuj¹ szereg wa¿nych funkcji.;Przyjêcie odpowiedniej postawy cia³a lub wykonanie prostych ruchów.;Wdech odbywa siê przez nos, a wydech – przez usta.;Codzienna troska o fizycznoœæ, opieraj¹ca siê na trzech g³ównych filarach: w³aœciwej diecie, odpowiedniej iloœci snu i ruchu.;Tak;;Raczej tak;Raczej tak;Tak;Raczej tak;4;4;reakcja cia³a na stres;.;.;nie;8;nie
12.4.2025 19:48:22;Akceptujê;nauczycielem;16-20 lat;Szko³a Podstawowa nr 4 im. Miko³aja Kopernika w Pu³awach;Obie odpowiedzi s¹ poprawne.;s¹ normalne i potrzebne, poniewa¿ realizuj¹ szereg wa¿nych funkcji.;Przyjêcie odpowiedniej postawy cia³a lub wykonanie prostych ruchów.;Wdech odbywa siê przez nos, a wydech – przez usta.;Codzienna troska o fizycznoœæ, opieraj¹ca siê na trzech g³ównych filarach: w³aœciwej diecie, odpowiedniej iloœci snu i ruchu.;Tak;;Raczej tak;Raczej tak;Tak;Raczej tak;5;5;æwiczenia;tak;.;.;9;.
12.4.2025 19:48:29;Akceptujê;nauczycielem;6-10 lat;Szko³a Podstawowa nr 4 im. Miko³aja Kopernika w Pu³awach;Obie odpowiedzi s¹ poprawne.;s¹ normalne i potrzebne, poniewa¿ realizuj¹ szereg wa¿nych funkcji.;Przyjêcie odpowiedniej postawy cia³a lub wykonanie prostych ruchów.;Wdech odbywa siê przez nos, a wydech – przez usta.;Codzienna troska o fizycznoœæ, opieraj¹ca siê na trzech g³ównych filarach: w³aœciwej diecie, odpowiedniej iloœci snu i ruchu.;Tak;;Zdecydowanie tak;Zdecydowanie tak;Tak;Zdecydowanie tak;5;5;Æwiczenia oddechowe. Zwrócenie uwagi na siebie i zaopiekowanie w³asnych emocji i potrzeb. Zdanie, ¿e JESTEŒMY LUDMI A NIE ROBOTAMI.;Zwrócenie uwagi na swój dobrostan;Wszystko by³o potrzebne;Moim zdaniem wszystko by³o wa¿ne i potrzebne. niczego nie brakowa³o;10;CUDOWNE! Dawno nie czu³am siê tak zrelaksowana, zaopiekowana i zrozumiana
12.4.2025 19:48:38;Akceptujê;dyrektorem/wicedyrektorem;21 lat i wiêcej;Szko³a Podstawowa nr 4 im. Miko³aja Kopernika w Pu³awach;Obie odpowiedzi s¹ poprawne.;s¹ normalne i potrzebne, poniewa¿ realizuj¹ szereg wa¿nych funkcji.;Przyjêcie odpowiedniej postawy cia³a lub wykonanie prostych ruchów.;Wdech odbywa siê przez nos, a wydech – przez usta.;Codzienna troska o fizycznoœæ, opieraj¹ca siê na trzech g³ównych filarach: w³aœciwej diecie, odpowiedniej iloœci snu i ruchu.;Tak;;Zdecydowanie tak;Zdecydowanie tak;Tak;Zdecydowanie tak;5;5;du¿o nowych treœci, które pomog¹ mi w dbaniu o swój dobrostan;raczej tak;nie;nie;10;nie
12.4.2025 19:48:45;Akceptujê;nauczycielem;6-10 lat;Szko³a Podstawowa nr 4 im. Miko³aja Kopernika w Pu³awach;Obie odpowiedzi s¹ poprawne.;s¹ normalne i potrzebne, poniewa¿ realizuj¹ szereg wa¿nych funkcji.;Przyjêcie odpowiedniej postawy cia³a lub wykonanie prostych ruchów.;Wdech odbywa siê przez nos, a wydech – przez usta.;Codzienna troska o fizycznoœæ, opieraj¹ca siê na trzech g³ównych filarach: w³aœciwej diecie, odpowiedniej iloœci snu i ruchu.;Tak;Wiêcej praktycznych rozwi¹zañ, a mniej teorii;Raczej tak;Raczej tak;Tak;Raczej tak;5;5;Wszystko ju¿ wiedzia³am wczeœniej z poprzedniego szkolenia.;Nie zmieni³o;"Ka¿de szkolenie o dobrostanie jest traktowaniem tematu ""z wierzchu"". Dobrze by³oby zag³êbiæ siê w temat, poniewa¿ obecne czasy sprzyjaj¹ ogromnemu wypaleniu zawodowemu nauczycieli.";Zabrak³o wiêkszej iloœci praktycznych rozwi¹zañ.;10;Bardzo sympatyczna pani prowadz¹ca. Koj¹cy g³os :)
12.4.2025 19:48:57;Akceptujê;pedagogiem;11-15 lat;Szko³a Podstawowa nr 4 im. Miko³aja Kopernika w Pu³awach;Uruchamiaj¹ ca³y zespó³ zmian w ciele, w sposobie myœlenia i zachowaniu cz³owieka.;s¹ normalne i potrzebne, poniewa¿ realizuj¹ szereg wa¿nych funkcji.;Przyjêcie odpowiedniej postawy cia³a lub wykonanie prostych ruchów.;Wdech odbywa siê przez nos, a wydech – przez usta.;Codzienna troska o fizycznoœæ, opieraj¹ca siê na trzech g³ównych filarach: w³aœciwej diecie, odpowiedniej iloœci snu i ruchu.;Tak;;Raczej tak;Raczej tak;Tak;Raczej tak;4;4;Dbanie o swój dobrostan ka¿dego dnia;Trochê tak;nie;nie;7;nie
12.4.2025 19:49:11;Akceptujê;nauczycielem;mniej ni¿ rok;Szko³a Podstawowa nr 4 im. Miko³aja Kopernika w Pu³awach;Obie odpowiedzi s¹ poprawne.;s¹ normalne i potrzebne, poniewa¿ realizuj¹ szereg wa¿nych funkcji.;Przyjêcie odpowiedniej postawy cia³a lub wykonanie prostych ruchów.;Wdech odbywa siê przez nos, a wydech – przez usta.;Codzienna troska o fizycznoœæ, opieraj¹ca siê na trzech g³ównych filarach: w³aœciwej diecie, odpowiedniej iloœci snu i ruchu.;Tak;;Zdecydowanie tak;Zdecydowanie tak;Tak;Zdecydowanie tak;5;5;Wszystkie;Nie;Nie;Nie;10;Nie
12.4.2025 19:49:16;Akceptujê;nauczycielem;16-20 lat;Szko³a Podstawowa nr 4 im. Miko³aja Kopernika w Pu³awach;Obie odpowiedzi s¹ poprawne.;s¹ abstrakcyjnym, metafizycznym doœwiadczeniem.;Przyjêcie odpowiedniej postawy cia³a lub wykonanie prostych ruchów.;Wdech odbywa siê przez nos, a wydech – przez usta.;Codzienna troska o fizycznoœæ, opieraj¹ca siê na trzech g³ównych filarach: w³aœciwej diecie, odpowiedniej iloœci snu i ruchu.;Tak;Nic;Raczej tak;Raczej tak;Tak;Raczej tak;4;4;Wszystkie ;Myœlê ¿e tak;…..;Nie;8;¯adnych 
12.4.2025 19:49:23;Akceptujê;nauczycielem;1-5 lat;Szko³a Podstawowa nr 4 im. Miko³aja Kopernika w Pu³awach;Obie odpowiedzi s¹ poprawne.;s¹ normalne i potrzebne, poniewa¿ realizuj¹ szereg wa¿nych funkcji.;Przyjêcie odpowiedniej postawy cia³a lub wykonanie prostych ruchów.;Wdech odbywa siê przez nos, a wydech – przez usta.;Codzienna troska o fizycznoœæ, opieraj¹ca siê na trzech g³ównych filarach: w³aœciwej diecie, odpowiedniej iloœci snu i ruchu.;Tak;nic;Raczej tak;Raczej tak;Tak;Raczej tak;4;4;Wszystkie informacje by³y bardzo cenne.;Ciekawe informacje zwi¹zane z postaw¹ cia³a - nowe i bardzo cenne.;Nie;nie;8;Brak
12.4.2025 19:49:40;Akceptujê;Nauczycielem wspó³organizuj¹cym ;11-15 lat;Szko³a Podstawowa nr 4 im. Miko³aja Kopernika w Pu³awach;Obie odpowiedzi s¹ poprawne.;s¹ normalne i potrzebne, poniewa¿ realizuj¹ szereg wa¿nych funkcji.;Przyjêcie odpowiedniej postawy cia³a lub wykonanie prostych ruchów.;Wdech i wydech odbywaj¹ siê przez nos.;Codzienna troska o fizycznoœæ, opieraj¹ca siê na trzech g³ównych filarach: w³aœciwej diecie, odpowiedniej iloœci snu i ruchu.;Tak;;Zdecydowanie tak;Zdecydowanie tak;Tak;Zdecydowanie tak;5;5;Wszystkie :);Raczej mia³am œwiadomoœæ tego o czym Pani mówi.;-;Nie;10;Nie
12.4.2025 19:50:12;Akceptujê;psychologiem;1-5 lat;Szko³a Podstawowa nr 4 im. Miko³aja Kopernika w Pu³awach;Obie odpowiedzi s¹ poprawne.;s¹ normalne i potrzebne, poniewa¿ realizuj¹ szereg wa¿nych funkcji.;Przyjêcie odpowiedniej postawy cia³a lub wykonanie prostych ruchów.;Wdech odbywa siê przez nos, a wydech – przez usta.;Codzienna troska o fizycznoœæ, opieraj¹ca siê na trzech g³ównych filarach: w³aœciwej diecie, odpowiedniej iloœci snu i ruchu.;Tak;-;Zdecydowanie tak;Zdecydowanie tak;Tak;Zdecydowanie tak;5;5;techniki samoregulacji ;wzmocni³o pozytywne ;nie zauwa¿y³am zbêdnych ;jw;10;dziêkujê 
12.4.2025 19:50:50;Akceptujê;nauczycielem;6-10 lat;Szko³a Podstawowa nr 4 im. Miko³aja Kopernika w Pu³awach;Obie odpowiedzi s¹ poprawne.;s¹ normalne i potrzebne, poniewa¿ realizuj¹ szereg wa¿nych funkcji.;Przyjêcie odpowiedniej postawy cia³a lub wykonanie prostych ruchów.;Wdech odbywa siê przez nos, a wydech – przez usta.;Optymistyczne nastawienie do codziennoœci i koncentrowanie siê na pozytywnych aspektach w³asnego ¿ycia.;Tak;;Zdecydowanie tak;Raczej tak;Tak;Raczej tak;5;5;-;-;-;tak;9;-
12.4.2025 19:50:52;Akceptujê;nauczycielem;21 lat i wiêcej;Szko³a Podstawowa nr 4 im. Miko³aja Kopernika w Pu³awach;Obie odpowiedzi s¹ poprawne.;mo¿na podzieliæ na dobre (pozytywne) i z³e (negatywne).;Przyjêcie odpowiedniej postawy cia³a lub wykonanie prostych ruchów.;Wdech odbywa siê przez nos, a wydech – przez usta.;Codzienna troska o fizycznoœæ, opieraj¹ca siê na trzech g³ównych filarach: w³aœciwej diecie, odpowiedniej iloœci snu i ruchu.;Tak;;Raczej tak;Raczej tak;Tak;Raczej tak;3;3;Przydatne.;Przypomnia³am sobie o oddychaniu.;Same æwiczenia - krótszy czas szkolenia.;Nie wiem.;6;Nie.
12.17.2025 18:05:13;Akceptujê;psychologiem;11-15 lat;Szko³a Podstawowa im. Tadeusza Koœciuszki w Czernichowie;Obie odpowiedzi s¹ poprawne.;s¹ normalne i potrzebne, poniewa¿ realizuj¹ szereg wa¿nych funkcji.;Przyjêcie odpowiedniej postawy cia³a lub wykonanie prostych ruchów.;Wdech odbywa siê przez nos, a wydech – przez usta.;Codzienna troska o fizycznoœæ, opieraj¹ca siê na trzech g³ównych filarach: w³aœciwej diecie, odpowiedniej iloœci snu i ruchu.;Tak;;Zdecydowanie tak;Zdecydowanie tak;Tak;Zdecydowanie tak;4;4;Postawa cia³a;Mikro nawyki;Nie ma takich;Nie;9;Nie mam
12.17.2025 18:06:33;Akceptujê;nauczycielem;16-20 lat;Uniwersyteckie Liceum Ogólnokszta³c¹ce z Oddzia³ami Dwujêzycznymi im. Paw³a Adamowicza w Gdañsku;Obie odpowiedzi s¹ poprawne.;s¹ normalne i potrzebne, poniewa¿ realizuj¹ szereg wa¿nych funkcji.;Przyjêcie odpowiedniej postawy cia³a lub wykonanie prostych ruchów.;Wdech odbywa siê przez nos, a wydech – przez usta.;¯adna z powy¿szych.;Tak;;Zdecydowanie tak;Zdecydowanie tak;Tak;Zdecydowanie tak;5;5;Æwiczenia praktyczne pozwol¹ mi zadbaæ o emocje moje i uczniów;Tak, jak radziæ sobie z emocjami;Nie;Nie;10;Nie
12.17.2025 18:06:44;Akceptujê;nauczycielem;21 lat i wiêcej;Uniwersyteckie Liceum Ogólnokszta³c¹ce z Oddzia³ami Dwujêzycznymi im. Paw³a Adamowicza w Gdañsku;Obie odpowiedzi s¹ poprawne.;s¹ normalne i potrzebne, poniewa¿ realizuj¹ szereg wa¿nych funkcji.;Przyjêcie odpowiedniej postawy cia³a lub wykonanie prostych ruchów.;Wdech odbywa siê przez nos, a wydech – przez usta.;Codzienna troska o fizycznoœæ, opieraj¹ca siê na trzech g³ównych filarach: w³aœciwej diecie, odpowiedniej iloœci snu i ruchu.;Tak;;Zdecydowanie tak;Raczej tak;Tak;Raczej tak;5;3;Kwestie prawid³owego oddechu. ;Nie, wiedzia³am o tych rzeczach ju¿ wczeœniej. ;Nie zwróci³am na to uwagi. ;Nie s¹dzê ;8;Nie. 
12.17.2025 18:06:53;Akceptujê;nauczycielem;6-10 lat;Uniwersyteckie Liceum Ogólnokszta³c¹ce z Oddzia³ami Dwujêzycznymi im. Paw³a Adamowicza w Gdañsku;Obie odpowiedzi s¹ poprawne.;s¹ normalne i potrzebne, poniewa¿ realizuj¹ szereg wa¿nych funkcji.;Przyjêcie odpowiedniej postawy cia³a lub wykonanie prostych ruchów.;Wdech odbywa siê przez nos, a wydech – przez usta.;Codzienna troska o fizycznoœæ, opieraj¹ca siê na trzech g³ównych filarach: w³aœciwej diecie, odpowiedniej iloœci snu i ruchu.;Tak;;Zdecydowanie tak;Zdecydowanie tak;Tak;Raczej tak;4;5;jeszcze nie wiem;raczej nie;za d³ugie æwiczenia oddechowe;ciê¿ko powiedzieæ;8;za d³ugie szkolenie, znów bêdê spaæ 4-5 godzin i mój dobrostan szlag trafi
12.17.2025 18:07:01;Akceptujê;nauczycielem;21 lat i wiêcej;Uniwersyteckie Liceum Ogólnokszta³c¹ce z Oddzia³ami Dwujêzycznymi im. Paw³a Adamowicza w Gdañsku;Obie odpowiedzi s¹ poprawne.;s¹ normalne i potrzebne, poniewa¿ realizuj¹ szereg wa¿nych funkcji.;Przyjêcie odpowiedniej postawy cia³a lub wykonanie prostych ruchów.;Wdech i wydech odbywaj¹ siê przez nos.;Codzienna troska o fizycznoœæ, opieraj¹ca siê na trzech g³ównych filarach: w³aœciwej diecie, odpowiedniej iloœci snu i ruchu.;Tak;;Zdecydowanie tak;Raczej nie;Tak;Raczej nie;3;3;Oddech;Nie;Po prostu uczestniczy³am ju¿ w szkoleniach dotycz¹cych podobnych treœci;Nie;5;Nie
12.17.2025 18:08:05;Akceptujê;psychologiem;6-10 lat;Uniwersyteckie Liceum Ogólnokszta³c¹ce z Oddzia³ami Dwujêzycznymi im. Paw³a Adamowicza w Gdañsku;Obie odpowiedzi s¹ poprawne.;s¹ normalne i potrzebne, poniewa¿ realizuj¹ szereg wa¿nych funkcji.;Przyjêcie odpowiedniej postawy cia³a lub wykonanie prostych ruchów.;Wdech odbywa siê przez nos, a wydech – przez usta.;Codzienna troska o fizycznoœæ, opieraj¹ca siê na trzech g³ównych filarach: w³aœciwej diecie, odpowiedniej iloœci snu i ruchu.;Tak;;Zdecydowanie tak;Zdecydowanie tak;Tak;Zdecydowanie tak;5;5;Praktyka!;Nie zmieni³o, ale bardzo warto sobie przypominaæ!;Nie;Nie!;10;Bardzo dziêkujê, treœci by³y bardzo potrzebne, a prowadz¹ca wspania³a. Cudownie koj¹cy g³os, du¿o empatii i podpowiedzi
12.17.2025 18:08:24;Akceptujê;nauczycielem;11-15 lat;Uniwersyteckie Liceum Ogólnokszta³c¹ce z Oddzia³ami Dwujêzycznymi im. Paw³a Adamowicza w Gdañsku;Obie odpowiedzi s¹ poprawne.;s¹ normalne i potrzebne, poniewa¿ realizuj¹ szereg wa¿nych funkcji.;Przyjêcie odpowiedniej postawy cia³a lub wykonanie prostych ruchów.;Wdech odbywa siê przez nos, a wydech – przez usta.;Codzienna troska o fizycznoœæ, opieraj¹ca siê na trzech g³ównych filarach: w³aœciwej diecie, odpowiedniej iloœci snu i ruchu.;Tak;;Zdecydowanie tak;Raczej nie;Tak;Raczej nie;3;3;Z racji tego, ¿e wczeœniej wiedzia³em ju¿ du¿o o mindfullness i omawianych technikach, nie pozna³em zbyt wielu nowych treœci.;Nie;Prawdê mówi¹c, w perspektywie tematyki wiêkszoœæ omawianych treœci wydawa³a mi siê nieadekwatna. Dobrostan nauczycieli nie opiera siê na radzeniu sobie z atakami paniki czy nadmiarem negatywnych emocji - przy ca³ej sympatii dla Pani prowadz¹cej szkolenie, oraz dla osób je przygotowuj¹cych, to by³o po prostu nieadekwatne. ;"W ogóle nie by³ poruszony temat relacji pracowniczych - ca³ego kontekstu zale¿noœci od dyrektora i relacji wzglêdem prze³o¿onych, ktore czêsto jest Ÿród³em zaburzeñ dobrostanu. Podobnie nie zosta³ omowiony temat relacji miêdzy nauczycielami - œrodowisko nauczycielskie pe³ne jest wewnêtrznych problemów i konfliktów, odniesienie siê do tego mia³oby wielk¹ wartoœæ praktyczn¹.

Dla mnie ca³oœæ szkolenia by³a poœwiêcona wy³¹cznie zarz¹dzaniu emocjami, co jest u³amkiem tematyki dobrostanu. Przy takiej treœci i planie nale¿a³oby mu moim zdaniem daæ inny tytu³.";5;Nie
12.17.2025 18:09:23;Akceptujê;nauczycielem;21 lat i wiêcej;Uniwersyteckie Liceum Ogólnokszta³c¹ce z Oddzia³ami Dwujêzycznymi im. Paw³a Adamowicza w Gdañsku;Obie odpowiedzi s¹ poprawne.;s¹ normalne i potrzebne, poniewa¿ realizuj¹ szereg wa¿nych funkcji.;Przyjêcie odpowiedniej postawy cia³a lub wykonanie prostych ruchów.;Wdech odbywa siê przez nos, a wydech – przez usta.;Codzienna troska o fizycznoœæ, opieraj¹ca siê na trzech g³ównych filarach: w³aœciwej diecie, odpowiedniej iloœci snu i ruchu.;Tak;;Zdecydowanie tak;Raczej tak;Tak;Zdecydowanie tak;3;3;mój dobrostan przek³ada siê na dobrostan innych;myœlenie o odczuciach;Æwiczenia oddechowe, bo znam;Nie;9;Jestem bardzo dynamiczna, wiêc tempo wypowiedzi, choæ zapewne pomyœlane jako relaksuj¹ce, mnie irytowa³o
12.17.2025 18:10:04;Akceptujê;dyrektorem/wicedyrektorem;6-10 lat;Uniwersyteckie Liceum Ogólnokszta³c¹ce z Oddzia³ami Dwujêzycznymi im. Paw³a Adamowicza w Gdañsku;Obie odpowiedzi s¹ poprawne.;s¹ normalne i potrzebne, poniewa¿ realizuj¹ szereg wa¿nych funkcji.;Przyjêcie odpowiedniej postawy cia³a lub wykonanie prostych ruchów.;Wdech odbywa siê przez nos, a wydech – przez usta.;Optymistyczne nastawienie do codziennoœci i koncentrowanie siê na pozytywnych aspektach w³asnego ¿ycia.;Tak;;Zdecydowanie tak;Zdecydowanie tak;Tak;Zdecydowanie tak;5;5;Dzisiaj szczególnie konkretne przyk³ady metod ze szczegó³owym opisem.;Jak wa¿ne jest poradzenie sobie z emocjami jak najszybciej, ¿eby nie wp³ynê³y na nasz stan i zachowanie.;Nie ;Nie;10;Brak uwag 
12.17.2025 18:13:25;Akceptujê;nauczycielem;21 lat i wiêcej;Uniwersyteckie Liceum Ogólnokszta³c¹ce z Oddzia³ami Dwujêzycznymi im. Paw³a Adamowicza w Gdañsku;Obie odpowiedzi s¹ poprawne.;s¹ normalne i potrzebne, poniewa¿ realizuj¹ szereg wa¿nych funkcji.;Przyjêcie odpowiedniej postawy cia³a lub wykonanie prostych ruchów.;Wdech odbywa siê przez nos, a wydech – przez usta.;Codzienna troska o fizycznoœæ, opieraj¹ca siê na trzech g³ównych filarach: w³aœciwej diecie, odpowiedniej iloœci snu i ruchu.;Tak;;Zdecydowanie tak;Zdecydowanie tak;Tak;Zdecydowanie tak;5;5;Æwiczenia praktyczne na wyciszenie ;Tak. Muszê zwolniæ tempo;Brak;Nie;10;Nie. Dziêkujê bardzo 
12.17.2025 18:14:11;Akceptujê;nauczycielem;1-5 lat;Uniwersyteckie Liceum Ogólnokszta³c¹ce z Oddzia³ami Dwujêzycznymi im. Paw³a Adamowicza w Gdañsku;Obie odpowiedzi s¹ poprawne.;s¹ normalne i potrzebne, poniewa¿ realizuj¹ szereg wa¿nych funkcji.;Przyjêcie odpowiedniej postawy cia³a lub wykonanie prostych ruchów.;Wdech odbywa siê przez nos, a wydech – przez usta.;Optymistyczne nastawienie do codziennoœci i koncentrowanie siê na pozytywnych aspektach w³asnego ¿ycia.;Tak;;Zdecydowanie tak;Zdecydowanie tak;Tak;Raczej tak;4;4;Æwiczenia oddechowe;Tak o sposobach relaksacji i pozycjach rozluŸniaj¹cych cia³o ;Nie;Nie;10;Nie
12.17.2025 18:15:06;Akceptujê;nauczycielem;1-5 lat;Uniwersyteckie Liceum Ogólnokszta³c¹ce z Oddzia³ami Dwujêzycznymi im. Paw³a Adamowicza w Gdañsku;Obie odpowiedzi s¹ poprawne.;mo¿na podzieliæ na dobre (pozytywne) i z³e (negatywne).;Przyjêcie odpowiedniej postawy cia³a lub wykonanie prostych ruchów.;Wdech odbywa siê przez nos, a wydech – przez usta.;Codzienna troska o fizycznoœæ, opieraj¹ca siê na trzech g³ównych filarach: w³aœciwej diecie, odpowiedniej iloœci snu i ruchu.;Tak;;Zdecydowanie tak;Zdecydowanie tak;Tak;Zdecydowanie tak;5;5;-;-;-;-;10;-
12.17.2025 18:24:48;Akceptujê;nauczycielem;11-15 lat;Uniwersyteckie Liceum Ogólnokszta³c¹ce z Oddzia³ami Dwujêzycznymi im. Paw³a Adamowicza w Gdañsku;Obie odpowiedzi s¹ poprawne.;s¹ normalne i potrzebne, poniewa¿ realizuj¹ szereg wa¿nych funkcji.;Przyjêcie odpowiedniej postawy cia³a lub wykonanie prostych ruchów.;Wdech odbywa siê przez nos, a wydech – przez usta.;Codzienna troska o fizycznoœæ, opieraj¹ca siê na trzech g³ównych filarach: w³aœciwej diecie, odpowiedniej iloœci snu i ruchu.;Tak;;Raczej tak;Raczej tak;Tak;Raczej tak;4;4;Techniki relaksacyjne na obni¿enie stresu. Dziêki nim pozna³em sposoby na obni¿enie poziomu stresu w codziennym ¿yciu. ;Nie trzeba baæ siê trudnych emocji zwi¹zanych z zawodem nauczyciela. Trzeba je nazwaæ, a potem wyciszyæ. ;Takich treœci nie by³o zbyt du¿o. Myœlê, ¿e spotkanie mog³o siê obyæ bez æwiczeñ typu: jakim rodzajem wody jesteœ (wartki strumieñ, cicha rzeka). ;Wiêcej informacji o przejawach wypalenia zawodowego.;8;Szkolenie by³o interesuj¹ce. Mo¿na by³o poznaæ ciekawe techniki relaksacyjne. Powinno byæ trochê wiêcej informacji o wypaleniu zawodowym.
1.8.2026 18:10:09;Akceptujê;nauczycielem;1-5 lat;Publiczne Liceum Ogólnokszta³c¹ce Nr VIII im. Aleksandra Kamiñskiego w Opolu;Obie odpowiedzi s¹ poprawne.;s¹ normalne i potrzebne, poniewa¿ realizuj¹ szereg wa¿nych funkcji.;Przyjêcie odpowiedniej postawy cia³a lub wykonanie prostych ruchów.;Wdech odbywa siê przez nos, a wydech – przez usta.;Codzienna troska o fizycznoœæ, opieraj¹ca siê na trzech g³ównych filarach: w³aœciwej diecie, odpowiedniej iloœci snu i ruchu.;Tak;;Zdecydowanie tak;Zdecydowanie tak;Tak;Raczej tak;4;4;Æwiczenia oddechowe ;Wiêkszoœæ rzeczy na spotkaniu by³a mi znana;Nie;Nie;8;Nie
1.8.2026 18:10:44;Akceptujê;nauczycielem;21 lat i wiêcej;Publiczne Liceum Ogólnokszta³c¹ce Nr VIII im. Aleksandra Kamiñskiego w Opolu;Uruchamiaj¹ ca³y zespó³ zmian w ciele, w sposobie myœlenia i zachowaniu cz³owieka.;mo¿na podzieliæ na dobre (pozytywne) i z³e (negatywne).;Przyjêcie odpowiedniej postawy cia³a lub wykonanie prostych ruchów.;Wdech odbywa siê przez nos, a wydech – przez usta.;Codzienna troska o fizycznoœæ, opieraj¹ca siê na trzech g³ównych filarach: w³aœciwej diecie, odpowiedniej iloœci snu i ruchu.;Tak;;Zdecydowanie tak;Zdecydowanie tak;Tak;Raczej tak;4;4;Praktyczne æwiczenia ;Tak;Nie;Bezpoœredniego spotkania;10;Brak
1.8.2026 18:11:27;Akceptujê;nauczycielem;11-15 lat;Publiczne Liceum Ogólnokszta³c¹ce Nr VIII im. Aleksandra Kamiñskiego w Opolu;To reakcje, które pojawiaj¹ siê w odpowiedzi na subiektywnie wa¿n¹ dla danej osoby sytuacjê.;s¹ normalne i potrzebne, poniewa¿ realizuj¹ szereg wa¿nych funkcji.;Przyjêcie odpowiedniej postawy cia³a lub wykonanie prostych ruchów.;Wdech odbywa siê przez nos, a wydech – przez usta.;Codzienna troska o fizycznoœæ, opieraj¹ca siê na trzech g³ównych filarach: w³aœciwej diecie, odpowiedniej iloœci snu i ruchu.;Tak;;Zdecydowanie tak;Zdecydowanie tak;Tak;Zdecydowanie tak;5;5;Zainteresowa³a mnie sekwencja TIPP;Tak, muszê przemyœleæ, jak moje cia³o reaguje na emocje i jak mogê na tym pracowaæ.;Wed³ug mnie w szkoleniu nie znalaz³y siê zbêdne elementy.;Nie;9;Nie
1.8.2026 18:12:32;Akceptujê;dyrektorem/wicedyrektorem;21 lat i wiêcej;Publiczne Liceum Ogólnokszta³c¹ce Nr VIII im. Aleksandra Kamiñskiego w Opolu;Obie odpowiedzi s¹ poprawne.;s¹ normalne i potrzebne, poniewa¿ realizuj¹ szereg wa¿nych funkcji.;Przyjêcie odpowiedniej postawy cia³a lub wykonanie prostych ruchów.;Wdech odbywa siê przez nos, a wydech – przez usta.;Codzienna troska o fizycznoœæ, opieraj¹ca siê na trzech g³ównych filarach: w³aœciwej diecie, odpowiedniej iloœci snu i ruchu.;Tak;;Zdecydowanie tak;Zdecydowanie tak;Tak;Zdecydowanie tak;4;4;Æwiczenia relaksacyjne ;To, ¿e emocje najlepiej wyciszaæ ruchem i oddechem;Nie;Nie;10;Nie
1.8.2026 18:12:35;Akceptujê;nauczycielem;1-5 lat;Publiczne Liceum Ogólnokszta³c¹ce Nr VIII im. Aleksandra Kamiñskiego w Opolu;Obie odpowiedzi s¹ poprawne.;s¹ normalne i potrzebne, poniewa¿ realizuj¹ szereg wa¿nych funkcji.;Przyjêcie odpowiedniej postawy cia³a lub wykonanie prostych ruchów.;Wdech odbywa siê przez nos, a wydech – przez usta.;Codzienna troska o fizycznoœæ, opieraj¹ca siê na trzech g³ównych filarach: w³aœciwej diecie, odpowiedniej iloœci snu i ruchu.;Tak;;Zdecydowanie tak;Zdecydowanie tak;Tak;Raczej tak;3;3;Techniki relaksacji ;Nie;Nie;Brak;8;Nie
1.8.2026 18:14:01;Akceptujê;pedagogiem;21 lat i wiêcej;Publiczne Liceum Ogólnokszta³c¹ce Nr VIII im. Aleksandra Kamiñskiego w Opolu;Obie odpowiedzi s¹ poprawne.;s¹ normalne i potrzebne, poniewa¿ realizuj¹ szereg wa¿nych funkcji.;Przyjêcie odpowiedniej postawy cia³a lub wykonanie prostych ruchów.;Wdech odbywa siê przez nos, a wydech – przez usta.;Codzienna troska o fizycznoœæ, opieraj¹ca siê na trzech g³ównych filarach: w³aœciwej diecie, odpowiedniej iloœci snu i ruchu.;Tak;;Zdecydowanie tak;Zdecydowanie tak;Tak;Zdecydowanie tak;5;5;"aplikacja ""nie panikuj""";nie;wszystko by³o potrzebne;nie;10;bardzo dziêkujê za szkolenie
1.8.2026 18:14:22;Akceptujê;nauczycielem;21 lat i wiêcej;Publiczne Liceum Ogólnokszta³c¹ce Nr VIII im. Aleksandra Kamiñskiego w Opolu;To reakcje, które pojawiaj¹ siê w odpowiedzi na subiektywnie wa¿n¹ dla danej osoby sytuacjê.;s¹ normalne i potrzebne, poniewa¿ realizuj¹ szereg wa¿nych funkcji.;Przyjêcie odpowiedniej postawy cia³a lub wykonanie prostych ruchów.;Wdech odbywa siê przez nos, a wydech – przez usta.;Codzienna troska o fizycznoœæ, opieraj¹ca siê na trzech g³ównych filarach: w³aœciwej diecie, odpowiedniej iloœci snu i ruchu.;Tak;;Zdecydowanie tak;Zdecydowanie tak;Tak;Zdecydowanie tak;4;4;æwiczenia;tak;nie;nie;8;nie
1.8.2026 18:14:32;Akceptujê;dyrektorem/wicedyrektorem;11-15 lat;Publiczne Liceum Ogólnokszta³c¹ce Nr VIII im. Aleksandra Kamiñskiego w Opolu;Uruchamiaj¹ ca³y zespó³ zmian w ciele, w sposobie myœlenia i zachowaniu cz³owieka.;s¹ normalne i potrzebne, poniewa¿ realizuj¹ szereg wa¿nych funkcji.;Przyjêcie odpowiedniej postawy cia³a lub wykonanie prostych ruchów.;Wdech odbywa siê przez nos, a wydech – przez usta.;Codzienna troska o fizycznoœæ, opieraj¹ca siê na trzech g³ównych filarach: w³aœciwej diecie, odpowiedniej iloœci snu i ruchu.;Tak;;Zdecydowanie tak;Zdecydowanie tak;Tak;Zdecydowanie tak;5;5;æwiczenia oddechowe i aplikacja pomagaj¹ca radziæ sobie podczas ataków paniki;"tak: stale podgrzewane doprowadzaj¹ do ""wrzenia"" i nale¿y ""uchyliæ pokrywkê"", aby je uspokoiæ  - bardzo obrazowe i trafne porównanie ;)";nie;nie;10;Dziêkujê :)
1.8.2026 18:19:17;Akceptujê;nauczycielem;21 lat i wiêcej;Publiczne Liceum Ogólnokszta³c¹ce Nr VIII im. Aleksandra Kamiñskiego w Opolu;Obie odpowiedzi s¹ poprawne.;s¹ normalne i potrzebne, poniewa¿ realizuj¹ szereg wa¿nych funkcji.;Przyjêcie odpowiedniej postawy cia³a lub wykonanie prostych ruchów.;Wdech odbywa siê przez nos, a wydech – przez usta.;Codzienna troska o fizycznoœæ, opieraj¹ca siê na trzech g³ównych filarach: w³aœciwej diecie, odpowiedniej iloœci snu i ruchu.;Tak;;Zdecydowanie tak;Zdecydowanie tak;Tak;Raczej tak;5;5;wskazówki praktyczne;Na pewno pozwoli³o uporz¹dkowaæ posiadan¹ wiedzê.;nie by³o takich treœci;trudno powiedzieæ;10;-
1.8.2026 18:21:34;Akceptujê;nauczycielem;11-15 lat;Publiczne Liceum Ogólnokszta³c¹ce Nr VIII im. Aleksandra Kamiñskiego w Opolu;Obie odpowiedzi s¹ poprawne.;s¹ normalne i potrzebne, poniewa¿ realizuj¹ szereg wa¿nych funkcji.;Przyjêcie odpowiedniej postawy cia³a lub wykonanie prostych ruchów.;Wdech odbywa siê przez nos, a wydech – przez usta.;Codzienna troska o fizycznoœæ, opieraj¹ca siê na trzech g³ównych filarach: w³aœciwej diecie, odpowiedniej iloœci snu i ruchu.;Tak;;Zdecydowanie tak;Zdecydowanie tak;Tak;Zdecydowanie tak;5;5;Jak znosiæ lub uspokoiæ emocje;¯e nic zewnêtrznego nie powoduje odczuwania emocji, tylko ja sam o tym decydujê;Nie;Nie;10;Nic do dodania
