Sygnatura czasowa;Polityka RODO: ;Jestem: ;Sta¿ pracy: ;Szko³a:;Co jest prawd¹ o emocjach?;Z psychologicznego punktu widzenia emocje:;Co mo¿e pomóc w KONSTRUKTYWNYM ukojeniu nieprzyjemnych emocji? ;Jak wykonuje siê poprawny oddech przeponowy?;Co jest sposobem na zmniejszenie podatnoœci na odczuwanie nieprzyjemnych stanów emocjonalnych?
4.7.2025 15:14:59;Akceptujê;pedagogiem;16-20 lat;Zespó³ Szkó³ Budowlano-Technicznych w Stargardzie;Obie odpowiedzi s¹ poprawne.;s¹ normalne i potrzebne, poniewa¿ realizuj¹ szereg wa¿nych funkcji.;Przyjêcie odpowiedniej postawy cia³a lub wykonanie prostych ruchów.;Wdech odbywa siê przez nos, a wydech – przez usta.;¯adna z powy¿szych.
4.7.2025 15:15:05;Akceptujê;nauczycielem;16-20 lat;Zespó³ Szkó³ Budowlano-Technicznych w Stargardzie;Obie odpowiedzi s¹ poprawne.;s¹ normalne i potrzebne, poniewa¿ realizuj¹ szereg wa¿nych funkcji.;Przyjêcie odpowiedniej postawy cia³a lub wykonanie prostych ruchów.;Wdech odbywa siê przez nos, a wydech – przez usta.;Codzienna troska o fizycznoœæ, opieraj¹ca siê na trzech g³ównych filarach: w³aœciwej diecie, odpowiedniej iloœci snu i ruchu.
4.7.2025 15:15:22;Akceptujê;nauczycielem;21 lat i wiêcej;Zespó³ Szkó³ Budowlano-Technicznych w Stargardzie;Obie odpowiedzi s¹ poprawne.;s¹ normalne i potrzebne, poniewa¿ realizuj¹ szereg wa¿nych funkcji.;Przyjêcie odpowiedniej postawy cia³a lub wykonanie prostych ruchów.;Wdech odbywa siê przez nos, a wydech – przez usta.;Codzienna troska o fizycznoœæ, opieraj¹ca siê na trzech g³ównych filarach: w³aœciwej diecie, odpowiedniej iloœci snu i ruchu.
4.7.2025 15:15:27;Akceptujê;nauczycielem;21 lat i wiêcej;Zespó³ Szkó³ Budowlano-Technicznych w Stargardzie;Uruchamiaj¹ ca³y zespó³ zmian w ciele, w sposobie myœlenia i zachowaniu cz³owieka.;mo¿na podzieliæ na dobre (pozytywne) i z³e (negatywne).;Zjedzenie czegoœ s³odkiego.;Wdech odbywa siê przez nos, a wydech – przez usta.;Optymistyczne nastawienie do codziennoœci i koncentrowanie siê na pozytywnych aspektach w³asnego ¿ycia.
4.7.2025 15:15:40;Akceptujê;nauczycielem;21 lat i wiêcej;Zespó³ Szkó³ Budowlano-Technicznych w Stargardzie;To reakcje, które pojawiaj¹ siê w odpowiedzi na subiektywnie wa¿n¹ dla danej osoby sytuacjê.;mo¿na podzieliæ na dobre (pozytywne) i z³e (negatywne).;Przyjêcie odpowiedniej postawy cia³a lub wykonanie prostych ruchów.;Wdech odbywa siê przez nos, a wydech – przez usta.;Codzienna troska o fizycznoœæ, opieraj¹ca siê na trzech g³ównych filarach: w³aœciwej diecie, odpowiedniej iloœci snu i ruchu.
4.7.2025 15:15:57;Akceptujê;nauczycielem;21 lat i wiêcej;Zespó³ Szkó³ Budowlano-Technicznych w Stargardzie;To reakcje, które pojawiaj¹ siê w odpowiedzi na subiektywnie wa¿n¹ dla danej osoby sytuacjê.;mo¿na podzieliæ na dobre (pozytywne) i z³e (negatywne).;Przyjêcie odpowiedniej postawy cia³a lub wykonanie prostych ruchów.;Wdech odbywa siê przez nos, a wydech – przez usta.;Optymistyczne nastawienie do codziennoœci i koncentrowanie siê na pozytywnych aspektach w³asnego ¿ycia.
4.7.2025 15:16:10;Akceptujê;nauczycielem;21 lat i wiêcej;Zespó³ Szkó³ Budowlano-Technicznych w Stargardzie;Obie odpowiedzi s¹ poprawne.;s¹ normalne i potrzebne, poniewa¿ realizuj¹ szereg wa¿nych funkcji.;Przyjêcie odpowiedniej postawy cia³a lub wykonanie prostych ruchów.;Wdech odbywa siê przez nos, a wydech – przez usta.;¯adna z powy¿szych.
4.7.2025 15:16:13;Akceptujê;nauczycielem;6-10 lat;Zespó³ Szkó³ Budowlano-Technicznych w Stargardzie;Uruchamiaj¹ ca³y zespó³ zmian w ciele, w sposobie myœlenia i zachowaniu cz³owieka.;s¹ normalne i potrzebne, poniewa¿ realizuj¹ szereg wa¿nych funkcji.;Przyjêcie odpowiedniej postawy cia³a lub wykonanie prostych ruchów.;Wdech odbywa siê przez nos, a wydech – przez usta.;Codzienna troska o fizycznoœæ, opieraj¹ca siê na trzech g³ównych filarach: w³aœciwej diecie, odpowiedniej iloœci snu i ruchu.
4.7.2025 15:16:18;Akceptujê;nauczycielem;21 lat i wiêcej;Zespó³ Szkó³ Budowlano-Technicznych w Stargardzie;Obie odpowiedzi s¹ poprawne.;mo¿na podzieliæ na dobre (pozytywne) i z³e (negatywne).;Przyjêcie odpowiedniej postawy cia³a lub wykonanie prostych ruchów.;Wdech odbywa siê przez nos, a wydech – przez usta.;Optymistyczne nastawienie do codziennoœci i koncentrowanie siê na pozytywnych aspektach w³asnego ¿ycia.
4.7.2025 15:16:19;Akceptujê;nauczycielem;21 lat i wiêcej;Zespó³ Szkó³ Budowlano-Technicznych w Stargardzie;Obie odpowiedzi s¹ poprawne.;mo¿na podzieliæ na dobre (pozytywne) i z³e (negatywne).;Przyjêcie odpowiedniej postawy cia³a lub wykonanie prostych ruchów.;Wdech odbywa siê przez nos, a wydech – przez usta.;Codzienna troska o fizycznoœæ, opieraj¹ca siê na trzech g³ównych filarach: w³aœciwej diecie, odpowiedniej iloœci snu i ruchu.
4.7.2025 15:16:24;Akceptujê;psychologiem;11-15 lat;Zespó³ Szkó³ Budowlano-Technicznych w Stargardzie;Obie odpowiedzi s¹ poprawne.;s¹ normalne i potrzebne, poniewa¿ realizuj¹ szereg wa¿nych funkcji.;Przyjêcie odpowiedniej postawy cia³a lub wykonanie prostych ruchów.;Wdech odbywa siê przez nos, a wydech – przez usta.;Codzienna troska o fizycznoœæ, opieraj¹ca siê na trzech g³ównych filarach: w³aœciwej diecie, odpowiedniej iloœci snu i ruchu.
4.7.2025 15:16:32;Akceptujê;nauczycielem;1-5 lat;Zespó³ Szkó³ Budowlano-Technicznych w Stargardzie;To reakcje, które pojawiaj¹ siê w odpowiedzi na subiektywnie wa¿n¹ dla danej osoby sytuacjê.;s¹ normalne i potrzebne, poniewa¿ realizuj¹ szereg wa¿nych funkcji.;Nie wiem;Nie wiem;Optymistyczne nastawienie do codziennoœci i koncentrowanie siê na pozytywnych aspektach w³asnego ¿ycia.
4.7.2025 15:16:45;Akceptujê;Doradca zawodowy;1-5 lat;Zespó³ Szkó³ Budowlano-Technicznych w Stargardzie;Obie odpowiedzi s¹ poprawne.;s¹ normalne i potrzebne, poniewa¿ realizuj¹ szereg wa¿nych funkcji.;Przyjêcie odpowiedniej postawy cia³a lub wykonanie prostych ruchów.;Wdech odbywa siê przez nos, a wydech – przez usta.;Optymistyczne nastawienie do codziennoœci i koncentrowanie siê na pozytywnych aspektach w³asnego ¿ycia.
4.7.2025 15:17:10;Akceptujê;pedagogiem;21 lat i wiêcej;Zespó³ Szkó³ Budowlano-Technicznych w Stargardzie;Obie odpowiedzi s¹ poprawne.;s¹ normalne i potrzebne, poniewa¿ realizuj¹ szereg wa¿nych funkcji.;Przyjêcie odpowiedniej postawy cia³a lub wykonanie prostych ruchów.;Wdech odbywa siê przez nos, a wydech – przez usta.;Codzienna troska o fizycznoœæ, opieraj¹ca siê na trzech g³ównych filarach: w³aœciwej diecie, odpowiedniej iloœci snu i ruchu.
4.7.2025 15:17:21;Akceptujê;nauczycielem;21 lat i wiêcej;Zespó³ Szkó³ Budowlano-Technicznych w Stargardzie;Obie odpowiedzi s¹ poprawne.;mo¿na podzieliæ na dobre (pozytywne) i z³e (negatywne).;Przyjêcie odpowiedniej postawy cia³a lub wykonanie prostych ruchów.;Wdech odbywa siê przez nos, a wydech – przez usta.;Codzienna troska o fizycznoœæ, opieraj¹ca siê na trzech g³ównych filarach: w³aœciwej diecie, odpowiedniej iloœci snu i ruchu.
4.7.2025 15:18:40;Akceptujê;nauczycielem;21 lat i wiêcej;Zespó³ Szkó³ Budowlano-Technicznych w Stargardzie;To reakcje, które pojawiaj¹ siê w odpowiedzi na subiektywnie wa¿n¹ dla danej osoby sytuacjê.;mo¿na podzieliæ na dobre (pozytywne) i z³e (negatywne).;Przyjêcie odpowiedniej postawy cia³a lub wykonanie prostych ruchów.;Wdech odbywa siê przez nos, a wydech – przez usta.;Optymistyczne nastawienie do codziennoœci i koncentrowanie siê na pozytywnych aspektach w³asnego ¿ycia.
4.7.2025 15:22:33;Akceptujê;nauczycielem;21 lat i wiêcej;Zespó³ Szkó³ Budowlano-Technicznych w Stargardzie;Obie odpowiedzi s¹ poprawne.;s¹ normalne i potrzebne, poniewa¿ realizuj¹ szereg wa¿nych funkcji.;Przyjêcie odpowiedniej postawy cia³a lub wykonanie prostych ruchów.;Wdech odbywa siê przez nos, a wydech – przez usta.;Codzienna troska o fizycznoœæ, opieraj¹ca siê na trzech g³ównych filarach: w³aœciwej diecie, odpowiedniej iloœci snu i ruchu.
4.7.2025 15:23:28;Akceptujê;nauczycielem;21 lat i wiêcej;Zespó³ Szkó³ Budowlano-Technicznych w Stargardzie;Obie odpowiedzi s¹ poprawne.;s¹ normalne i potrzebne, poniewa¿ realizuj¹ szereg wa¿nych funkcji.;Przyjêcie odpowiedniej postawy cia³a lub wykonanie prostych ruchów.;Wdech odbywa siê przez nos, a wydech – przez usta.;Optymistyczne nastawienie do codziennoœci i koncentrowanie siê na pozytywnych aspektach w³asnego ¿ycia.
4.7.2025 16:22:11;Akceptujê;terapeuta pedagogiczny ;11-15 lat;Zespó³ Szkó³ Budowlano-Technicznych w Stargardzie;Obie odpowiedzi s¹ poprawne.;s¹ normalne i potrzebne, poniewa¿ realizuj¹ szereg wa¿nych funkcji.;Przyjêcie odpowiedniej postawy cia³a lub wykonanie prostych ruchów.;Wdech odbywa siê przez nos, a wydech – przez usta.;Codzienna troska o fizycznoœæ, opieraj¹ca siê na trzech g³ównych filarach: w³aœciwej diecie, odpowiedniej iloœci snu i ruchu.
4.24.2025 15:12:01;Akceptujê;nauczycielem;1-5 lat;Zespó³ Szkó³ Ogólnokszta³c¹cych nr 18 w Krakowie;Obie odpowiedzi s¹ poprawne.;s¹ normalne i potrzebne, poniewa¿ realizuj¹ szereg wa¿nych funkcji.;Przyjêcie odpowiedniej postawy cia³a lub wykonanie prostych ruchów.;Wdech odbywa siê przez nos, a wydech – przez usta.;Codzienna troska o fizycznoœæ, opieraj¹ca siê na trzech g³ównych filarach: w³aœciwej diecie, odpowiedniej iloœci snu i ruchu.
4.24.2025 15:12:05;Akceptujê;nauczycielem;1-5 lat;Zespó³ Szkó³ Ogólnokszta³c¹cych nr 18 w Krakowie;Obie odpowiedzi s¹ poprawne.;s¹ normalne i potrzebne, poniewa¿ realizuj¹ szereg wa¿nych funkcji.;Przyjêcie odpowiedniej postawy cia³a lub wykonanie prostych ruchów.;Wdech odbywa siê przez nos, a wydech – przez usta.;Codzienna troska o fizycznoœæ, opieraj¹ca siê na trzech g³ównych filarach: w³aœciwej diecie, odpowiedniej iloœci snu i ruchu.
4.24.2025 15:12:10;Akceptujê;nauczycielem;1-5 lat;Zespó³ Szkó³ Ogólnokszta³c¹cych nr 18 w Krakowie;Obie odpowiedzi s¹ poprawne.;s¹ normalne i potrzebne, poniewa¿ realizuj¹ szereg wa¿nych funkcji.;Przyjêcie odpowiedniej postawy cia³a lub wykonanie prostych ruchów.;Wdech i wydech odbywaj¹ siê przez nos.;Codzienna troska o fizycznoœæ, opieraj¹ca siê na trzech g³ównych filarach: w³aœciwej diecie, odpowiedniej iloœci snu i ruchu.
4.24.2025 15:12:11;Akceptujê;nauczycielem;1-5 lat;Zespó³ Szkó³ Ogólnokszta³c¹cych nr 18 w Krakowie;To reakcje, które pojawiaj¹ siê w odpowiedzi na subiektywnie wa¿n¹ dla danej osoby sytuacjê.;s¹ normalne i potrzebne, poniewa¿ realizuj¹ szereg wa¿nych funkcji.;Przyjêcie odpowiedniej postawy cia³a lub wykonanie prostych ruchów.;Wdech odbywa siê przez nos, a wydech – przez usta.;Optymistyczne nastawienie do codziennoœci i koncentrowanie siê na pozytywnych aspektach w³asnego ¿ycia.
4.24.2025 15:12:14;Akceptujê;nauczycielem;1-5 lat;Zespó³ Szkó³ Ogólnokszta³c¹cych nr 18 w Krakowie;Obie odpowiedzi s¹ poprawne.;s¹ normalne i potrzebne, poniewa¿ realizuj¹ szereg wa¿nych funkcji.;Przyjêcie odpowiedniej postawy cia³a lub wykonanie prostych ruchów.;Wdech odbywa siê przez nos, a wydech – przez usta.;Codzienna troska o fizycznoœæ, opieraj¹ca siê na trzech g³ównych filarach: w³aœciwej diecie, odpowiedniej iloœci snu i ruchu.
4.24.2025 15:12:26;Akceptujê;pedagogiem;1-5 lat;Zespó³ Szkó³ Ogólnokszta³c¹cych nr 18 w Krakowie;Obie odpowiedzi s¹ poprawne.;s¹ normalne i potrzebne, poniewa¿ realizuj¹ szereg wa¿nych funkcji.;Przyjêcie odpowiedniej postawy cia³a lub wykonanie prostych ruchów.;Wdech odbywa siê przez nos, a wydech – przez usta.;Codzienna troska o fizycznoœæ, opieraj¹ca siê na trzech g³ównych filarach: w³aœciwej diecie, odpowiedniej iloœci snu i ruchu.
4.24.2025 15:12:30;Akceptujê;nauczycielem;21 lat i wiêcej;Zespó³ Szkó³ Ogólnokszta³c¹cych nr 18 w Krakowie;Obie odpowiedzi s¹ poprawne.;s¹ normalne i potrzebne, poniewa¿ realizuj¹ szereg wa¿nych funkcji.;Przyjêcie odpowiedniej postawy cia³a lub wykonanie prostych ruchów.;Wdech odbywa siê przez nos, a wydech – przez usta.;Optymistyczne nastawienie do codziennoœci i koncentrowanie siê na pozytywnych aspektach w³asnego ¿ycia.
4.24.2025 15:12:30;Akceptujê;nauczycielem;16-20 lat;Zespó³ Szkó³ Ogólnokszta³c¹cych nr 18 w Krakowie;Obie odpowiedzi s¹ poprawne.;s¹ normalne i potrzebne, poniewa¿ realizuj¹ szereg wa¿nych funkcji.;Przyjêcie odpowiedniej postawy cia³a lub wykonanie prostych ruchów.;Wdech odbywa siê przez nos, a wydech – przez usta.;Optymistyczne nastawienie do codziennoœci i koncentrowanie siê na pozytywnych aspektach w³asnego ¿ycia.
4.24.2025 15:12:36;Akceptujê;nauczycielem;21 lat i wiêcej;Zespó³ Szkó³ Ogólnokszta³c¹cych nr 18 w Krakowie;Nie wiem;s¹ normalne i potrzebne, poniewa¿ realizuj¹ szereg wa¿nych funkcji.;Nie wiem;Nie wiem;Codzienna troska o fizycznoœæ, opieraj¹ca siê na trzech g³ównych filarach: w³aœciwej diecie, odpowiedniej iloœci snu i ruchu.
4.24.2025 15:12:41;Akceptujê;nauczycielem;21 lat i wiêcej;Zespó³ Szkó³ Ogólnokszta³c¹cych nr 18 w Krakowie;Obie odpowiedzi s¹ poprawne.;mo¿na podzieliæ na dobre (pozytywne) i z³e (negatywne).;Przyjêcie odpowiedniej postawy cia³a lub wykonanie prostych ruchów.;Wdech odbywa siê przez nos, a wydech – przez usta.;Optymistyczne nastawienie do codziennoœci i koncentrowanie siê na pozytywnych aspektach w³asnego ¿ycia.
4.24.2025 15:12:45;Akceptujê;pedagog, psycholog, nauczyciel;21 lat i wiêcej;Zespó³ Szkó³ Ogólnokszta³c¹cych nr 18 w Krakowie;Obie odpowiedzi s¹ poprawne.;s¹ normalne i potrzebne, poniewa¿ realizuj¹ szereg wa¿nych funkcji.;Przyjêcie odpowiedniej postawy cia³a lub wykonanie prostych ruchów.;Wdech i wydech odbywaj¹ siê przez nos.;Codzienna troska o fizycznoœæ, opieraj¹ca siê na trzech g³ównych filarach: w³aœciwej diecie, odpowiedniej iloœci snu i ruchu.
4.24.2025 15:12:51;Akceptujê;nauczycielem;6-10 lat;Zespó³ Szkó³ Ogólnokszta³c¹cych nr 18 w Krakowie;Obie odpowiedzi s¹ poprawne.;s¹ normalne i potrzebne, poniewa¿ realizuj¹ szereg wa¿nych funkcji.;Przyjêcie odpowiedniej postawy cia³a lub wykonanie prostych ruchów.;Nie wiem;Optymistyczne nastawienie do codziennoœci i koncentrowanie siê na pozytywnych aspektach w³asnego ¿ycia.
4.24.2025 15:12:52;Akceptujê;nauczycielem;1-5 lat;Zespó³ Szkó³ Ogólnokszta³c¹cych nr 18 w Krakowie;Obie odpowiedzi s¹ poprawne.;s¹ normalne i potrzebne, poniewa¿ realizuj¹ szereg wa¿nych funkcji.;Przyjêcie odpowiedniej postawy cia³a lub wykonanie prostych ruchów.;Wdech i wydech odbywaj¹ siê przez nos.;Codzienna troska o fizycznoœæ, opieraj¹ca siê na trzech g³ównych filarach: w³aœciwej diecie, odpowiedniej iloœci snu i ruchu.
4.24.2025 15:13:20;Akceptujê;pedagogiem;1-5 lat;Zespó³ Szkó³ Ogólnokszta³c¹cych nr 18 w Krakowie;Obie odpowiedzi s¹ poprawne.;s¹ normalne i potrzebne, poniewa¿ realizuj¹ szereg wa¿nych funkcji.;Przyjêcie odpowiedniej postawy cia³a lub wykonanie prostych ruchów.;Wdech odbywa siê przez nos, a wydech – przez usta.;Codzienna troska o fizycznoœæ, opieraj¹ca siê na trzech g³ównych filarach: w³aœciwej diecie, odpowiedniej iloœci snu i ruchu.
4.24.2025 15:13:24;Akceptujê;nauczycielem;1-5 lat;Zespó³ Szkó³ Ogólnokszta³c¹cych nr 18 w Krakowie;Obie odpowiedzi s¹ poprawne.;s¹ normalne i potrzebne, poniewa¿ realizuj¹ szereg wa¿nych funkcji.;Przyjêcie odpowiedniej postawy cia³a lub wykonanie prostych ruchów.;Wdech odbywa siê przez nos, a wydech – przez usta.;Optymistyczne nastawienie do codziennoœci i koncentrowanie siê na pozytywnych aspektach w³asnego ¿ycia.
4.24.2025 15:13:40;Akceptujê;nauczycielem;11-15 lat;Zespó³ Szkó³ Ogólnokszta³c¹cych nr 18 w Krakowie;Obie odpowiedzi s¹ poprawne.;s¹ normalne i potrzebne, poniewa¿ realizuj¹ szereg wa¿nych funkcji.;Przyjêcie odpowiedniej postawy cia³a lub wykonanie prostych ruchów.;Wdech odbywa siê przez nos, a wydech – przez usta.;Codzienna troska o fizycznoœæ, opieraj¹ca siê na trzech g³ównych filarach: w³aœciwej diecie, odpowiedniej iloœci snu i ruchu.
4.24.2025 15:13:42;Akceptujê;nauczycielem;21 lat i wiêcej;Zespó³ Szkó³ Ogólnokszta³c¹cych nr 18 w Krakowie;To reakcje, które pojawiaj¹ siê w odpowiedzi na subiektywnie wa¿n¹ dla danej osoby sytuacjê.;mo¿na podzieliæ na dobre (pozytywne) i z³e (negatywne).;Przyjêcie odpowiedniej postawy cia³a lub wykonanie prostych ruchów.;Nie wiem;Codzienna troska o fizycznoœæ, opieraj¹ca siê na trzech g³ównych filarach: w³aœciwej diecie, odpowiedniej iloœci snu i ruchu.
4.24.2025 15:13:44;Akceptujê;nauczycielem;1-5 lat;Zespó³ Szkó³ Ogólnokszta³c¹cych nr 18 w Krakowie;To reakcje, które pojawiaj¹ siê w odpowiedzi na subiektywnie wa¿n¹ dla danej osoby sytuacjê.;s¹ normalne i potrzebne, poniewa¿ realizuj¹ szereg wa¿nych funkcji.;Przyjêcie odpowiedniej postawy cia³a lub wykonanie prostych ruchów.;Wdech odbywa siê przez nos, a wydech – przez usta.;Codzienna troska o fizycznoœæ, opieraj¹ca siê na trzech g³ównych filarach: w³aœciwej diecie, odpowiedniej iloœci snu i ruchu.
4.24.2025 15:13:48;Akceptujê;nauczycielem;1-5 lat;Zespó³ Szkó³ Ogólnokszta³c¹cych nr 18 w Krakowie;Obie odpowiedzi s¹ poprawne.;s¹ normalne i potrzebne, poniewa¿ realizuj¹ szereg wa¿nych funkcji.;Przyjêcie odpowiedniej postawy cia³a lub wykonanie prostych ruchów.;Wdech odbywa siê przez nos, a wydech – przez usta.;Codzienna troska o fizycznoœæ, opieraj¹ca siê na trzech g³ównych filarach: w³aœciwej diecie, odpowiedniej iloœci snu i ruchu.
4.24.2025 15:13:48;Akceptujê;nauczycielem;21 lat i wiêcej;Zespó³ Szkó³ Ogólnokszta³c¹cych nr 18 w Krakowie;Obie odpowiedzi s¹ poprawne.;s¹ normalne i potrzebne, poniewa¿ realizuj¹ szereg wa¿nych funkcji.;Przyjêcie odpowiedniej postawy cia³a lub wykonanie prostych ruchów.;Wdech odbywa siê przez nos, a wydech – przez usta.;Optymistyczne nastawienie do codziennoœci i koncentrowanie siê na pozytywnych aspektach w³asnego ¿ycia.
4.24.2025 15:13:51;Akceptujê;nauczycielem;21 lat i wiêcej;Zespó³ Szkó³ Ogólnokszta³c¹cych nr 18 w Krakowie;Obie odpowiedzi s¹ poprawne.;s¹ normalne i potrzebne, poniewa¿ realizuj¹ szereg wa¿nych funkcji.;Przyjêcie odpowiedniej postawy cia³a lub wykonanie prostych ruchów.;Nie wiem;Optymistyczne nastawienie do codziennoœci i koncentrowanie siê na pozytywnych aspektach w³asnego ¿ycia.
4.24.2025 15:13:53;Akceptujê;nauczycielem;6-10 lat;Zespó³ Szkó³ Ogólnokszta³c¹cych nr 18 w Krakowie;Obie odpowiedzi s¹ poprawne.;s¹ normalne i potrzebne, poniewa¿ realizuj¹ szereg wa¿nych funkcji.;Przyjêcie odpowiedniej postawy cia³a lub wykonanie prostych ruchów.;Wdech odbywa siê przez nos, a wydech – przez usta.;Codzienna troska o fizycznoœæ, opieraj¹ca siê na trzech g³ównych filarach: w³aœciwej diecie, odpowiedniej iloœci snu i ruchu.
4.24.2025 15:14:13;Akceptujê;nauczycielem;1-5 lat;Zespó³ Szkó³ Ogólnokszta³c¹cych nr 18 w Krakowie;Obie odpowiedzi s¹ poprawne.;s¹ normalne i potrzebne, poniewa¿ realizuj¹ szereg wa¿nych funkcji.;Przyjêcie odpowiedniej postawy cia³a lub wykonanie prostych ruchów.;Wdech odbywa siê przez nos, a wydech – przez usta.;Codzienna troska o fizycznoœæ, opieraj¹ca siê na trzech g³ównych filarach: w³aœciwej diecie, odpowiedniej iloœci snu i ruchu.
4.24.2025 15:14:27;Akceptujê;nauczycielem;6-10 lat;Zespó³ Szkó³ Ogólnokszta³c¹cych nr 18 w Krakowie;Obie odpowiedzi s¹ poprawne.;s¹ normalne i potrzebne, poniewa¿ realizuj¹ szereg wa¿nych funkcji.;Przyjêcie odpowiedniej postawy cia³a lub wykonanie prostych ruchów.;Wdech odbywa siê przez nos, a wydech – przez usta.;Codzienna troska o fizycznoœæ, opieraj¹ca siê na trzech g³ównych filarach: w³aœciwej diecie, odpowiedniej iloœci snu i ruchu.
4.24.2025 15:14:47;Akceptujê;nauczycielem;21 lat i wiêcej;Zespó³ Szkó³ Ogólnokszta³c¹cych nr 18 w Krakowie;Obie odpowiedzi s¹ poprawne.;s¹ abstrakcyjnym, metafizycznym doœwiadczeniem.;Przyjêcie odpowiedniej postawy cia³a lub wykonanie prostych ruchów.;Wdech odbywa siê przez nos, a wydech – przez usta.;Codzienna troska o fizycznoœæ, opieraj¹ca siê na trzech g³ównych filarach: w³aœciwej diecie, odpowiedniej iloœci snu i ruchu.
4.24.2025 15:15:01;Akceptujê;nauczycielem;21 lat i wiêcej;Zespó³ Szkó³ Ogólnokszta³c¹cych nr 18 w Krakowie;Uruchamiaj¹ ca³y zespó³ zmian w ciele, w sposobie myœlenia i zachowaniu cz³owieka.;s¹ normalne i potrzebne, poniewa¿ realizuj¹ szereg wa¿nych funkcji.;Przyjêcie odpowiedniej postawy cia³a lub wykonanie prostych ruchów.;Wdech odbywa siê przez nos, a wydech – przez usta.;Codzienna troska o fizycznoœæ, opieraj¹ca siê na trzech g³ównych filarach: w³aœciwej diecie, odpowiedniej iloœci snu i ruchu.
4.24.2025 15:15:20;Akceptujê;nauczycielem;mniej ni¿ rok;Zespó³ Szkó³ Ogólnokszta³c¹cych nr 18 w Krakowie;Obie odpowiedzi s¹ poprawne.;s¹ normalne i potrzebne, poniewa¿ realizuj¹ szereg wa¿nych funkcji.;Przyjêcie odpowiedniej postawy cia³a lub wykonanie prostych ruchów.;Wdech odbywa siê przez nos, a wydech – przez usta.;Codzienna troska o fizycznoœæ, opieraj¹ca siê na trzech g³ównych filarach: w³aœciwej diecie, odpowiedniej iloœci snu i ruchu.
4.24.2025 15:16:03;Akceptujê;nauczycielem;21 lat i wiêcej;Zespó³ Szkó³ Ogólnokszta³c¹cych nr 18 w Krakowie;Obie odpowiedzi s¹ poprawne.;mo¿na podzieliæ na dobre (pozytywne) i z³e (negatywne).;Przyjêcie odpowiedniej postawy cia³a lub wykonanie prostych ruchów.;Wdech odbywa siê przez nos, a wydech – przez usta.;Codzienna troska o fizycznoœæ, opieraj¹ca siê na trzech g³ównych filarach: w³aœciwej diecie, odpowiedniej iloœci snu i ruchu.
4.24.2025 15:16:09;Akceptujê;nauczycielem;11-15 lat;Zespó³ Szkó³ Ogólnokszta³c¹cych nr 18 w Krakowie;Obie odpowiedzi s¹ poprawne.;s¹ normalne i potrzebne, poniewa¿ realizuj¹ szereg wa¿nych funkcji.;Przyjêcie odpowiedniej postawy cia³a lub wykonanie prostych ruchów.;Wdech odbywa siê przez nos, a wydech – przez usta.;Codzienna troska o fizycznoœæ, opieraj¹ca siê na trzech g³ównych filarach: w³aœciwej diecie, odpowiedniej iloœci snu i ruchu.
4.24.2025 15:17:03;Akceptujê;nauczycielem;11-15 lat;Zespó³ Szkó³ Ogólnokszta³c¹cych nr 18 w Krakowie;Obie odpowiedzi s¹ poprawne.;s¹ normalne i potrzebne, poniewa¿ realizuj¹ szereg wa¿nych funkcji.;Przyjêcie odpowiedniej postawy cia³a lub wykonanie prostych ruchów.;Wdech odbywa siê przez nos, a wydech – przez usta.;Codzienna troska o fizycznoœæ, opieraj¹ca siê na trzech g³ównych filarach: w³aœciwej diecie, odpowiedniej iloœci snu i ruchu.
4.24.2025 15:17:58;Akceptujê;nauczycielem;11-15 lat;Zespó³ Szkó³ Ogólnokszta³c¹cych nr 18 w Krakowie;Obie odpowiedzi s¹ poprawne.;s¹ normalne i potrzebne, poniewa¿ realizuj¹ szereg wa¿nych funkcji.;Przyjêcie odpowiedniej postawy cia³a lub wykonanie prostych ruchów.;Wdech odbywa siê przez nos, a wydech – przez usta.;Codzienna troska o fizycznoœæ, opieraj¹ca siê na trzech g³ównych filarach: w³aœciwej diecie, odpowiedniej iloœci snu i ruchu.
4.24.2025 15:18:33;Akceptujê;nauczycielem;11-15 lat;Zespó³ Szkó³ Ogólnokszta³c¹cych nr 18 w Krakowie;Obie odpowiedzi s¹ poprawne.;s¹ normalne i potrzebne, poniewa¿ realizuj¹ szereg wa¿nych funkcji.;Przyjêcie odpowiedniej postawy cia³a lub wykonanie prostych ruchów.;Wdech odbywa siê przez nos, a wydech – przez usta.;Codzienna troska o fizycznoœæ, opieraj¹ca siê na trzech g³ównych filarach: w³aœciwej diecie, odpowiedniej iloœci snu i ruchu.
4.24.2025 15:18:35;Akceptujê;nauczycielem;21 lat i wiêcej;Zespó³ Szkó³ Ogólnokszta³c¹cych nr 18 w Krakowie;Obie odpowiedzi s¹ poprawne.;s¹ normalne i potrzebne, poniewa¿ realizuj¹ szereg wa¿nych funkcji.;Przyjêcie odpowiedniej postawy cia³a lub wykonanie prostych ruchów.;Wdech odbywa siê przez nos, a wydech – przez usta.;Optymistyczne nastawienie do codziennoœci i koncentrowanie siê na pozytywnych aspektach w³asnego ¿ycia.
4.24.2025 15:18:42;Akceptujê;nauczycielem;16-20 lat;Zespó³ Szkó³ Ogólnokszta³c¹cych nr 18 w Krakowie;Obie odpowiedzi s¹ poprawne.;s¹ normalne i potrzebne, poniewa¿ realizuj¹ szereg wa¿nych funkcji.;Przyjêcie odpowiedniej postawy cia³a lub wykonanie prostych ruchów.;Wdech odbywa siê przez nos, a wydech – przez usta.;Optymistyczne nastawienie do codziennoœci i koncentrowanie siê na pozytywnych aspektach w³asnego ¿ycia.
4.24.2025 15:19:17;Akceptujê;nauczycielem;1-5 lat;Zespó³ Szkó³ Ogólnokszta³c¹cych nr 18 w Krakowie;Obie odpowiedzi s¹ poprawne.;s¹ normalne i potrzebne, poniewa¿ realizuj¹ szereg wa¿nych funkcji.;Przyjêcie odpowiedniej postawy cia³a lub wykonanie prostych ruchów.;Wdech odbywa siê przez nos, a wydech – przez usta.;Codzienna troska o fizycznoœæ, opieraj¹ca siê na trzech g³ównych filarach: w³aœciwej diecie, odpowiedniej iloœci snu i ruchu.
4.24.2025 15:20:51;Akceptujê;nauczycielem;1-5 lat;Zespó³ Szkó³ Ogólnokszta³c¹cych nr 18 w Krakowie;Obie odpowiedzi s¹ poprawne.;s¹ normalne i potrzebne, poniewa¿ realizuj¹ szereg wa¿nych funkcji.;Przyjêcie odpowiedniej postawy cia³a lub wykonanie prostych ruchów.;Wdech odbywa siê przez nos, a wydech – przez usta.;Optymistyczne nastawienie do codziennoœci i koncentrowanie siê na pozytywnych aspektach w³asnego ¿ycia.
4.24.2025 15:22:44;Akceptujê;nauczycielem;11-15 lat;Zespó³ Szkó³ Ogólnokszta³c¹cych nr 18 w Krakowie;Obie odpowiedzi s¹ poprawne.;s¹ normalne i potrzebne, poniewa¿ realizuj¹ szereg wa¿nych funkcji.;Przyjêcie odpowiedniej postawy cia³a lub wykonanie prostych ruchów.;Wdech odbywa siê przez nos, a wydech – przez usta.;Codzienna troska o fizycznoœæ, opieraj¹ca siê na trzech g³ównych filarach: w³aœciwej diecie, odpowiedniej iloœci snu i ruchu.
4.24.2025 15:23:57;Akceptujê;psychologiem;mniej ni¿ rok;Zespó³ Szkó³ Ogólnokszta³c¹cych nr 18 w Krakowie;Obie odpowiedzi s¹ poprawne.;s¹ normalne i potrzebne, poniewa¿ realizuj¹ szereg wa¿nych funkcji.;Przyjêcie odpowiedniej postawy cia³a lub wykonanie prostych ruchów.;Wdech odbywa siê przez nos, a wydech – przez usta.;Codzienna troska o fizycznoœæ, opieraj¹ca siê na trzech g³ównych filarach: w³aœciwej diecie, odpowiedniej iloœci snu i ruchu.
4.24.2025 15:25:04;Akceptujê;nauczycielem;16-20 lat;Zespó³ Szkó³ Ogólnokszta³c¹cych nr 18 w Krakowie;Obie odpowiedzi s¹ poprawne.;s¹ normalne i potrzebne, poniewa¿ realizuj¹ szereg wa¿nych funkcji.;Nie wiem;Wdech odbywa siê przez nos, a wydech – przez usta.;Codzienna troska o fizycznoœæ, opieraj¹ca siê na trzech g³ównych filarach: w³aœciwej diecie, odpowiedniej iloœci snu i ruchu.
4.24.2025 15:25:10;Akceptujê;dyrektorem/wicedyrektorem;11-15 lat;Zespó³ Szkó³ Ogólnokszta³c¹cych nr 18 w Krakowie;Obie odpowiedzi s¹ poprawne.;s¹ normalne i potrzebne, poniewa¿ realizuj¹ szereg wa¿nych funkcji.;Przyjêcie odpowiedniej postawy cia³a lub wykonanie prostych ruchów.;Wdech odbywa siê przez nos, a wydech – przez usta.;Codzienna troska o fizycznoœæ, opieraj¹ca siê na trzech g³ównych filarach: w³aœciwej diecie, odpowiedniej iloœci snu i ruchu.
4.24.2025 15:26:11;Akceptujê;pedagogiem;21 lat i wiêcej;Zespó³ Szkó³ Ogólnokszta³c¹cych nr 18 w Krakowie;Obie odpowiedzi s¹ poprawne.;s¹ normalne i potrzebne, poniewa¿ realizuj¹ szereg wa¿nych funkcji.;Przyjêcie odpowiedniej postawy cia³a lub wykonanie prostych ruchów.;Wdech odbywa siê przez nos, a wydech – przez usta.;Codzienna troska o fizycznoœæ, opieraj¹ca siê na trzech g³ównych filarach: w³aœciwej diecie, odpowiedniej iloœci snu i ruchu.
4.24.2025 15:29:11;Akceptujê;nauczycielem;mniej ni¿ rok;Zespó³ Szkó³ Ogólnokszta³c¹cych nr 18 w Krakowie;Obie odpowiedzi s¹ poprawne.;s¹ normalne i potrzebne, poniewa¿ realizuj¹ szereg wa¿nych funkcji.;Przyjêcie odpowiedniej postawy cia³a lub wykonanie prostych ruchów.;Wdech odbywa siê przez nos, a wydech – przez usta.;Codzienna troska o fizycznoœæ, opieraj¹ca siê na trzech g³ównych filarach: w³aœciwej diecie, odpowiedniej iloœci snu i ruchu.
4.24.2025 16:09:32;Akceptujê;nauczycielem;mniej ni¿ rok;Zespó³ Szkó³ Ogólnokszta³c¹cych nr 18 w Krakowie;Obie odpowiedzi s¹ poprawne.;s¹ normalne i potrzebne, poniewa¿ realizuj¹ szereg wa¿nych funkcji.;Przyjêcie odpowiedniej postawy cia³a lub wykonanie prostych ruchów.;Wdech odbywa siê przez nos, a wydech – przez usta.;Codzienna troska o fizycznoœæ, opieraj¹ca siê na trzech g³ównych filarach: w³aœciwej diecie, odpowiedniej iloœci snu i ruchu.
4.24.2025 20:18:01;Akceptujê;nauczycielem;6-10 lat;Zespó³ Szkó³ Ogólnokszta³c¹cych nr 18 w Krakowie;To reakcje, które pojawiaj¹ siê w odpowiedzi na subiektywnie wa¿n¹ dla danej osoby sytuacjê.;s¹ normalne i potrzebne, poniewa¿ realizuj¹ szereg wa¿nych funkcji.;Przyjêcie odpowiedniej postawy cia³a lub wykonanie prostych ruchów.;Wdech odbywa siê przez nos, a wydech – przez usta.;Codzienna troska o fizycznoœæ, opieraj¹ca siê na trzech g³ównych filarach: w³aœciwej diecie, odpowiedniej iloœci snu i ruchu.
4.25.2025 7:50:10;Akceptujê;nauczycielem;21 lat i wiêcej;Zespó³ Szkó³ Ogólnokszta³c¹cych nr 18 w Krakowie;Obie odpowiedzi s¹ poprawne.;s¹ normalne i potrzebne, poniewa¿ realizuj¹ szereg wa¿nych funkcji.;Przyjêcie odpowiedniej postawy cia³a lub wykonanie prostych ruchów.;Wdech odbywa siê przez nos, a wydech – przez usta.;Codzienna troska o fizycznoœæ, opieraj¹ca siê na trzech g³ównych filarach: w³aœciwej diecie, odpowiedniej iloœci snu i ruchu.
4.25.2025 20:59:44;Akceptujê;nauczycielem;21 lat i wiêcej;Zespó³ Szkó³ Ogólnokszta³c¹cych nr 18 w Krakowie;Obie odpowiedzi s¹ poprawne.;mo¿na podzieliæ na dobre (pozytywne) i z³e (negatywne).;Przyjêcie odpowiedniej postawy cia³a lub wykonanie prostych ruchów.;Wdech odbywa siê przez nos, a wydech – przez usta.;Optymistyczne nastawienie do codziennoœci i koncentrowanie siê na pozytywnych aspektach w³asnego ¿ycia.
5.6.2025 15:29:51;Akceptujê;nauczycielem;21 lat i wiêcej;Szko³a Podstawowa nr 4 im. Stefana ¯eromskiego w Be³chatowie;Uruchamiaj¹ ca³y zespó³ zmian w ciele, w sposobie myœlenia i zachowaniu cz³owieka.;mo¿na podzieliæ na dobre (pozytywne) i z³e (negatywne).;Przyjêcie odpowiedniej postawy cia³a lub wykonanie prostych ruchów.;Wdech odbywa siê przez nos, a wydech – przez usta.;Optymistyczne nastawienie do codziennoœci i koncentrowanie siê na pozytywnych aspektach w³asnego ¿ycia.
5.6.2025 15:30:18;Akceptujê;nauczycielem;21 lat i wiêcej;Szko³a Podstawowa nr 4 im. Stefana ¯eromskiego w Be³chatowie;Obie odpowiedzi s¹ poprawne.;s¹ normalne i potrzebne, poniewa¿ realizuj¹ szereg wa¿nych funkcji.;Przyjêcie odpowiedniej postawy cia³a lub wykonanie prostych ruchów.;Wdech odbywa siê przez usta, a wydech – przez nos.;Codzienna troska o fizycznoœæ, opieraj¹ca siê na trzech g³ównych filarach: w³aœciwej diecie, odpowiedniej iloœci snu i ruchu.
5.6.2025 15:31:02;Akceptujê;nauczycielem;21 lat i wiêcej;Szko³a Podstawowa nr 4 im. Stefana ¯eromskiego w Be³chatowie;Obie odpowiedzi s¹ poprawne.;s¹ normalne i potrzebne, poniewa¿ realizuj¹ szereg wa¿nych funkcji.;Przyjêcie odpowiedniej postawy cia³a lub wykonanie prostych ruchów.;Wdech odbywa siê przez nos, a wydech – przez usta.;Codzienna troska o fizycznoœæ, opieraj¹ca siê na trzech g³ównych filarach: w³aœciwej diecie, odpowiedniej iloœci snu i ruchu.
5.6.2025 15:31:12;Akceptujê;nauczycielem;6-10 lat;Szko³a Podstawowa nr 4 im. Stefana ¯eromskiego w Be³chatowie;Obie odpowiedzi s¹ poprawne.;s¹ normalne i potrzebne, poniewa¿ realizuj¹ szereg wa¿nych funkcji.;Przyjêcie odpowiedniej postawy cia³a lub wykonanie prostych ruchów.;Wdech odbywa siê przez nos, a wydech – przez usta.;Codzienna troska o fizycznoœæ, opieraj¹ca siê na trzech g³ównych filarach: w³aœciwej diecie, odpowiedniej iloœci snu i ruchu.
5.6.2025 15:32:33;Akceptujê;nauczycielem;6-10 lat;Szko³a Podstawowa nr 4 im. Stefana ¯eromskiego w Be³chatowie;To reakcje, które pojawiaj¹ siê w odpowiedzi na subiektywnie wa¿n¹ dla danej osoby sytuacjê.;s¹ normalne i potrzebne, poniewa¿ realizuj¹ szereg wa¿nych funkcji.;Przyjêcie odpowiedniej postawy cia³a lub wykonanie prostych ruchów.;Wdech odbywa siê przez nos, a wydech – przez usta.;Codzienna troska o fizycznoœæ, opieraj¹ca siê na trzech g³ównych filarach: w³aœciwej diecie, odpowiedniej iloœci snu i ruchu.
5.6.2025 15:32:38;Akceptujê;nauczycielem;1-5 lat;Szko³a Podstawowa nr 4 im. Stefana ¯eromskiego w Be³chatowie;Obie odpowiedzi s¹ poprawne.;mo¿na podzieliæ na dobre (pozytywne) i z³e (negatywne).;Nie wiem;Wdech odbywa siê przez nos, a wydech – przez usta.;Nie wiem
5.6.2025 15:32:38;Akceptujê;nauczycielem;6-10 lat;Szko³a Podstawowa nr 4 im. Stefana ¯eromskiego w Be³chatowie;Obie odpowiedzi s¹ poprawne.;s¹ normalne i potrzebne, poniewa¿ realizuj¹ szereg wa¿nych funkcji.;Przyjêcie odpowiedniej postawy cia³a lub wykonanie prostych ruchów.;Wdech odbywa siê przez nos, a wydech – przez usta.;Codzienna troska o fizycznoœæ, opieraj¹ca siê na trzech g³ównych filarach: w³aœciwej diecie, odpowiedniej iloœci snu i ruchu.
5.6.2025 15:32:42;Akceptujê;nauczycielem;16-20 lat;Szko³a Podstawowa nr 4 im. Stefana ¯eromskiego w Be³chatowie;Obie odpowiedzi s¹ poprawne.;s¹ normalne i potrzebne, poniewa¿ realizuj¹ szereg wa¿nych funkcji.;Przyjêcie odpowiedniej postawy cia³a lub wykonanie prostych ruchów.;Wdech odbywa siê przez nos, a wydech – przez usta.;Optymistyczne nastawienie do codziennoœci i koncentrowanie siê na pozytywnych aspektach w³asnego ¿ycia.
5.6.2025 15:33:10;Akceptujê;nauczycielem;1-5 lat;Szko³a Podstawowa nr 4 im. Stefana ¯eromskiego w Be³chatowie;To reakcje, które pojawiaj¹ siê w odpowiedzi na subiektywnie wa¿n¹ dla danej osoby sytuacjê.;s¹ normalne i potrzebne, poniewa¿ realizuj¹ szereg wa¿nych funkcji.;Przyjêcie odpowiedniej postawy cia³a lub wykonanie prostych ruchów.;Wdech odbywa siê przez nos, a wydech – przez usta.;Codzienna troska o fizycznoœæ, opieraj¹ca siê na trzech g³ównych filarach: w³aœciwej diecie, odpowiedniej iloœci snu i ruchu.
5.6.2025 15:33:32;Akceptujê;nauczycielem;16-20 lat;Szko³a Podstawowa nr 4 im. Stefana ¯eromskiego w Be³chatowie;Obie odpowiedzi s¹ poprawne.;s¹ normalne i potrzebne, poniewa¿ realizuj¹ szereg wa¿nych funkcji.;Przyjêcie odpowiedniej postawy cia³a lub wykonanie prostych ruchów.;Wdech odbywa siê przez nos, a wydech – przez usta.;Codzienna troska o fizycznoœæ, opieraj¹ca siê na trzech g³ównych filarach: w³aœciwej diecie, odpowiedniej iloœci snu i ruchu.
5.6.2025 15:33:46;Akceptujê;nauczycielem;11-15 lat;Szko³a Podstawowa nr 4 im. Stefana ¯eromskiego w Be³chatowie;Obie odpowiedzi s¹ poprawne.;s¹ normalne i potrzebne, poniewa¿ realizuj¹ szereg wa¿nych funkcji.;Przyjêcie odpowiedniej postawy cia³a lub wykonanie prostych ruchów.;Wdech i wydech odbywaj¹ siê przez nos.;Codzienna troska o fizycznoœæ, opieraj¹ca siê na trzech g³ównych filarach: w³aœciwej diecie, odpowiedniej iloœci snu i ruchu.
5.6.2025 15:33:55;Akceptujê;nauczycielem;21 lat i wiêcej;Szko³a Podstawowa nr 4 im. Stefana ¯eromskiego w Be³chatowie;Obie odpowiedzi s¹ poprawne.;mo¿na podzieliæ na dobre (pozytywne) i z³e (negatywne).;Nie wiem;Wdech odbywa siê przez nos, a wydech – przez usta.;Codzienna troska o fizycznoœæ, opieraj¹ca siê na trzech g³ównych filarach: w³aœciwej diecie, odpowiedniej iloœci snu i ruchu.
5.6.2025 15:34:00;Akceptujê;nauczycielem;6-10 lat;Szko³a Podstawowa nr 4 im. Stefana ¯eromskiego w Be³chatowie;Obie odpowiedzi s¹ poprawne.;s¹ normalne i potrzebne, poniewa¿ realizuj¹ szereg wa¿nych funkcji.;Przyjêcie odpowiedniej postawy cia³a lub wykonanie prostych ruchów.;Wdech odbywa siê przez nos, a wydech – przez usta.;Codzienna troska o fizycznoœæ, opieraj¹ca siê na trzech g³ównych filarach: w³aœciwej diecie, odpowiedniej iloœci snu i ruchu.
5.6.2025 15:34:48;Akceptujê;nauczycielem;21 lat i wiêcej;Szko³a Podstawowa nr 4 im. Stefana ¯eromskiego w Be³chatowie;Obie odpowiedzi s¹ poprawne.;mo¿na podzieliæ na dobre (pozytywne) i z³e (negatywne).;Przyjêcie odpowiedniej postawy cia³a lub wykonanie prostych ruchów.;Wdech odbywa siê przez nos, a wydech – przez usta.;Codzienna troska o fizycznoœæ, opieraj¹ca siê na trzech g³ównych filarach: w³aœciwej diecie, odpowiedniej iloœci snu i ruchu.
5.6.2025 15:35:17;Akceptujê;nauczycielem;11-15 lat;Szko³a Podstawowa nr 4 im. Stefana ¯eromskiego w Be³chatowie;Obie odpowiedzi s¹ poprawne.;s¹ normalne i potrzebne, poniewa¿ realizuj¹ szereg wa¿nych funkcji.;Nie wiem;Wdech odbywa siê przez nos, a wydech – przez usta.;Optymistyczne nastawienie do codziennoœci i koncentrowanie siê na pozytywnych aspektach w³asnego ¿ycia.
5.6.2025 15:36:01;Akceptujê;nauczycielem;6-10 lat;Szko³a Podstawowa nr 4 im. Stefana ¯eromskiego w Be³chatowie;Obie odpowiedzi s¹ poprawne.;mo¿na podzieliæ na dobre (pozytywne) i z³e (negatywne).;Przyjêcie odpowiedniej postawy cia³a lub wykonanie prostych ruchów.;Wdech odbywa siê przez nos, a wydech – przez usta.;Codzienna troska o fizycznoœæ, opieraj¹ca siê na trzech g³ównych filarach: w³aœciwej diecie, odpowiedniej iloœci snu i ruchu.
5.6.2025 15:36:22;Akceptujê;nauczycielem;21 lat i wiêcej;Szko³a Podstawowa nr 4 im. Stefana ¯eromskiego w Be³chatowie;Obie odpowiedzi s¹ poprawne.;s¹ normalne i potrzebne, poniewa¿ realizuj¹ szereg wa¿nych funkcji.;Przyjêcie odpowiedniej postawy cia³a lub wykonanie prostych ruchów.;Wdech odbywa siê przez nos, a wydech – przez usta.;Optymistyczne nastawienie do codziennoœci i koncentrowanie siê na pozytywnych aspektach w³asnego ¿ycia.
5.6.2025 15:36:27;Akceptujê;nauczycielem;mniej ni¿ rok;Szko³a Podstawowa nr 4 im. Stefana ¯eromskiego w Be³chatowie;Obie odpowiedzi s¹ poprawne.;s¹ normalne i potrzebne, poniewa¿ realizuj¹ szereg wa¿nych funkcji.;Przyjêcie odpowiedniej postawy cia³a lub wykonanie prostych ruchów.;Wdech odbywa siê przez nos, a wydech – przez usta.;Optymistyczne nastawienie do codziennoœci i koncentrowanie siê na pozytywnych aspektach w³asnego ¿ycia.
5.6.2025 15:36:34;Akceptujê;nauczycielem;16-20 lat;Szko³a Podstawowa nr 4 im. Stefana ¯eromskiego w Be³chatowie;Obie odpowiedzi s¹ poprawne.;s¹ normalne i potrzebne, poniewa¿ realizuj¹ szereg wa¿nych funkcji.;Przyjêcie odpowiedniej postawy cia³a lub wykonanie prostych ruchów.;Wdech odbywa siê przez nos, a wydech – przez usta.;Codzienna troska o fizycznoœæ, opieraj¹ca siê na trzech g³ównych filarach: w³aœciwej diecie, odpowiedniej iloœci snu i ruchu.
5.6.2025 15:36:47;Akceptujê;nauczycielem;21 lat i wiêcej;Szko³a Podstawowa nr 4 im. Stefana ¯eromskiego w Be³chatowie;Obie odpowiedzi s¹ poprawne.;mo¿na podzieliæ na dobre (pozytywne) i z³e (negatywne).;Przyjêcie odpowiedniej postawy cia³a lub wykonanie prostych ruchów.;Wdech odbywa siê przez nos, a wydech – przez usta.;Optymistyczne nastawienie do codziennoœci i koncentrowanie siê na pozytywnych aspektach w³asnego ¿ycia.
5.6.2025 15:37:02;Akceptujê;nauczycielem;1-5 lat;Szko³a Podstawowa nr 4 im. Stefana ¯eromskiego w Be³chatowie;Obie odpowiedzi s¹ poprawne.;s¹ normalne i potrzebne, poniewa¿ realizuj¹ szereg wa¿nych funkcji.;Przyjêcie odpowiedniej postawy cia³a lub wykonanie prostych ruchów.;Wdech odbywa siê przez nos, a wydech – przez usta.;Optymistyczne nastawienie do codziennoœci i koncentrowanie siê na pozytywnych aspektach w³asnego ¿ycia.
5.6.2025 15:37:02;Akceptujê;nauczycielem;11-15 lat;Szko³a Podstawowa nr 4 im. Stefana ¯eromskiego w Be³chatowie;Obie odpowiedzi s¹ poprawne.;s¹ normalne i potrzebne, poniewa¿ realizuj¹ szereg wa¿nych funkcji.;Przyjêcie odpowiedniej postawy cia³a lub wykonanie prostych ruchów.;Wdech odbywa siê przez nos, a wydech – przez usta.;Codzienna troska o fizycznoœæ, opieraj¹ca siê na trzech g³ównych filarach: w³aœciwej diecie, odpowiedniej iloœci snu i ruchu.
5.6.2025 15:37:37;Akceptujê;nauczycielem;21 lat i wiêcej;Szko³a Podstawowa nr 4 im. Stefana ¯eromskiego w Be³chatowie;Obie odpowiedzi s¹ poprawne.;s¹ normalne i potrzebne, poniewa¿ realizuj¹ szereg wa¿nych funkcji.;Przyjêcie odpowiedniej postawy cia³a lub wykonanie prostych ruchów.;Wdech i wydech odbywaj¹ siê przez nos.;Optymistyczne nastawienie do codziennoœci i koncentrowanie siê na pozytywnych aspektach w³asnego ¿ycia.
5.6.2025 15:37:43;Akceptujê;nauczycielem;6-10 lat;Szko³a Podstawowa nr 4 im. Stefana ¯eromskiego w Be³chatowie;Obie odpowiedzi s¹ poprawne.;s¹ normalne i potrzebne, poniewa¿ realizuj¹ szereg wa¿nych funkcji.;Przyjêcie odpowiedniej postawy cia³a lub wykonanie prostych ruchów.;Wdech odbywa siê przez nos, a wydech – przez usta.;Codzienna troska o fizycznoœæ, opieraj¹ca siê na trzech g³ównych filarach: w³aœciwej diecie, odpowiedniej iloœci snu i ruchu.
5.6.2025 15:38:10;Akceptujê;nauczycielem;16-20 lat;Szko³a Podstawowa nr 4 im. Stefana ¯eromskiego w Be³chatowie;To reakcje, które pojawiaj¹ siê w odpowiedzi na subiektywnie wa¿n¹ dla danej osoby sytuacjê.;mo¿na podzieliæ na dobre (pozytywne) i z³e (negatywne).;Przyjêcie odpowiedniej postawy cia³a lub wykonanie prostych ruchów.;Wdech i wydech odbywaj¹ siê przez nos.;Codzienna troska o fizycznoœæ, opieraj¹ca siê na trzech g³ównych filarach: w³aœciwej diecie, odpowiedniej iloœci snu i ruchu.
5.6.2025 15:38:13;Akceptujê;nauczycielem;16-20 lat;Szko³a Podstawowa nr 4 im. Stefana ¯eromskiego w Be³chatowie;Obie odpowiedzi s¹ poprawne.;mo¿na podzieliæ na dobre (pozytywne) i z³e (negatywne).;Przyjêcie odpowiedniej postawy cia³a lub wykonanie prostych ruchów.;Wdech odbywa siê przez nos, a wydech – przez usta.;Codzienna troska o fizycznoœæ, opieraj¹ca siê na trzech g³ównych filarach: w³aœciwej diecie, odpowiedniej iloœci snu i ruchu.
5.6.2025 15:38:30;Akceptujê;nauczycielem;16-20 lat;Szko³a Podstawowa nr 4 im. Stefana ¯eromskiego w Be³chatowie;Obie odpowiedzi s¹ poprawne.;s¹ normalne i potrzebne, poniewa¿ realizuj¹ szereg wa¿nych funkcji.;Przyjêcie odpowiedniej postawy cia³a lub wykonanie prostych ruchów.;Wdech odbywa siê przez nos, a wydech – przez usta.;Codzienna troska o fizycznoœæ, opieraj¹ca siê na trzech g³ównych filarach: w³aœciwej diecie, odpowiedniej iloœci snu i ruchu.
5.6.2025 15:42:13;Akceptujê;nauczycielem;1-5 lat;Szko³a Podstawowa nr 4 im. Stefana ¯eromskiego w Be³chatowie;Obie odpowiedzi s¹ poprawne.;s¹ normalne i potrzebne, poniewa¿ realizuj¹ szereg wa¿nych funkcji.;Przyjêcie odpowiedniej postawy cia³a lub wykonanie prostych ruchów.;Wdech odbywa siê przez nos, a wydech – przez usta.;Codzienna troska o fizycznoœæ, opieraj¹ca siê na trzech g³ównych filarach: w³aœciwej diecie, odpowiedniej iloœci snu i ruchu.
5.6.2025 15:44:22;Akceptujê;nauczycielem;6-10 lat;Szko³a Podstawowa nr 4 im. Stefana ¯eromskiego w Be³chatowie;To reakcje, które pojawiaj¹ siê w odpowiedzi na subiektywnie wa¿n¹ dla danej osoby sytuacjê.;s¹ normalne i potrzebne, poniewa¿ realizuj¹ szereg wa¿nych funkcji.;Przyjêcie odpowiedniej postawy cia³a lub wykonanie prostych ruchów.;Wdech odbywa siê przez usta, a wydech – przez nos.;Codzienna troska o fizycznoœæ, opieraj¹ca siê na trzech g³ównych filarach: w³aœciwej diecie, odpowiedniej iloœci snu i ruchu.
5.6.2025 15:45:31;Akceptujê;nauczycielem;21 lat i wiêcej;Szko³a Podstawowa nr 4 im. Stefana ¯eromskiego w Be³chatowie;Obie odpowiedzi s¹ poprawne.;s¹ normalne i potrzebne, poniewa¿ realizuj¹ szereg wa¿nych funkcji.;Przyjêcie odpowiedniej postawy cia³a lub wykonanie prostych ruchów.;Wdech odbywa siê przez nos, a wydech – przez usta.;Optymistyczne nastawienie do codziennoœci i koncentrowanie siê na pozytywnych aspektach w³asnego ¿ycia.
5.6.2025 15:49:07;Akceptujê;nauczycielem;11-15 lat;Szko³a Podstawowa nr 4 im. Stefana ¯eromskiego w Be³chatowie;Obie odpowiedzi s¹ poprawne.;s¹ normalne i potrzebne, poniewa¿ realizuj¹ szereg wa¿nych funkcji.;Przyjêcie odpowiedniej postawy cia³a lub wykonanie prostych ruchów.;Wdech odbywa siê przez nos, a wydech – przez usta.;Codzienna troska o fizycznoœæ, opieraj¹ca siê na trzech g³ównych filarach: w³aœciwej diecie, odpowiedniej iloœci snu i ruchu.
5.6.2025 15:59:00;Akceptujê;pedagogiem;21 lat i wiêcej;Szko³a Podstawowa nr 4 im. Stefana ¯eromskiego w Be³chatowie;Obie odpowiedzi s¹ poprawne.;s¹ normalne i potrzebne, poniewa¿ realizuj¹ szereg wa¿nych funkcji.;Przyjêcie odpowiedniej postawy cia³a lub wykonanie prostych ruchów.;Wdech odbywa siê przez nos, a wydech – przez usta.;Codzienna troska o fizycznoœæ, opieraj¹ca siê na trzech g³ównych filarach: w³aœciwej diecie, odpowiedniej iloœci snu i ruchu.
5.6.2025 16:02:58;Akceptujê;pedagogiem;6-10 lat;Zespó³ Szkó³ w Szczurowej;Uruchamiaj¹ ca³y zespó³ zmian w ciele, w sposobie myœlenia i zachowaniu cz³owieka.;s¹ normalne i potrzebne, poniewa¿ realizuj¹ szereg wa¿nych funkcji.;Przyjêcie odpowiedniej postawy cia³a lub wykonanie prostych ruchów.;Wdech odbywa siê przez nos, a wydech – przez usta.;Codzienna troska o fizycznoœæ, opieraj¹ca siê na trzech g³ównych filarach: w³aœciwej diecie, odpowiedniej iloœci snu i ruchu.
5.6.2025 16:08:25;Akceptujê;nauczycielem;1-5 lat;Szko³a Podstawowa nr 4 im. Stefana ¯eromskiego w Be³chatowie;Obie odpowiedzi s¹ poprawne.;s¹ normalne i potrzebne, poniewa¿ realizuj¹ szereg wa¿nych funkcji.;Przyjêcie odpowiedniej postawy cia³a lub wykonanie prostych ruchów.;Wdech odbywa siê przez nos, a wydech – przez usta.;Codzienna troska o fizycznoœæ, opieraj¹ca siê na trzech g³ównych filarach: w³aœciwej diecie, odpowiedniej iloœci snu i ruchu.
5.6.2025 16:09:56;Akceptujê;nauczycielem;6-10 lat;Szko³a Podstawowa nr 4 im. Stefana ¯eromskiego w Be³chatowie;Obie odpowiedzi s¹ poprawne.;s¹ normalne i potrzebne, poniewa¿ realizuj¹ szereg wa¿nych funkcji.;Przyjêcie odpowiedniej postawy cia³a lub wykonanie prostych ruchów.;Nie wiem;Optymistyczne nastawienie do codziennoœci i koncentrowanie siê na pozytywnych aspektach w³asnego ¿ycia.
5.6.2025 16:12:57;Akceptujê;nauczycielem;21 lat i wiêcej;Szko³a Podstawowa nr 4 im. Stefana ¯eromskiego w Be³chatowie;Obie odpowiedzi s¹ poprawne.;mo¿na podzieliæ na dobre (pozytywne) i z³e (negatywne).;Przyjêcie odpowiedniej postawy cia³a lub wykonanie prostych ruchów.;Wdech odbywa siê przez nos, a wydech – przez usta.;Codzienna troska o fizycznoœæ, opieraj¹ca siê na trzech g³ównych filarach: w³aœciwej diecie, odpowiedniej iloœci snu i ruchu.
5.6.2025 16:37:54;Akceptujê;nauczycielem;6-10 lat;Szko³a Podstawowa nr 4 im. Stefana ¯eromskiego w Be³chatowie;Obie odpowiedzi s¹ poprawne.;s¹ normalne i potrzebne, poniewa¿ realizuj¹ szereg wa¿nych funkcji.;Przyjêcie odpowiedniej postawy cia³a lub wykonanie prostych ruchów.;Wdech odbywa siê przez nos, a wydech – przez usta.;Optymistyczne nastawienie do codziennoœci i koncentrowanie siê na pozytywnych aspektach w³asnego ¿ycia.
5.7.2025 14:39:00;Akceptujê;pedagogiem;21 lat i wiêcej;Szko³a Podstawowa nr 2 im. hr. Edwarda Raczyñskiego w Komornikach;Uruchamiaj¹ ca³y zespó³ zmian w ciele, w sposobie myœlenia i zachowaniu cz³owieka.;s¹ normalne i potrzebne, poniewa¿ realizuj¹ szereg wa¿nych funkcji.;Przyjêcie odpowiedniej postawy cia³a lub wykonanie prostych ruchów.;Wdech odbywa siê przez nos, a wydech – przez usta.;Codzienna troska o fizycznoœæ, opieraj¹ca siê na trzech g³ównych filarach: w³aœciwej diecie, odpowiedniej iloœci snu i ruchu.
5.7.2025 14:46:29;Akceptujê;nauczycielem;11-15 lat;Szko³a Podstawowa nr 2 im. hr. Edwarda Raczyñskiego w Komornikach;Obie odpowiedzi s¹ poprawne.;s¹ normalne i potrzebne, poniewa¿ realizuj¹ szereg wa¿nych funkcji.;Przyjêcie odpowiedniej postawy cia³a lub wykonanie prostych ruchów.;Wdech odbywa siê przez nos, a wydech – przez usta.;Optymistyczne nastawienie do codziennoœci i koncentrowanie siê na pozytywnych aspektach w³asnego ¿ycia.
5.7.2025 14:58:06;Akceptujê;nauczycielem;1-5 lat;Szko³a Podstawowa nr 2 im. hr. Edwarda Raczyñskiego w Komornikach;Uruchamiaj¹ ca³y zespó³ zmian w ciele, w sposobie myœlenia i zachowaniu cz³owieka.;s¹ normalne i potrzebne, poniewa¿ realizuj¹ szereg wa¿nych funkcji.;Przyjêcie odpowiedniej postawy cia³a lub wykonanie prostych ruchów.;Wdech odbywa siê przez nos, a wydech – przez usta.;Codzienna troska o fizycznoœæ, opieraj¹ca siê na trzech g³ównych filarach: w³aœciwej diecie, odpowiedniej iloœci snu i ruchu.
5.7.2025 15:00:31;Akceptujê;Nauczycielem wspó³organizuj¹cym kszta³cenie ;21 lat i wiêcej;Szko³a Podstawowa nr 2 im. hr. Edwarda Raczyñskiego w Komornikach;Obie odpowiedzi s¹ poprawne.;s¹ normalne i potrzebne, poniewa¿ realizuj¹ szereg wa¿nych funkcji.;Przyjêcie odpowiedniej postawy cia³a lub wykonanie prostych ruchów.;Wdech odbywa siê przez nos, a wydech – przez usta.;Codzienna troska o fizycznoœæ, opieraj¹ca siê na trzech g³ównych filarach: w³aœciwej diecie, odpowiedniej iloœci snu i ruchu.
5.7.2025 15:00:39;Akceptujê;nauczycielem;21 lat i wiêcej;Szko³a Podstawowa nr 2 im. hr. Edwarda Raczyñskiego w Komornikach;Obie odpowiedzi s¹ poprawne.;s¹ normalne i potrzebne, poniewa¿ realizuj¹ szereg wa¿nych funkcji.;Przyjêcie odpowiedniej postawy cia³a lub wykonanie prostych ruchów.;Wdech odbywa siê przez nos, a wydech – przez usta.;Optymistyczne nastawienie do codziennoœci i koncentrowanie siê na pozytywnych aspektach w³asnego ¿ycia.
5.7.2025 15:00:56;Akceptujê;nauczycielem;11-15 lat;Szko³a Podstawowa nr 2 im. hr. Edwarda Raczyñskiego w Komornikach;Obie odpowiedzi s¹ poprawne.;s¹ normalne i potrzebne, poniewa¿ realizuj¹ szereg wa¿nych funkcji.;Przyjêcie odpowiedniej postawy cia³a lub wykonanie prostych ruchów.;Wdech odbywa siê przez nos, a wydech – przez usta.;Nie wiem
5.7.2025 15:01:26;Akceptujê;nauczycielem;1-5 lat;Szko³a Podstawowa nr 2 im. hr. Edwarda Raczyñskiego w Komornikach;Obie odpowiedzi s¹ poprawne.;s¹ normalne i potrzebne, poniewa¿ realizuj¹ szereg wa¿nych funkcji.;Przyjêcie odpowiedniej postawy cia³a lub wykonanie prostych ruchów.;Wdech odbywa siê przez nos, a wydech – przez usta.;Codzienna troska o fizycznoœæ, opieraj¹ca siê na trzech g³ównych filarach: w³aœciwej diecie, odpowiedniej iloœci snu i ruchu.
5.7.2025 15:02:04;Akceptujê;dyrektorem/wicedyrektorem;21 lat i wiêcej;Szko³a Podstawowa nr 2 im. hr. Edwarda Raczyñskiego w Komornikach;Obie odpowiedzi s¹ poprawne.;s¹ normalne i potrzebne, poniewa¿ realizuj¹ szereg wa¿nych funkcji.;Przyjêcie odpowiedniej postawy cia³a lub wykonanie prostych ruchów.;Wdech odbywa siê przez nos, a wydech – przez usta.;Codzienna troska o fizycznoœæ, opieraj¹ca siê na trzech g³ównych filarach: w³aœciwej diecie, odpowiedniej iloœci snu i ruchu.
5.7.2025 15:02:33;Akceptujê;nauczycielem;6-10 lat;Szko³a Podstawowa nr 2 im. hr. Edwarda Raczyñskiego w Komornikach;Obie odpowiedzi s¹ poprawne.;s¹ normalne i potrzebne, poniewa¿ realizuj¹ szereg wa¿nych funkcji.;Przyjêcie odpowiedniej postawy cia³a lub wykonanie prostych ruchów.;Wdech odbywa siê przez nos, a wydech – przez usta.;Optymistyczne nastawienie do codziennoœci i koncentrowanie siê na pozytywnych aspektach w³asnego ¿ycia.
5.7.2025 15:04:32;Akceptujê;nauczycielem;1-5 lat;Szko³a Podstawowa nr 2 im. hr. Edwarda Raczyñskiego w Komornikach;Obie odpowiedzi s¹ poprawne.;s¹ normalne i potrzebne, poniewa¿ realizuj¹ szereg wa¿nych funkcji.;Przyjêcie odpowiedniej postawy cia³a lub wykonanie prostych ruchów.;Wdech odbywa siê przez nos, a wydech – przez usta.;Nie wiem
5.7.2025 15:04:56;Akceptujê;nauczycielem;16-20 lat;Szko³a Podstawowa nr 2 im. hr. Edwarda Raczyñskiego w Komornikach;Obie odpowiedzi s¹ poprawne.;mo¿na podzieliæ na dobre (pozytywne) i z³e (negatywne).;Nie wiem;Wdech odbywa siê przez nos, a wydech – przez usta.;Codzienna troska o fizycznoœæ, opieraj¹ca siê na trzech g³ównych filarach: w³aœciwej diecie, odpowiedniej iloœci snu i ruchu.
5.7.2025 15:06:53;Akceptujê;nauczycielem;16-20 lat;Szko³a Podstawowa nr 2 im. hr. Edwarda Raczyñskiego w Komornikach;Obie odpowiedzi s¹ poprawne.;s¹ normalne i potrzebne, poniewa¿ realizuj¹ szereg wa¿nych funkcji.;Przyjêcie odpowiedniej postawy cia³a lub wykonanie prostych ruchów.;Wdech odbywa siê przez nos, a wydech – przez usta.;Codzienna troska o fizycznoœæ, opieraj¹ca siê na trzech g³ównych filarach: w³aœciwej diecie, odpowiedniej iloœci snu i ruchu.
5.7.2025 15:07:52;Akceptujê;nauczycielem;11-15 lat;Szko³a Podstawowa nr 2 im. hr. Edwarda Raczyñskiego w Komornikach;Obie odpowiedzi s¹ poprawne.;mo¿na podzieliæ na dobre (pozytywne) i z³e (negatywne).;Przyjêcie odpowiedniej postawy cia³a lub wykonanie prostych ruchów.;Wdech odbywa siê przez nos, a wydech – przez usta.;Codzienna troska o fizycznoœæ, opieraj¹ca siê na trzech g³ównych filarach: w³aœciwej diecie, odpowiedniej iloœci snu i ruchu.
5.7.2025 15:08:27;Akceptujê;pedagogiem;21 lat i wiêcej;Szko³a Podstawowa nr 2 im. hr. Edwarda Raczyñskiego w Komornikach;Obie odpowiedzi s¹ poprawne.;s¹ normalne i potrzebne, poniewa¿ realizuj¹ szereg wa¿nych funkcji.;Przyjêcie odpowiedniej postawy cia³a lub wykonanie prostych ruchów.;Wdech odbywa siê przez nos, a wydech – przez usta.;Codzienna troska o fizycznoœæ, opieraj¹ca siê na trzech g³ównych filarach: w³aœciwej diecie, odpowiedniej iloœci snu i ruchu.
5.7.2025 15:17:16;Akceptujê;nauczycielem;1-5 lat;Szko³a Podstawowa nr 2 im. hr. Edwarda Raczyñskiego w Komornikach;Obie odpowiedzi s¹ poprawne.;s¹ normalne i potrzebne, poniewa¿ realizuj¹ szereg wa¿nych funkcji.;Przyjêcie odpowiedniej postawy cia³a lub wykonanie prostych ruchów.;Wdech odbywa siê przez nos, a wydech – przez usta.;Codzienna troska o fizycznoœæ, opieraj¹ca siê na trzech g³ównych filarach: w³aœciwej diecie, odpowiedniej iloœci snu i ruchu.
5.7.2025 15:18:26;Akceptujê;psychologiem;1-5 lat;Szko³a Podstawowa nr 2 im. hr. Edwarda Raczyñskiego w Komornikach;Obie odpowiedzi s¹ poprawne.;s¹ normalne i potrzebne, poniewa¿ realizuj¹ szereg wa¿nych funkcji.;Przyjêcie odpowiedniej postawy cia³a lub wykonanie prostych ruchów.;Wdech odbywa siê przez nos, a wydech – przez usta.;Codzienna troska o fizycznoœæ, opieraj¹ca siê na trzech g³ównych filarach: w³aœciwej diecie, odpowiedniej iloœci snu i ruchu.
5.7.2025 15:37:15;Akceptujê;nauczycielem;16-20 lat;Prywatna Szko³a Podstawowa i Liceum im. Królowej Jadwigi w Lublinie;Obie odpowiedzi s¹ poprawne.;s¹ normalne i potrzebne, poniewa¿ realizuj¹ szereg wa¿nych funkcji.;Przyjêcie odpowiedniej postawy cia³a lub wykonanie prostych ruchów.;Wdech odbywa siê przez nos, a wydech – przez usta.;Optymistyczne nastawienie do codziennoœci i koncentrowanie siê na pozytywnych aspektach w³asnego ¿ycia.
5.7.2025 15:37:45;Akceptujê;nauczycielem;21 lat i wiêcej;Prywatna Szko³a Podstawowa i Liceum im. Królowej Jadwigi w Lublinie;Obie odpowiedzi s¹ poprawne.;s¹ normalne i potrzebne, poniewa¿ realizuj¹ szereg wa¿nych funkcji.;Przyjêcie odpowiedniej postawy cia³a lub wykonanie prostych ruchów.;Wdech odbywa siê przez nos, a wydech – przez usta.;Optymistyczne nastawienie do codziennoœci i koncentrowanie siê na pozytywnych aspektach w³asnego ¿ycia.
5.7.2025 15:37:51;Akceptujê;nauczycielem;6-10 lat;Prywatna Szko³a Podstawowa i Liceum im. Królowej Jadwigi w Lublinie;Obie odpowiedzi s¹ poprawne.;s¹ normalne i potrzebne, poniewa¿ realizuj¹ szereg wa¿nych funkcji.;Przyjêcie odpowiedniej postawy cia³a lub wykonanie prostych ruchów.;Wdech odbywa siê przez nos, a wydech – przez usta.;Codzienna troska o fizycznoœæ, opieraj¹ca siê na trzech g³ównych filarach: w³aœciwej diecie, odpowiedniej iloœci snu i ruchu.
5.7.2025 15:38:16;Akceptujê;pedagogiem;6-10 lat;Prywatna Szko³a Podstawowa i Liceum im. Królowej Jadwigi w Lublinie;Obie odpowiedzi s¹ poprawne.;s¹ normalne i potrzebne, poniewa¿ realizuj¹ szereg wa¿nych funkcji.;Przyjêcie odpowiedniej postawy cia³a lub wykonanie prostych ruchów.;Wdech odbywa siê przez nos, a wydech – przez usta.;Optymistyczne nastawienie do codziennoœci i koncentrowanie siê na pozytywnych aspektach w³asnego ¿ycia.
5.7.2025 15:38:43;Akceptujê;nauczycielem;16-20 lat;Prywatna Szko³a Podstawowa i Liceum im. Królowej Jadwigi w Lublinie;Obie odpowiedzi s¹ poprawne.;s¹ normalne i potrzebne, poniewa¿ realizuj¹ szereg wa¿nych funkcji.;Przyjêcie odpowiedniej postawy cia³a lub wykonanie prostych ruchów.;Wdech odbywa siê przez nos, a wydech – przez usta.;Optymistyczne nastawienie do codziennoœci i koncentrowanie siê na pozytywnych aspektach w³asnego ¿ycia.
5.7.2025 15:38:45;Akceptujê;nauczycielem;21 lat i wiêcej;Prywatna Szko³a Podstawowa i Liceum im. Królowej Jadwigi w Lublinie;Obie odpowiedzi s¹ poprawne.;s¹ normalne i potrzebne, poniewa¿ realizuj¹ szereg wa¿nych funkcji.;Przyjêcie odpowiedniej postawy cia³a lub wykonanie prostych ruchów.;Wdech odbywa siê przez nos, a wydech – przez usta.;Codzienna troska o fizycznoœæ, opieraj¹ca siê na trzech g³ównych filarach: w³aœciwej diecie, odpowiedniej iloœci snu i ruchu.
5.7.2025 15:51:35;Akceptujê;nauczycielem;1-5 lat;Prywatna Szko³a Podstawowa i Liceum im. Królowej Jadwigi w Lublinie;Obie odpowiedzi s¹ poprawne.;mo¿na podzieliæ na dobre (pozytywne) i z³e (negatywne).;Przyjêcie odpowiedniej postawy cia³a lub wykonanie prostych ruchów.;Wdech odbywa siê przez nos, a wydech – przez usta.;Optymistyczne nastawienie do codziennoœci i koncentrowanie siê na pozytywnych aspektach w³asnego ¿ycia.
5.7.2025 16:10:04;Akceptujê;nauczycielem;21 lat i wiêcej;Prywatna Szko³a Podstawowa i Liceum im. Królowej Jadwigi w Lublinie;Obie odpowiedzi s¹ poprawne.;mo¿na podzieliæ na dobre (pozytywne) i z³e (negatywne).;Przyjêcie odpowiedniej postawy cia³a lub wykonanie prostych ruchów.;Wdech odbywa siê przez nos, a wydech – przez usta.;Codzienna troska o fizycznoœæ, opieraj¹ca siê na trzech g³ównych filarach: w³aœciwej diecie, odpowiedniej iloœci snu i ruchu.
5.7.2025 16:14:49;Akceptujê;dyrektorem/wicedyrektorem;6-10 lat;Szko³a Podstawowa nr 2 im. hr. Edwarda Raczyñskiego w Komornikach;Obie odpowiedzi s¹ poprawne.;s¹ normalne i potrzebne, poniewa¿ realizuj¹ szereg wa¿nych funkcji.;Przyjêcie odpowiedniej postawy cia³a lub wykonanie prostych ruchów.;Wdech odbywa siê przez nos, a wydech – przez usta.;Codzienna troska o fizycznoœæ, opieraj¹ca siê na trzech g³ównych filarach: w³aœciwej diecie, odpowiedniej iloœci snu i ruchu.
5.7.2025 16:16:25;Akceptujê;nauczycielem;16-20 lat;Prywatna Szko³a Podstawowa i Liceum im. Królowej Jadwigi w Lublinie;Obie odpowiedzi s¹ poprawne.;s¹ normalne i potrzebne, poniewa¿ realizuj¹ szereg wa¿nych funkcji.;Przyjêcie odpowiedniej postawy cia³a lub wykonanie prostych ruchów.;Wdech odbywa siê przez usta, a wydech – przez nos.;Codzienna troska o fizycznoœæ, opieraj¹ca siê na trzech g³ównych filarach: w³aœciwej diecie, odpowiedniej iloœci snu i ruchu.
5.7.2025 16:24:17;Akceptujê;nauczycielem;1-5 lat;Szko³a Podstawowa nr 2 im. hr. Edwarda Raczyñskiego w Komornikach;Obie odpowiedzi s¹ poprawne.;mo¿na podzieliæ na dobre (pozytywne) i z³e (negatywne).;Przyjêcie odpowiedniej postawy cia³a lub wykonanie prostych ruchów.;Wdech odbywa siê przez nos, a wydech – przez usta.;Codzienna troska o fizycznoœæ, opieraj¹ca siê na trzech g³ównych filarach: w³aœciwej diecie, odpowiedniej iloœci snu i ruchu.
5.7.2025 17:53:22;Akceptujê;psychologiem;1-5 lat;Prywatna Szko³a Podstawowa i Liceum im. Królowej Jadwigi w Lublinie;Nie wiem;Nie wiem;Nie wiem;Nie wiem;Nie wiem
5.8.2025 15:29:09;Akceptujê;nauczycielem;11-15 lat;Szko³a Podstawowa im b³. ks. W³adys³awa Bukowiñskiego w Lubiczu Dolnym;Obie odpowiedzi s¹ poprawne.;s¹ normalne i potrzebne, poniewa¿ realizuj¹ szereg wa¿nych funkcji.;Przyjêcie odpowiedniej postawy cia³a lub wykonanie prostych ruchów.;Wdech odbywa siê przez nos, a wydech – przez usta.;Codzienna troska o fizycznoœæ, opieraj¹ca siê na trzech g³ównych filarach: w³aœciwej diecie, odpowiedniej iloœci snu i ruchu.
5.8.2025 15:29:42;Akceptujê;nauczycielem;21 lat i wiêcej;Szko³a Podstawowa im b³. ks. W³adys³awa Bukowiñskiego w Lubiczu Dolnym;Obie odpowiedzi s¹ poprawne.;mo¿na podzieliæ na dobre (pozytywne) i z³e (negatywne).;Nie wiem;Wdech odbywa siê przez nos, a wydech – przez usta.;Codzienna troska o fizycznoœæ, opieraj¹ca siê na trzech g³ównych filarach: w³aœciwej diecie, odpowiedniej iloœci snu i ruchu.
5.8.2025 15:30:39;Akceptujê;nauczycielem;mniej ni¿ rok;Szko³a Podstawowa im b³. ks. W³adys³awa Bukowiñskiego w Lubiczu Dolnym;Obie odpowiedzi s¹ poprawne.;s¹ normalne i potrzebne, poniewa¿ realizuj¹ szereg wa¿nych funkcji.;Przyjêcie odpowiedniej postawy cia³a lub wykonanie prostych ruchów.;Wdech i wydech odbywaj¹ siê przez nos.;Optymistyczne nastawienie do codziennoœci i koncentrowanie siê na pozytywnych aspektach w³asnego ¿ycia.
5.8.2025 15:31:37;Akceptujê;dyrektorem/wicedyrektorem;21 lat i wiêcej;Szko³a Podstawowa im b³. ks. W³adys³awa Bukowiñskiego w Lubiczu Dolnym;Obie odpowiedzi s¹ poprawne.;mo¿na podzieliæ na dobre (pozytywne) i z³e (negatywne).;Przyjêcie odpowiedniej postawy cia³a lub wykonanie prostych ruchów.;Wdech odbywa siê przez nos, a wydech – przez usta.;Codzienna troska o fizycznoœæ, opieraj¹ca siê na trzech g³ównych filarach: w³aœciwej diecie, odpowiedniej iloœci snu i ruchu.
5.8.2025 15:34:40;Akceptujê;nauczycielem;21 lat i wiêcej;Szko³a Podstawowa im b³. ks. W³adys³awa Bukowiñskiego w Lubiczu Dolnym;Obie odpowiedzi s¹ poprawne.;s¹ normalne i potrzebne, poniewa¿ realizuj¹ szereg wa¿nych funkcji.;Przyjêcie odpowiedniej postawy cia³a lub wykonanie prostych ruchów.;Wdech odbywa siê przez nos, a wydech – przez usta.;Optymistyczne nastawienie do codziennoœci i koncentrowanie siê na pozytywnych aspektach w³asnego ¿ycia.
5.8.2025 15:37:42;Akceptujê;nauczycielem;6-10 lat;Szko³a Podstawowa im b³. ks. W³adys³awa Bukowiñskiego w Lubiczu Dolnym;Obie odpowiedzi s¹ poprawne.;s¹ normalne i potrzebne, poniewa¿ realizuj¹ szereg wa¿nych funkcji.;Przyjêcie odpowiedniej postawy cia³a lub wykonanie prostych ruchów.;Wdech odbywa siê przez nos, a wydech – przez usta.;Codzienna troska o fizycznoœæ, opieraj¹ca siê na trzech g³ównych filarach: w³aœciwej diecie, odpowiedniej iloœci snu i ruchu.
5.8.2025 15:43:23;Akceptujê;nauczycielem;6-10 lat;Szko³a Podstawowa im b³. ks. W³adys³awa Bukowiñskiego w Lubiczu Dolnym;Obie odpowiedzi s¹ poprawne.;mo¿na podzieliæ na dobre (pozytywne) i z³e (negatywne).;Przyjêcie odpowiedniej postawy cia³a lub wykonanie prostych ruchów.;Wdech odbywa siê przez nos, a wydech – przez usta.;Codzienna troska o fizycznoœæ, opieraj¹ca siê na trzech g³ównych filarach: w³aœciwej diecie, odpowiedniej iloœci snu i ruchu.
5.8.2025 15:46:12;Akceptujê;psychologiem;mniej ni¿ rok;Szko³a Podstawowa im b³. ks. W³adys³awa Bukowiñskiego w Lubiczu Dolnym;Obie odpowiedzi s¹ poprawne.;s¹ normalne i potrzebne, poniewa¿ realizuj¹ szereg wa¿nych funkcji.;Przyjêcie odpowiedniej postawy cia³a lub wykonanie prostych ruchów.;Wdech odbywa siê przez nos, a wydech – przez usta.;Codzienna troska o fizycznoœæ, opieraj¹ca siê na trzech g³ównych filarach: w³aœciwej diecie, odpowiedniej iloœci snu i ruchu.
5.8.2025 16:02:07;Akceptujê;nauczycielem;1-5 lat;Szko³a Podstawowa im b³. ks. W³adys³awa Bukowiñskiego w Lubiczu Dolnym;Obie odpowiedzi s¹ poprawne.;s¹ normalne i potrzebne, poniewa¿ realizuj¹ szereg wa¿nych funkcji.;Przyjêcie odpowiedniej postawy cia³a lub wykonanie prostych ruchów.;Wdech odbywa siê przez nos, a wydech – przez usta.;Codzienna troska o fizycznoœæ, opieraj¹ca siê na trzech g³ównych filarach: w³aœciwej diecie, odpowiedniej iloœci snu i ruchu.
5.8.2025 16:07:14;Akceptujê;pedagogiem;6-10 lat;Szko³a Podstawowa im b³. ks. W³adys³awa Bukowiñskiego w Lubiczu Dolnym;Uruchamiaj¹ ca³y zespó³ zmian w ciele, w sposobie myœlenia i zachowaniu cz³owieka.;s¹ normalne i potrzebne, poniewa¿ realizuj¹ szereg wa¿nych funkcji.;Przyjêcie odpowiedniej postawy cia³a lub wykonanie prostych ruchów.;Wdech odbywa siê przez nos, a wydech – przez usta.;Codzienna troska o fizycznoœæ, opieraj¹ca siê na trzech g³ównych filarach: w³aœciwej diecie, odpowiedniej iloœci snu i ruchu.
5.8.2025 16:12:26;Akceptujê;pedagogiem;6-10 lat;Szko³a Podstawowa im b³. ks. W³adys³awa Bukowiñskiego w Lubiczu Dolnym;Obie odpowiedzi s¹ poprawne.;mo¿na podzieliæ na dobre (pozytywne) i z³e (negatywne).;Przyjêcie odpowiedniej postawy cia³a lub wykonanie prostych ruchów.;Wdech odbywa siê przez nos, a wydech – przez usta.;Optymistyczne nastawienie do codziennoœci i koncentrowanie siê na pozytywnych aspektach w³asnego ¿ycia.
5.8.2025 16:53:55;Akceptujê;nauczycielem;11-15 lat;Szko³a Podstawowa im b³. ks. W³adys³awa Bukowiñskiego w Lubiczu Dolnym;Uruchamiaj¹ ca³y zespó³ zmian w ciele, w sposobie myœlenia i zachowaniu cz³owieka.;s¹ normalne i potrzebne, poniewa¿ realizuj¹ szereg wa¿nych funkcji.;Przyjêcie odpowiedniej postawy cia³a lub wykonanie prostych ruchów.;Nie wiem;Codzienna troska o fizycznoœæ, opieraj¹ca siê na trzech g³ównych filarach: w³aœciwej diecie, odpowiedniej iloœci snu i ruchu.
5.8.2025 17:57:44;Akceptujê;pedagogiem;6-10 lat;Szko³a Podstawowa im b³. ks. W³adys³awa Bukowiñskiego w Lubiczu Dolnym;Obie odpowiedzi s¹ poprawne.;mo¿na podzieliæ na dobre (pozytywne) i z³e (negatywne).;Przyjêcie odpowiedniej postawy cia³a lub wykonanie prostych ruchów.;Wdech odbywa siê przez nos, a wydech – przez usta.;Optymistyczne nastawienie do codziennoœci i koncentrowanie siê na pozytywnych aspektach w³asnego ¿ycia.
5.12.2025 15:01:38;Akceptujê;dyrektorem/wicedyrektorem;21 lat i wiêcej;Szko³a Podstawowa im pp³k. Stanis³awa Sienkiewicza w Milejowie;Obie odpowiedzi s¹ poprawne.;mo¿na podzieliæ na dobre (pozytywne) i z³e (negatywne).;Przyjêcie odpowiedniej postawy cia³a lub wykonanie prostych ruchów.;Wdech odbywa siê przez nos, a wydech – przez usta.;Codzienna troska o fizycznoœæ, opieraj¹ca siê na trzech g³ównych filarach: w³aœciwej diecie, odpowiedniej iloœci snu i ruchu.
5.12.2025 15:02:01;Akceptujê;logoped¹;16-20 lat;Szko³a Podstawowa im pp³k. Stanis³awa Sienkiewicza w Milejowie;Obie odpowiedzi s¹ poprawne.;s¹ normalne i potrzebne, poniewa¿ realizuj¹ szereg wa¿nych funkcji.;Przyjêcie odpowiedniej postawy cia³a lub wykonanie prostych ruchów.;Wdech i wydech odbywaj¹ siê przez nos.;Optymistyczne nastawienie do codziennoœci i koncentrowanie siê na pozytywnych aspektach w³asnego ¿ycia.
5.12.2025 15:02:15;Akceptujê;psychologiem;6-10 lat;Szko³a Podstawowa im pp³k. Stanis³awa Sienkiewicza w Milejowie;Obie odpowiedzi s¹ poprawne.;s¹ normalne i potrzebne, poniewa¿ realizuj¹ szereg wa¿nych funkcji.;Przyjêcie odpowiedniej postawy cia³a lub wykonanie prostych ruchów.;Wdech odbywa siê przez nos, a wydech – przez usta.;Optymistyczne nastawienie do codziennoœci i koncentrowanie siê na pozytywnych aspektach w³asnego ¿ycia.
5.12.2025 15:02:48;Akceptujê;nauczycielem;21 lat i wiêcej;Szko³a Podstawowa im pp³k. Stanis³awa Sienkiewicza w Milejowie;To reakcje, które pojawiaj¹ siê w odpowiedzi na subiektywnie wa¿n¹ dla danej osoby sytuacjê.;mo¿na podzieliæ na dobre (pozytywne) i z³e (negatywne).;Przyjêcie odpowiedniej postawy cia³a lub wykonanie prostych ruchów.;Wdech odbywa siê przez nos, a wydech – przez usta.;Codzienna troska o fizycznoœæ, opieraj¹ca siê na trzech g³ównych filarach: w³aœciwej diecie, odpowiedniej iloœci snu i ruchu.
5.12.2025 15:03:41;Akceptujê;nauczycielem;6-10 lat;Szko³a Podstawowa im pp³k. Stanis³awa Sienkiewicza w Milejowie;Obie odpowiedzi s¹ poprawne.;s¹ normalne i potrzebne, poniewa¿ realizuj¹ szereg wa¿nych funkcji.;Przyjêcie odpowiedniej postawy cia³a lub wykonanie prostych ruchów.;Wdech odbywa siê przez nos, a wydech – przez usta.;Optymistyczne nastawienie do codziennoœci i koncentrowanie siê na pozytywnych aspektach w³asnego ¿ycia.
5.12.2025 15:05:01;Akceptujê;nauczycielem;21 lat i wiêcej;Szko³a Podstawowa im pp³k. Stanis³awa Sienkiewicza w Milejowie;Obie odpowiedzi s¹ poprawne.;s¹ normalne i potrzebne, poniewa¿ realizuj¹ szereg wa¿nych funkcji.;Przyjêcie odpowiedniej postawy cia³a lub wykonanie prostych ruchów.;Wdech odbywa siê przez nos, a wydech – przez usta.;Optymistyczne nastawienie do codziennoœci i koncentrowanie siê na pozytywnych aspektach w³asnego ¿ycia.
5.12.2025 15:05:18;Akceptujê;nauczycielem;21 lat i wiêcej;Szko³a Podstawowa im pp³k. Stanis³awa Sienkiewicza w Milejowie;Obie odpowiedzi s¹ poprawne.;s¹ normalne i potrzebne, poniewa¿ realizuj¹ szereg wa¿nych funkcji.;Przyjêcie odpowiedniej postawy cia³a lub wykonanie prostych ruchów.;Wdech odbywa siê przez nos, a wydech – przez usta.;Nie wiem
5.12.2025 15:06:25;Akceptujê;nauczycielem;21 lat i wiêcej;Szko³a Podstawowa im pp³k. Stanis³awa Sienkiewicza w Milejowie;Obie odpowiedzi s¹ poprawne.;s¹ normalne i potrzebne, poniewa¿ realizuj¹ szereg wa¿nych funkcji.;Przyjêcie odpowiedniej postawy cia³a lub wykonanie prostych ruchów.;Wdech odbywa siê przez nos, a wydech – przez usta.;Optymistyczne nastawienie do codziennoœci i koncentrowanie siê na pozytywnych aspektach w³asnego ¿ycia.
5.12.2025 15:06:51;Akceptujê;nauczycielem;21 lat i wiêcej;Szko³a Podstawowa im pp³k. Stanis³awa Sienkiewicza w Milejowie;To reakcje, które pojawiaj¹ siê w odpowiedzi na subiektywnie wa¿n¹ dla danej osoby sytuacjê.;mo¿na podzieliæ na dobre (pozytywne) i z³e (negatywne).;Przyjêcie odpowiedniej postawy cia³a lub wykonanie prostych ruchów.;Wdech odbywa siê przez nos, a wydech – przez usta.;Optymistyczne nastawienie do codziennoœci i koncentrowanie siê na pozytywnych aspektach w³asnego ¿ycia.
5.12.2025 15:07:46;Akceptujê;nauczycielem;21 lat i wiêcej;Szko³a Podstawowa im pp³k. Stanis³awa Sienkiewicza w Milejowie;Obie odpowiedzi s¹ poprawne.;s¹ normalne i potrzebne, poniewa¿ realizuj¹ szereg wa¿nych funkcji.;Nie wiem;Wdech odbywa siê przez nos, a wydech – przez usta.;Optymistyczne nastawienie do codziennoœci i koncentrowanie siê na pozytywnych aspektach w³asnego ¿ycia.
5.12.2025 15:12:57;Akceptujê;nauczycielem;16-20 lat;Szko³a Podstawowa im pp³k. Stanis³awa Sienkiewicza w Milejowie;Obie odpowiedzi s¹ poprawne.;mo¿na podzieliæ na dobre (pozytywne) i z³e (negatywne).;Przyjêcie odpowiedniej postawy cia³a lub wykonanie prostych ruchów.;Wdech odbywa siê przez nos, a wydech – przez usta.;Codzienna troska o fizycznoœæ, opieraj¹ca siê na trzech g³ównych filarach: w³aœciwej diecie, odpowiedniej iloœci snu i ruchu.
5.12.2025 15:13:07;Akceptujê;nauczycielem;6-10 lat;Szko³a Podstawowa im pp³k. Stanis³awa Sienkiewicza w Milejowie;Obie odpowiedzi s¹ poprawne.;mo¿na podzieliæ na dobre (pozytywne) i z³e (negatywne).;Przyjêcie odpowiedniej postawy cia³a lub wykonanie prostych ruchów.;Wdech odbywa siê przez nos, a wydech – przez usta.;Codzienna troska o fizycznoœæ, opieraj¹ca siê na trzech g³ównych filarach: w³aœciwej diecie, odpowiedniej iloœci snu i ruchu.
5.12.2025 15:30:39;Akceptujê;nauczycielem;21 lat i wiêcej;Szko³a Podstawowa im pp³k. Stanis³awa Sienkiewicza w Milejowie;Obie odpowiedzi s¹ poprawne.;s¹ normalne i potrzebne, poniewa¿ realizuj¹ szereg wa¿nych funkcji.;Przyjêcie odpowiedniej postawy cia³a lub wykonanie prostych ruchów.;Wdech odbywa siê przez nos, a wydech – przez usta.;Codzienna troska o fizycznoœæ, opieraj¹ca siê na trzech g³ównych filarach: w³aœciwej diecie, odpowiedniej iloœci snu i ruchu.
5.12.2025 15:45:58;Akceptujê;nauczycielem;11-15 lat;Szko³a Podstawowa im pp³k. Stanis³awa Sienkiewicza w Milejowie;Obie odpowiedzi s¹ poprawne.;s¹ normalne i potrzebne, poniewa¿ realizuj¹ szereg wa¿nych funkcji.;Przyjêcie odpowiedniej postawy cia³a lub wykonanie prostych ruchów.;Wdech odbywa siê przez nos, a wydech – przez usta.;Codzienna troska o fizycznoœæ, opieraj¹ca siê na trzech g³ównych filarach: w³aœciwej diecie, odpowiedniej iloœci snu i ruchu.
5.12.2025 15:57:02;Akceptujê;nauczycielem;21 lat i wiêcej;Szko³a Podstawowa im pp³k. Stanis³awa Sienkiewicza w Milejowie;Obie odpowiedzi s¹ poprawne.;mo¿na podzieliæ na dobre (pozytywne) i z³e (negatywne).;Przyjêcie odpowiedniej postawy cia³a lub wykonanie prostych ruchów.;Wdech odbywa siê przez nos, a wydech – przez usta.;Optymistyczne nastawienie do codziennoœci i koncentrowanie siê na pozytywnych aspektach w³asnego ¿ycia.
5.12.2025 15:59:42;Akceptujê;nauczycielem;21 lat i wiêcej;Szko³a Podstawowa im pp³k. Stanis³awa Sienkiewicza w Milejowie;Obie odpowiedzi s¹ poprawne.;mo¿na podzieliæ na dobre (pozytywne) i z³e (negatywne).;Przyjêcie odpowiedniej postawy cia³a lub wykonanie prostych ruchów.;Wdech odbywa siê przez nos, a wydech – przez usta.;¯adna z powy¿szych.
5.12.2025 16:26:31;Akceptujê;nauczycielem;21 lat i wiêcej;Szko³a Podstawowa im pp³k. Stanis³awa Sienkiewicza w Milejowie;Obie odpowiedzi s¹ poprawne.;s¹ normalne i potrzebne, poniewa¿ realizuj¹ szereg wa¿nych funkcji.;Przyjêcie odpowiedniej postawy cia³a lub wykonanie prostych ruchów.;Wdech odbywa siê przez nos, a wydech – przez usta.;Optymistyczne nastawienie do codziennoœci i koncentrowanie siê na pozytywnych aspektach w³asnego ¿ycia.
5.12.2025 16:29:27;Akceptujê;nauczycielem;21 lat i wiêcej;Szko³a Podstawowa im pp³k. Stanis³awa Sienkiewicza w Milejowie;Obie odpowiedzi s¹ poprawne.;mo¿na podzieliæ na dobre (pozytywne) i z³e (negatywne).;Przyjêcie odpowiedniej postawy cia³a lub wykonanie prostych ruchów.;Wdech odbywa siê przez nos, a wydech – przez usta.;Optymistyczne nastawienie do codziennoœci i koncentrowanie siê na pozytywnych aspektach w³asnego ¿ycia.
5.13.2025 15:30:29;Akceptujê;nauczycielem;11-15 lat;Publiczna Szko³a Podstawowa nr 11 im. Orl¹t Lwowskich w Opolu;To reakcje, które pojawiaj¹ siê w odpowiedzi na subiektywnie wa¿n¹ dla danej osoby sytuacjê.;mo¿na podzieliæ na dobre (pozytywne) i z³e (negatywne).;Przyjêcie odpowiedniej postawy cia³a lub wykonanie prostych ruchów.;Wdech odbywa siê przez nos, a wydech – przez usta.;Codzienna troska o fizycznoœæ, opieraj¹ca siê na trzech g³ównych filarach: w³aœciwej diecie, odpowiedniej iloœci snu i ruchu.
5.13.2025 15:32:23;Akceptujê;nauczycielem;1-5 lat;Publiczna Szko³a Podstawowa nr 11 im. Orl¹t Lwowskich w Opolu;To reakcje, które pojawiaj¹ siê w odpowiedzi na subiektywnie wa¿n¹ dla danej osoby sytuacjê.;mo¿na podzieliæ na dobre (pozytywne) i z³e (negatywne).;Przyjêcie odpowiedniej postawy cia³a lub wykonanie prostych ruchów.;Wdech odbywa siê przez nos, a wydech – przez usta.;Optymistyczne nastawienie do codziennoœci i koncentrowanie siê na pozytywnych aspektach w³asnego ¿ycia.
5.13.2025 15:32:26;Akceptujê;nauczycielem;21 lat i wiêcej;Publiczna Szko³a Podstawowa nr 11 im. Orl¹t Lwowskich w Opolu;Obie odpowiedzi s¹ poprawne.;s¹ normalne i potrzebne, poniewa¿ realizuj¹ szereg wa¿nych funkcji.;Przyjêcie odpowiedniej postawy cia³a lub wykonanie prostych ruchów.;Wdech odbywa siê przez nos, a wydech – przez usta.;Optymistyczne nastawienie do codziennoœci i koncentrowanie siê na pozytywnych aspektach w³asnego ¿ycia.
5.13.2025 15:32:34;Akceptujê;nauczycielem;16-20 lat;Publiczna Szko³a Podstawowa nr 11 im. Orl¹t Lwowskich w Opolu;Obie odpowiedzi s¹ poprawne.;s¹ normalne i potrzebne, poniewa¿ realizuj¹ szereg wa¿nych funkcji.;Przyjêcie odpowiedniej postawy cia³a lub wykonanie prostych ruchów.;Wdech i wydech odbywaj¹ siê przez nos.;Codzienna troska o fizycznoœæ, opieraj¹ca siê na trzech g³ównych filarach: w³aœciwej diecie, odpowiedniej iloœci snu i ruchu.
5.13.2025 15:33:24;Akceptujê;nauczycielem;6-10 lat;Publiczna Szko³a Podstawowa nr 11 im. Orl¹t Lwowskich w Opolu;Obie odpowiedzi s¹ poprawne.;s¹ normalne i potrzebne, poniewa¿ realizuj¹ szereg wa¿nych funkcji.;Przyjêcie odpowiedniej postawy cia³a lub wykonanie prostych ruchów.;Wdech odbywa siê przez nos, a wydech – przez usta.;Codzienna troska o fizycznoœæ, opieraj¹ca siê na trzech g³ównych filarach: w³aœciwej diecie, odpowiedniej iloœci snu i ruchu.
5.13.2025 15:33:42;Akceptujê;pedagogiem specjalnym;mniej ni¿ rok;Publiczna Szko³a Podstawowa nr 11 im. Orl¹t Lwowskich w Opolu;Obie odpowiedzi s¹ poprawne.;s¹ normalne i potrzebne, poniewa¿ realizuj¹ szereg wa¿nych funkcji.;Przyjêcie odpowiedniej postawy cia³a lub wykonanie prostych ruchów.;Wdech odbywa siê przez nos, a wydech – przez usta.;Codzienna troska o fizycznoœæ, opieraj¹ca siê na trzech g³ównych filarach: w³aœciwej diecie, odpowiedniej iloœci snu i ruchu.
5.13.2025 15:34:20;Akceptujê;nauczycielem;21 lat i wiêcej;Publiczna Szko³a Podstawowa nr 11 im. Orl¹t Lwowskich w Opolu;Obie odpowiedzi s¹ poprawne.;mo¿na podzieliæ na dobre (pozytywne) i z³e (negatywne).;Nie wiem;Wdech odbywa siê przez nos, a wydech – przez usta.;Optymistyczne nastawienie do codziennoœci i koncentrowanie siê na pozytywnych aspektach w³asnego ¿ycia.
5.13.2025 15:35:20;Akceptujê;Nauczyciel wspó³organizuj¹cy kszta³cenie ;mniej ni¿ rok;Publiczna Szko³a Podstawowa nr 11 im. Orl¹t Lwowskich w Opolu;To reakcje, które pojawiaj¹ siê w odpowiedzi na subiektywnie wa¿n¹ dla danej osoby sytuacjê.;s¹ normalne i potrzebne, poniewa¿ realizuj¹ szereg wa¿nych funkcji.;Przyjêcie odpowiedniej postawy cia³a lub wykonanie prostych ruchów.;Wdech odbywa siê przez nos, a wydech – przez usta.;Codzienna troska o fizycznoœæ, opieraj¹ca siê na trzech g³ównych filarach: w³aœciwej diecie, odpowiedniej iloœci snu i ruchu.
5.13.2025 15:35:43;Akceptujê;nauczycielem;1-5 lat;Publiczna Szko³a Podstawowa nr 11 im. Orl¹t Lwowskich w Opolu;Obie odpowiedzi s¹ poprawne.;s¹ normalne i potrzebne, poniewa¿ realizuj¹ szereg wa¿nych funkcji.;Przyjêcie odpowiedniej postawy cia³a lub wykonanie prostych ruchów.;Wdech odbywa siê przez nos, a wydech – przez usta.;Codzienna troska o fizycznoœæ, opieraj¹ca siê na trzech g³ównych filarach: w³aœciwej diecie, odpowiedniej iloœci snu i ruchu.
5.13.2025 15:36:06;Akceptujê;psychologiem;16-20 lat;Publiczna Szko³a Podstawowa nr 11 im. Orl¹t Lwowskich w Opolu;Obie odpowiedzi s¹ poprawne.;s¹ normalne i potrzebne, poniewa¿ realizuj¹ szereg wa¿nych funkcji.;Przyjêcie odpowiedniej postawy cia³a lub wykonanie prostych ruchów.;Wdech odbywa siê przez nos, a wydech – przez usta.;Codzienna troska o fizycznoœæ, opieraj¹ca siê na trzech g³ównych filarach: w³aœciwej diecie, odpowiedniej iloœci snu i ruchu.
5.13.2025 15:36:57;Akceptujê;nauczycielem;21 lat i wiêcej;Publiczna Szko³a Podstawowa nr 11 im. Orl¹t Lwowskich w Opolu;Obie odpowiedzi s¹ poprawne.;mo¿na podzieliæ na dobre (pozytywne) i z³e (negatywne).;Przyjêcie odpowiedniej postawy cia³a lub wykonanie prostych ruchów.;Wdech odbywa siê przez nos, a wydech – przez usta.;Optymistyczne nastawienie do codziennoœci i koncentrowanie siê na pozytywnych aspektach w³asnego ¿ycia.
5.13.2025 15:38:27;Akceptujê;nauczycielem;1-5 lat;Publiczna Szko³a Podstawowa nr 11 im. Orl¹t Lwowskich w Opolu;To reakcje, które pojawiaj¹ siê w odpowiedzi na subiektywnie wa¿n¹ dla danej osoby sytuacjê.;s¹ normalne i potrzebne, poniewa¿ realizuj¹ szereg wa¿nych funkcji.;Przyjêcie odpowiedniej postawy cia³a lub wykonanie prostych ruchów.;Wdech odbywa siê przez nos, a wydech – przez usta.;Optymistyczne nastawienie do codziennoœci i koncentrowanie siê na pozytywnych aspektach w³asnego ¿ycia.
5.13.2025 15:39:56;Akceptujê;nauczycielem;11-15 lat;Publiczna Szko³a Podstawowa nr 11 im. Orl¹t Lwowskich w Opolu;Obie odpowiedzi s¹ poprawne.;s¹ normalne i potrzebne, poniewa¿ realizuj¹ szereg wa¿nych funkcji.;Przyjêcie odpowiedniej postawy cia³a lub wykonanie prostych ruchów.;Wdech i wydech odbywaj¹ siê przez nos.;Codzienna troska o fizycznoœæ, opieraj¹ca siê na trzech g³ównych filarach: w³aœciwej diecie, odpowiedniej iloœci snu i ruchu.
5.13.2025 15:40:16;Akceptujê;nauczycielem;21 lat i wiêcej;Publiczna Szko³a Podstawowa nr 11 im. Orl¹t Lwowskich w Opolu;Obie odpowiedzi s¹ poprawne.;s¹ normalne i potrzebne, poniewa¿ realizuj¹ szereg wa¿nych funkcji.;Przyjêcie odpowiedniej postawy cia³a lub wykonanie prostych ruchów.;Wdech odbywa siê przez nos, a wydech – przez usta.;Optymistyczne nastawienie do codziennoœci i koncentrowanie siê na pozytywnych aspektach w³asnego ¿ycia.
5.13.2025 15:40:18;Akceptujê;nauczycielem;1-5 lat;Publiczna Szko³a Podstawowa nr 11 im. Orl¹t Lwowskich w Opolu;Obie odpowiedzi s¹ poprawne.;s¹ normalne i potrzebne, poniewa¿ realizuj¹ szereg wa¿nych funkcji.;Przyjêcie odpowiedniej postawy cia³a lub wykonanie prostych ruchów.;Wdech odbywa siê przez nos, a wydech – przez usta.;Codzienna troska o fizycznoœæ, opieraj¹ca siê na trzech g³ównych filarach: w³aœciwej diecie, odpowiedniej iloœci snu i ruchu.
5.13.2025 15:40:20;Akceptujê;nauczycielem;21 lat i wiêcej;Publiczna Szko³a Podstawowa nr 11 im. Orl¹t Lwowskich w Opolu;Obie odpowiedzi s¹ poprawne.;mo¿na podzieliæ na dobre (pozytywne) i z³e (negatywne).;Przyjêcie odpowiedniej postawy cia³a lub wykonanie prostych ruchów.;Wdech odbywa siê przez nos, a wydech – przez usta.;Optymistyczne nastawienie do codziennoœci i koncentrowanie siê na pozytywnych aspektach w³asnego ¿ycia.
5.13.2025 15:40:40;Akceptujê;nauczycielem;21 lat i wiêcej;Publiczna Szko³a Podstawowa nr 11 im. Orl¹t Lwowskich w Opolu;Obie odpowiedzi s¹ poprawne.;s¹ normalne i potrzebne, poniewa¿ realizuj¹ szereg wa¿nych funkcji.;Przyjêcie odpowiedniej postawy cia³a lub wykonanie prostych ruchów.;Wdech odbywa siê przez nos, a wydech – przez usta.;Codzienna troska o fizycznoœæ, opieraj¹ca siê na trzech g³ównych filarach: w³aœciwej diecie, odpowiedniej iloœci snu i ruchu.
5.13.2025 15:41:05;Akceptujê;nauczycielem;1-5 lat;Publiczna Szko³a Podstawowa nr 11 im. Orl¹t Lwowskich w Opolu;Obie odpowiedzi s¹ poprawne.;s¹ normalne i potrzebne, poniewa¿ realizuj¹ szereg wa¿nych funkcji.;Przyjêcie odpowiedniej postawy cia³a lub wykonanie prostych ruchów.;Wdech odbywa siê przez nos, a wydech – przez usta.;Codzienna troska o fizycznoœæ, opieraj¹ca siê na trzech g³ównych filarach: w³aœciwej diecie, odpowiedniej iloœci snu i ruchu.
5.13.2025 15:41:22;Akceptujê;nauczycielem;21 lat i wiêcej;Publiczna Szko³a Podstawowa nr 11 im. Orl¹t Lwowskich w Opolu;Obie odpowiedzi s¹ poprawne.;s¹ normalne i potrzebne, poniewa¿ realizuj¹ szereg wa¿nych funkcji.;Przyjêcie odpowiedniej postawy cia³a lub wykonanie prostych ruchów.;Wdech odbywa siê przez nos, a wydech – przez usta.;Codzienna troska o fizycznoœæ, opieraj¹ca siê na trzech g³ównych filarach: w³aœciwej diecie, odpowiedniej iloœci snu i ruchu.
5.13.2025 15:42:41;Akceptujê;nauczycielem;16-20 lat;Publiczna Szko³a Podstawowa nr 11 im. Orl¹t Lwowskich w Opolu;Obie odpowiedzi s¹ poprawne.;s¹ normalne i potrzebne, poniewa¿ realizuj¹ szereg wa¿nych funkcji.;Przyjêcie odpowiedniej postawy cia³a lub wykonanie prostych ruchów.;Wdech odbywa siê przez nos, a wydech – przez usta.;Codzienna troska o fizycznoœæ, opieraj¹ca siê na trzech g³ównych filarach: w³aœciwej diecie, odpowiedniej iloœci snu i ruchu.
5.13.2025 15:52:40;Akceptujê;nauczycielem;mniej ni¿ rok;Publiczna Szko³a Podstawowa nr 11 im. Orl¹t Lwowskich w Opolu;Obie odpowiedzi s¹ poprawne.;s¹ normalne i potrzebne, poniewa¿ realizuj¹ szereg wa¿nych funkcji.;Przyjêcie odpowiedniej postawy cia³a lub wykonanie prostych ruchów.;Wdech odbywa siê przez nos, a wydech – przez usta.;¯adna z powy¿szych.
5.13.2025 15:54:48;Akceptujê;nauczycielem;16-20 lat;Publiczna Szko³a Podstawowa nr 11 im. Orl¹t Lwowskich w Opolu;Obie odpowiedzi s¹ poprawne.;s¹ normalne i potrzebne, poniewa¿ realizuj¹ szereg wa¿nych funkcji.;Przyjêcie odpowiedniej postawy cia³a lub wykonanie prostych ruchów.;Wdech odbywa siê przez nos, a wydech – przez usta.;Optymistyczne nastawienie do codziennoœci i koncentrowanie siê na pozytywnych aspektach w³asnego ¿ycia.
5.13.2025 16:00:56;Akceptujê;nauczycielem;6-10 lat;Publiczna Szko³a Podstawowa nr 11 im. Orl¹t Lwowskich w Opolu;Obie odpowiedzi s¹ poprawne.;s¹ normalne i potrzebne, poniewa¿ realizuj¹ szereg wa¿nych funkcji.;Przyjêcie odpowiedniej postawy cia³a lub wykonanie prostych ruchów.;Wdech odbywa siê przez nos, a wydech – przez usta.;Codzienna troska o fizycznoœæ, opieraj¹ca siê na trzech g³ównych filarach: w³aœciwej diecie, odpowiedniej iloœci snu i ruchu.
5.13.2025 16:09:02;Akceptujê;nauczycielem;1-5 lat;Publiczna Szko³a Podstawowa nr 11 im. Orl¹t Lwowskich w Opolu;Obie odpowiedzi s¹ poprawne.;s¹ normalne i potrzebne, poniewa¿ realizuj¹ szereg wa¿nych funkcji.;Przyjêcie odpowiedniej postawy cia³a lub wykonanie prostych ruchów.;Wdech odbywa siê przez nos, a wydech – przez usta.;Codzienna troska o fizycznoœæ, opieraj¹ca siê na trzech g³ównych filarach: w³aœciwej diecie, odpowiedniej iloœci snu i ruchu.
5.13.2025 16:11:31;Akceptujê;nauczycielem;21 lat i wiêcej;Publiczna Szko³a Podstawowa nr 11 im. Orl¹t Lwowskich w Opolu;Obie odpowiedzi s¹ poprawne.;s¹ normalne i potrzebne, poniewa¿ realizuj¹ szereg wa¿nych funkcji.;Przyjêcie odpowiedniej postawy cia³a lub wykonanie prostych ruchów.;Wdech odbywa siê przez nos, a wydech – przez usta.;Codzienna troska o fizycznoœæ, opieraj¹ca siê na trzech g³ównych filarach: w³aœciwej diecie, odpowiedniej iloœci snu i ruchu.
5.13.2025 17:08:58;Akceptujê;nauczycielem;1-5 lat;Publiczna Szko³a Podstawowa nr 11 im. Orl¹t Lwowskich w Opolu;Obie odpowiedzi s¹ poprawne.;s¹ normalne i potrzebne, poniewa¿ realizuj¹ szereg wa¿nych funkcji.;Przyjêcie odpowiedniej postawy cia³a lub wykonanie prostych ruchów.;Wdech odbywa siê przez nos, a wydech – przez usta.;Codzienna troska o fizycznoœæ, opieraj¹ca siê na trzech g³ównych filarach: w³aœciwej diecie, odpowiedniej iloœci snu i ruchu.
5.13.2025 20:52:00;Akceptujê;nauczycielem;11-15 lat;Publiczna Szko³a Podstawowa nr 11 im. Orl¹t Lwowskich w Opolu;Obie odpowiedzi s¹ poprawne.;s¹ normalne i potrzebne, poniewa¿ realizuj¹ szereg wa¿nych funkcji.;Przyjêcie odpowiedniej postawy cia³a lub wykonanie prostych ruchów.;Wdech i wydech odbywaj¹ siê przez nos.;Codzienna troska o fizycznoœæ, opieraj¹ca siê na trzech g³ównych filarach: w³aœciwej diecie, odpowiedniej iloœci snu i ruchu.
5.15.2025 15:40:45;Akceptujê;dyrektorem/wicedyrektorem;11-15 lat;Zespó³ Szkó³ nr 21 w Warszawie;Obie odpowiedzi s¹ poprawne.;s¹ normalne i potrzebne, poniewa¿ realizuj¹ szereg wa¿nych funkcji.;Przyjêcie odpowiedniej postawy cia³a lub wykonanie prostych ruchów.;Wdech odbywa siê przez nos, a wydech – przez usta.;Optymistyczne nastawienie do codziennoœci i koncentrowanie siê na pozytywnych aspektach w³asnego ¿ycia.
5.15.2025 15:41:54;Akceptujê;nauczycielem;21 lat i wiêcej;Zespó³ Szkó³ nr 21 w Warszawie;To reakcje, które pojawiaj¹ siê w odpowiedzi na subiektywnie wa¿n¹ dla danej osoby sytuacjê.;mo¿na podzieliæ na dobre (pozytywne) i z³e (negatywne).;Zjedzenie czegoœ s³odkiego.;Wdech odbywa siê przez nos, a wydech – przez usta.;Optymistyczne nastawienie do codziennoœci i koncentrowanie siê na pozytywnych aspektach w³asnego ¿ycia.
5.15.2025 15:42:11;Akceptujê;nauczycielem;21 lat i wiêcej;Zespó³ Szkó³ nr 21 w Warszawie;Obie odpowiedzi s¹ poprawne.;s¹ normalne i potrzebne, poniewa¿ realizuj¹ szereg wa¿nych funkcji.;Przyjêcie odpowiedniej postawy cia³a lub wykonanie prostych ruchów.;Wdech odbywa siê przez nos, a wydech – przez usta.;Codzienna troska o fizycznoœæ, opieraj¹ca siê na trzech g³ównych filarach: w³aœciwej diecie, odpowiedniej iloœci snu i ruchu.
5.15.2025 15:42:25;Akceptujê;nauczycielem;6-10 lat;Zespó³ Szkó³ nr 21 w Warszawie;Obie odpowiedzi s¹ poprawne.;s¹ normalne i potrzebne, poniewa¿ realizuj¹ szereg wa¿nych funkcji.;Przyjêcie odpowiedniej postawy cia³a lub wykonanie prostych ruchów.;Wdech odbywa siê przez nos, a wydech – przez usta.;Nie wiem
5.15.2025 15:42:36;Akceptujê;nauczycielem;21 lat i wiêcej;Zespó³ Szkó³ nr 21 w Warszawie;Obie odpowiedzi s¹ poprawne.;mo¿na podzieliæ na dobre (pozytywne) i z³e (negatywne).;Przyjêcie odpowiedniej postawy cia³a lub wykonanie prostych ruchów.;Wdech odbywa siê przez nos, a wydech – przez usta.;Optymistyczne nastawienie do codziennoœci i koncentrowanie siê na pozytywnych aspektach w³asnego ¿ycia.
5.15.2025 15:42:41;Akceptujê;nauczycielem;6-10 lat;Zespó³ Szkó³ nr 21 w Warszawie;Obie odpowiedzi s¹ poprawne.;s¹ normalne i potrzebne, poniewa¿ realizuj¹ szereg wa¿nych funkcji.;Przyjêcie odpowiedniej postawy cia³a lub wykonanie prostych ruchów.;Wdech odbywa siê przez nos, a wydech – przez usta.;Optymistyczne nastawienie do codziennoœci i koncentrowanie siê na pozytywnych aspektach w³asnego ¿ycia.
5.15.2025 15:43:19;Akceptujê;nauczycielem;21 lat i wiêcej;Zespó³ Szkó³ nr 21 w Warszawie;To reakcje, które pojawiaj¹ siê w odpowiedzi na subiektywnie wa¿n¹ dla danej osoby sytuacjê.;s¹ normalne i potrzebne, poniewa¿ realizuj¹ szereg wa¿nych funkcji.;Przyjêcie odpowiedniej postawy cia³a lub wykonanie prostych ruchów.;Wdech odbywa siê przez nos, a wydech – przez usta.;Codzienna troska o fizycznoœæ, opieraj¹ca siê na trzech g³ównych filarach: w³aœciwej diecie, odpowiedniej iloœci snu i ruchu.
5.15.2025 15:43:37;Akceptujê;nauczycielem;21 lat i wiêcej;Zespó³ Szkó³ nr 21 w Warszawie;To reakcje, które pojawiaj¹ siê w odpowiedzi na subiektywnie wa¿n¹ dla danej osoby sytuacjê.;mo¿na podzieliæ na dobre (pozytywne) i z³e (negatywne).;Przyjêcie odpowiedniej postawy cia³a lub wykonanie prostych ruchów.;Wdech odbywa siê przez usta, a wydech – przez nos.;Codzienna troska o fizycznoœæ, opieraj¹ca siê na trzech g³ównych filarach: w³aœciwej diecie, odpowiedniej iloœci snu i ruchu.
5.15.2025 15:44:13;Akceptujê;nauczycielem;21 lat i wiêcej;Zespó³ Szkó³ nr 21 w Warszawie;Obie odpowiedzi s¹ poprawne.;s¹ normalne i potrzebne, poniewa¿ realizuj¹ szereg wa¿nych funkcji.;Przyjêcie odpowiedniej postawy cia³a lub wykonanie prostych ruchów.;Wdech odbywa siê przez nos, a wydech – przez usta.;Codzienna troska o fizycznoœæ, opieraj¹ca siê na trzech g³ównych filarach: w³aœciwej diecie, odpowiedniej iloœci snu i ruchu.
5.15.2025 15:44:36;Akceptujê;nauczycielem;1-5 lat;Zespó³ Szkó³ nr 21 w Warszawie;Obie odpowiedzi s¹ poprawne.;mo¿na podzieliæ na dobre (pozytywne) i z³e (negatywne).;Przyjêcie odpowiedniej postawy cia³a lub wykonanie prostych ruchów.;Wdech odbywa siê przez nos, a wydech – przez usta.;Codzienna troska o fizycznoœæ, opieraj¹ca siê na trzech g³ównych filarach: w³aœciwej diecie, odpowiedniej iloœci snu i ruchu.
5.15.2025 15:46:02;Akceptujê;dyrektorem/wicedyrektorem;21 lat i wiêcej;Zespó³ Szkó³ nr 21 w Warszawie;Obie odpowiedzi s¹ poprawne.;s¹ normalne i potrzebne, poniewa¿ realizuj¹ szereg wa¿nych funkcji.;Zjedzenie czegoœ s³odkiego.;Wdech odbywa siê przez nos, a wydech – przez usta.;Optymistyczne nastawienie do codziennoœci i koncentrowanie siê na pozytywnych aspektach w³asnego ¿ycia.
5.15.2025 15:46:18;Akceptujê;nauczycielem;21 lat i wiêcej;Zespó³ Szkó³ nr 21 w Warszawie;Obie odpowiedzi s¹ poprawne.;s¹ normalne i potrzebne, poniewa¿ realizuj¹ szereg wa¿nych funkcji.;Przyjêcie odpowiedniej postawy cia³a lub wykonanie prostych ruchów.;Wdech odbywa siê przez nos, a wydech – przez usta.;Optymistyczne nastawienie do codziennoœci i koncentrowanie siê na pozytywnych aspektach w³asnego ¿ycia.
5.15.2025 15:49:50;Akceptujê;dyrektorem/wicedyrektorem;21 lat i wiêcej;Zespó³ Szkó³ nr 21 w Warszawie;Uruchamiaj¹ ca³y zespó³ zmian w ciele, w sposobie myœlenia i zachowaniu cz³owieka.;s¹ normalne i potrzebne, poniewa¿ realizuj¹ szereg wa¿nych funkcji.;Przyjêcie odpowiedniej postawy cia³a lub wykonanie prostych ruchów.;Wdech odbywa siê przez nos, a wydech – przez usta.;Codzienna troska o fizycznoœæ, opieraj¹ca siê na trzech g³ównych filarach: w³aœciwej diecie, odpowiedniej iloœci snu i ruchu.
5.15.2025 15:56:10;Akceptujê;nauczycielem;21 lat i wiêcej;Zespó³ Szkó³ nr 21 w Warszawie;Obie odpowiedzi s¹ poprawne.;s¹ normalne i potrzebne, poniewa¿ realizuj¹ szereg wa¿nych funkcji.;Przyjêcie odpowiedniej postawy cia³a lub wykonanie prostych ruchów.;Wdech odbywa siê przez nos, a wydech – przez usta.;Codzienna troska o fizycznoœæ, opieraj¹ca siê na trzech g³ównych filarach: w³aœciwej diecie, odpowiedniej iloœci snu i ruchu.
5.15.2025 15:56:32;Akceptujê;nauczycielem;21 lat i wiêcej;Zespó³ Szkó³ nr 21 w Warszawie;Obie odpowiedzi s¹ poprawne.;mo¿na podzieliæ na dobre (pozytywne) i z³e (negatywne).;Przyjêcie odpowiedniej postawy cia³a lub wykonanie prostych ruchów.;Wdech odbywa siê przez nos, a wydech – przez usta.;Optymistyczne nastawienie do codziennoœci i koncentrowanie siê na pozytywnych aspektach w³asnego ¿ycia.
5.15.2025 16:00:02;Akceptujê;nauczycielem;21 lat i wiêcej;Zespó³ Szkó³ nr 21 w Warszawie;Obie odpowiedzi s¹ poprawne.;mo¿na podzieliæ na dobre (pozytywne) i z³e (negatywne).;Przyjêcie odpowiedniej postawy cia³a lub wykonanie prostych ruchów.;Wdech odbywa siê przez nos, a wydech – przez usta.;Optymistyczne nastawienie do codziennoœci i koncentrowanie siê na pozytywnych aspektach w³asnego ¿ycia.
5.15.2025 16:27:42;Akceptujê;nauczycielem;1-5 lat;Zespó³ Szkó³ nr 21 w Warszawie;Obie odpowiedzi s¹ poprawne.;s¹ normalne i potrzebne, poniewa¿ realizuj¹ szereg wa¿nych funkcji.;Przyjêcie odpowiedniej postawy cia³a lub wykonanie prostych ruchów.;Wdech odbywa siê przez nos, a wydech – przez usta.;Codzienna troska o fizycznoœæ, opieraj¹ca siê na trzech g³ównych filarach: w³aœciwej diecie, odpowiedniej iloœci snu i ruchu.
5.15.2025 16:38:47;Akceptujê;nauczycielem;21 lat i wiêcej;Zespó³ Szkó³ nr 21 w Warszawie;Obie odpowiedzi s¹ poprawne.;s¹ normalne i potrzebne, poniewa¿ realizuj¹ szereg wa¿nych funkcji.;Zjedzenie czegoœ s³odkiego.;Wdech odbywa siê przez nos, a wydech – przez usta.;Optymistyczne nastawienie do codziennoœci i koncentrowanie siê na pozytywnych aspektach w³asnego ¿ycia.
5.15.2025 16:49:25;Akceptujê;nauczycielem;21 lat i wiêcej;Zespó³ Szkó³ nr 21 w Warszawie;Obie odpowiedzi s¹ poprawne.;s¹ normalne i potrzebne, poniewa¿ realizuj¹ szereg wa¿nych funkcji.;Przyjêcie odpowiedniej postawy cia³a lub wykonanie prostych ruchów.;Wdech odbywa siê przez nos, a wydech – przez usta.;Codzienna troska o fizycznoœæ, opieraj¹ca siê na trzech g³ównych filarach: w³aœciwej diecie, odpowiedniej iloœci snu i ruchu.
5.19.2025 15:20:41;Akceptujê;nauczycielem;11-15 lat;IV Liceum Ogólnokszta³c¹ce im p³k. pil. Eugeniusza Hrobaczewskiego w Zielonej Górze;Obie odpowiedzi s¹ poprawne.;s¹ normalne i potrzebne, poniewa¿ realizuj¹ szereg wa¿nych funkcji.;Przyjêcie odpowiedniej postawy cia³a lub wykonanie prostych ruchów.;Wdech odbywa siê przez nos, a wydech – przez usta.;Codzienna troska o fizycznoœæ, opieraj¹ca siê na trzech g³ównych filarach: w³aœciwej diecie, odpowiedniej iloœci snu i ruchu.
5.19.2025 15:21:28;Akceptujê;pedagogiem;21 lat i wiêcej;IV Liceum Ogólnokszta³c¹ce im p³k. pil. Eugeniusza Hrobaczewskiego w Zielonej Górze;Uruchamiaj¹ ca³y zespó³ zmian w ciele, w sposobie myœlenia i zachowaniu cz³owieka.;mo¿na podzieliæ na dobre (pozytywne) i z³e (negatywne).;Przyjêcie odpowiedniej postawy cia³a lub wykonanie prostych ruchów.;Wdech odbywa siê przez nos, a wydech – przez usta.;Codzienna troska o fizycznoœæ, opieraj¹ca siê na trzech g³ównych filarach: w³aœciwej diecie, odpowiedniej iloœci snu i ruchu.
5.19.2025 15:21:50;Akceptujê;nauczycielem;16-20 lat;IV Liceum Ogólnokszta³c¹ce im p³k. pil. Eugeniusza Hrobaczewskiego w Zielonej Górze;Obie odpowiedzi s¹ poprawne.;s¹ normalne i potrzebne, poniewa¿ realizuj¹ szereg wa¿nych funkcji.;Przyjêcie odpowiedniej postawy cia³a lub wykonanie prostych ruchów.;Wdech odbywa siê przez nos, a wydech – przez usta.;Codzienna troska o fizycznoœæ, opieraj¹ca siê na trzech g³ównych filarach: w³aœciwej diecie, odpowiedniej iloœci snu i ruchu.
5.19.2025 15:31:41;Akceptujê;psychologiem;1-5 lat;IV Liceum Ogólnokszta³c¹ce im p³k. pil. Eugeniusza Hrobaczewskiego w Zielonej Górze;Obie odpowiedzi s¹ poprawne.;s¹ normalne i potrzebne, poniewa¿ realizuj¹ szereg wa¿nych funkcji.;Przyjêcie odpowiedniej postawy cia³a lub wykonanie prostych ruchów.;Wdech odbywa siê przez nos, a wydech – przez usta.;Codzienna troska o fizycznoœæ, opieraj¹ca siê na trzech g³ównych filarach: w³aœciwej diecie, odpowiedniej iloœci snu i ruchu.
5.19.2025 15:43:44;Akceptujê;dyrektorem/wicedyrektorem;1-5 lat;IV Liceum Ogólnokszta³c¹ce im p³k. pil. Eugeniusza Hrobaczewskiego w Zielonej Górze;Obie odpowiedzi s¹ poprawne.;s¹ normalne i potrzebne, poniewa¿ realizuj¹ szereg wa¿nych funkcji.;Przyjêcie odpowiedniej postawy cia³a lub wykonanie prostych ruchów.;Wdech odbywa siê przez usta, a wydech – przez nos.;Optymistyczne nastawienie do codziennoœci i koncentrowanie siê na pozytywnych aspektach w³asnego ¿ycia.
5.19.2025 16:36:10;Akceptujê;pedagogiem;21 lat i wiêcej;IV Liceum Ogólnokszta³c¹ce im p³k. pil. Eugeniusza Hrobaczewskiego w Zielonej Górze;Obie odpowiedzi s¹ poprawne.;s¹ normalne i potrzebne, poniewa¿ realizuj¹ szereg wa¿nych funkcji.;Przyjêcie odpowiedniej postawy cia³a lub wykonanie prostych ruchów.;Wdech odbywa siê przez nos, a wydech – przez usta.;Codzienna troska o fizycznoœæ, opieraj¹ca siê na trzech g³ównych filarach: w³aœciwej diecie, odpowiedniej iloœci snu i ruchu.
5.19.2025 17:47:05;Akceptujê;dyrektorem/wicedyrektorem;16-20 lat;IV Liceum Ogólnokszta³c¹ce im p³k. pil. Eugeniusza Hrobaczewskiego w Zielonej Górze;Obie odpowiedzi s¹ poprawne.;s¹ normalne i potrzebne, poniewa¿ realizuj¹ szereg wa¿nych funkcji.;Przyjêcie odpowiedniej postawy cia³a lub wykonanie prostych ruchów.;Wdech odbywa siê przez nos, a wydech – przez usta.;Codzienna troska o fizycznoœæ, opieraj¹ca siê na trzech g³ównych filarach: w³aœciwej diecie, odpowiedniej iloœci snu i ruchu.
5.21.2025 15:01:07;Akceptujê;pielêgniark¹;21 lat i wiêcej;Szko³a Podstawowa im. Joachima Lelewela w Jakubowicach Koniñskich;Obie odpowiedzi s¹ poprawne.;s¹ normalne i potrzebne, poniewa¿ realizuj¹ szereg wa¿nych funkcji.;Zjedzenie czegoœ s³odkiego.;Wdech i wydech odbywaj¹ siê przez nos.;Codzienna troska o fizycznoœæ, opieraj¹ca siê na trzech g³ównych filarach: w³aœciwej diecie, odpowiedniej iloœci snu i ruchu.
5.21.2025 15:02:11;Akceptujê;nauczycielem;1-5 lat;Szko³a Podstawowa im. Joachima Lelewela w Jakubowicach Koniñskich;Uruchamiaj¹ ca³y zespó³ zmian w ciele, w sposobie myœlenia i zachowaniu cz³owieka.;mo¿na podzieliæ na dobre (pozytywne) i z³e (negatywne).;Przyjêcie odpowiedniej postawy cia³a lub wykonanie prostych ruchów.;Wdech odbywa siê przez nos, a wydech – przez usta.;Codzienna troska o fizycznoœæ, opieraj¹ca siê na trzech g³ównych filarach: w³aœciwej diecie, odpowiedniej iloœci snu i ruchu.
5.21.2025 15:03:13;Akceptujê;nauczycielem;11-15 lat;Szko³a Podstawowa im. Joachima Lelewela w Jakubowicach Koniñskich;Obie odpowiedzi s¹ poprawne.;s¹ normalne i potrzebne, poniewa¿ realizuj¹ szereg wa¿nych funkcji.;Przyjêcie odpowiedniej postawy cia³a lub wykonanie prostych ruchów.;Wdech odbywa siê przez nos, a wydech – przez usta.;Codzienna troska o fizycznoœæ, opieraj¹ca siê na trzech g³ównych filarach: w³aœciwej diecie, odpowiedniej iloœci snu i ruchu.
5.21.2025 15:03:44;Akceptujê;nauczycielem;21 lat i wiêcej;Szko³a Podstawowa im. Joachima Lelewela w Jakubowicach Koniñskich;Obie odpowiedzi s¹ poprawne.;s¹ normalne i potrzebne, poniewa¿ realizuj¹ szereg wa¿nych funkcji.;Nie wiem;Wdech odbywa siê przez usta, a wydech – przez nos.;Optymistyczne nastawienie do codziennoœci i koncentrowanie siê na pozytywnych aspektach w³asnego ¿ycia.
5.21.2025 15:04:05;Akceptujê;dyrektorem/wicedyrektorem;11-15 lat;Szko³a Podstawowa im. Joachima Lelewela w Jakubowicach Koniñskich;Obie odpowiedzi s¹ poprawne.;s¹ normalne i potrzebne, poniewa¿ realizuj¹ szereg wa¿nych funkcji.;Przyjêcie odpowiedniej postawy cia³a lub wykonanie prostych ruchów.;Wdech odbywa siê przez nos, a wydech – przez usta.;Codzienna troska o fizycznoœæ, opieraj¹ca siê na trzech g³ównych filarach: w³aœciwej diecie, odpowiedniej iloœci snu i ruchu.
5.21.2025 15:04:39;Akceptujê;nauczycielem;6-10 lat;Szko³a Podstawowa im. Joachima Lelewela w Jakubowicach Koniñskich;Obie odpowiedzi s¹ poprawne.;s¹ normalne i potrzebne, poniewa¿ realizuj¹ szereg wa¿nych funkcji.;Przyjêcie odpowiedniej postawy cia³a lub wykonanie prostych ruchów.;Wdech odbywa siê przez usta, a wydech – przez nos.;Codzienna troska o fizycznoœæ, opieraj¹ca siê na trzech g³ównych filarach: w³aœciwej diecie, odpowiedniej iloœci snu i ruchu.
5.21.2025 15:05:28;Akceptujê;nauczycielem;1-5 lat;Szko³a Podstawowa im. Joachima Lelewela w Jakubowicach Koniñskich;Obie odpowiedzi s¹ poprawne.;s¹ normalne i potrzebne, poniewa¿ realizuj¹ szereg wa¿nych funkcji.;Przyjêcie odpowiedniej postawy cia³a lub wykonanie prostych ruchów.;Wdech odbywa siê przez nos, a wydech – przez usta.;Codzienna troska o fizycznoœæ, opieraj¹ca siê na trzech g³ównych filarach: w³aœciwej diecie, odpowiedniej iloœci snu i ruchu.
5.21.2025 15:07:25;Akceptujê;psychologiem;mniej ni¿ rok;Szko³a Podstawowa im. Joachima Lelewela w Jakubowicach Koniñskich;To reakcje, które pojawiaj¹ siê w odpowiedzi na subiektywnie wa¿n¹ dla danej osoby sytuacjê.;s¹ normalne i potrzebne, poniewa¿ realizuj¹ szereg wa¿nych funkcji.;Przyjêcie odpowiedniej postawy cia³a lub wykonanie prostych ruchów.;Wdech odbywa siê przez nos, a wydech – przez usta.;Codzienna troska o fizycznoœæ, opieraj¹ca siê na trzech g³ównych filarach: w³aœciwej diecie, odpowiedniej iloœci snu i ruchu.
5.21.2025 15:08:05;Akceptujê;nauczycielem;6-10 lat;Szko³a Podstawowa im. Joachima Lelewela w Jakubowicach Koniñskich;Obie odpowiedzi s¹ poprawne.;mo¿na podzieliæ na dobre (pozytywne) i z³e (negatywne).;Przyjêcie odpowiedniej postawy cia³a lub wykonanie prostych ruchów.;Wdech odbywa siê przez nos, a wydech – przez usta.;Codzienna troska o fizycznoœæ, opieraj¹ca siê na trzech g³ównych filarach: w³aœciwej diecie, odpowiedniej iloœci snu i ruchu.
5.21.2025 15:09:14;Akceptujê;pedagogiem;11-15 lat;Szko³a Podstawowa im. Joachima Lelewela w Jakubowicach Koniñskich;Uruchamiaj¹ ca³y zespó³ zmian w ciele, w sposobie myœlenia i zachowaniu cz³owieka.;s¹ normalne i potrzebne, poniewa¿ realizuj¹ szereg wa¿nych funkcji.;Przyjêcie odpowiedniej postawy cia³a lub wykonanie prostych ruchów.;Wdech odbywa siê przez nos, a wydech – przez usta.;Codzienna troska o fizycznoœæ, opieraj¹ca siê na trzech g³ównych filarach: w³aœciwej diecie, odpowiedniej iloœci snu i ruchu.
5.21.2025 15:09:49;Akceptujê;pedagogiem;1-5 lat;Szko³a Podstawowa im. Joachima Lelewela w Jakubowicach Koniñskich;Obie odpowiedzi s¹ poprawne.;mo¿na podzieliæ na dobre (pozytywne) i z³e (negatywne).;Przyjêcie odpowiedniej postawy cia³a lub wykonanie prostych ruchów.;Wdech odbywa siê przez nos, a wydech – przez usta.;Codzienna troska o fizycznoœæ, opieraj¹ca siê na trzech g³ównych filarach: w³aœciwej diecie, odpowiedniej iloœci snu i ruchu.
5.21.2025 15:09:52;Akceptujê;nauczycielem;6-10 lat;Szko³a Podstawowa im. Joachima Lelewela w Jakubowicach Koniñskich;Obie odpowiedzi s¹ poprawne.;s¹ normalne i potrzebne, poniewa¿ realizuj¹ szereg wa¿nych funkcji.;Przyjêcie odpowiedniej postawy cia³a lub wykonanie prostych ruchów.;Wdech odbywa siê przez nos, a wydech – przez usta.;Codzienna troska o fizycznoœæ, opieraj¹ca siê na trzech g³ównych filarach: w³aœciwej diecie, odpowiedniej iloœci snu i ruchu.
5.21.2025 15:14:17;Akceptujê;nauczycielem;1-5 lat;Szko³a Podstawowa im. Joachima Lelewela w Jakubowicach Koniñskich;Obie odpowiedzi s¹ poprawne.;s¹ normalne i potrzebne, poniewa¿ realizuj¹ szereg wa¿nych funkcji.;Przyjêcie odpowiedniej postawy cia³a lub wykonanie prostych ruchów.;Wdech odbywa siê przez nos, a wydech – przez usta.;Codzienna troska o fizycznoœæ, opieraj¹ca siê na trzech g³ównych filarach: w³aœciwej diecie, odpowiedniej iloœci snu i ruchu.
5.21.2025 15:15:24;Akceptujê;nauczycielem;1-5 lat;Szko³a Podstawowa im. Joachima Lelewela w Jakubowicach Koniñskich;To reakcje, które pojawiaj¹ siê w odpowiedzi na subiektywnie wa¿n¹ dla danej osoby sytuacjê.;s¹ normalne i potrzebne, poniewa¿ realizuj¹ szereg wa¿nych funkcji.;Przyjêcie odpowiedniej postawy cia³a lub wykonanie prostych ruchów.;Wdech odbywa siê przez nos, a wydech – przez usta.;Codzienna troska o fizycznoœæ, opieraj¹ca siê na trzech g³ównych filarach: w³aœciwej diecie, odpowiedniej iloœci snu i ruchu.
5.21.2025 15:24:19;Akceptujê;nauczycielem;11-15 lat;Szko³a Podstawowa im. Joachima Lelewela w Jakubowicach Koniñskich;Obie odpowiedzi s¹ poprawne.;s¹ normalne i potrzebne, poniewa¿ realizuj¹ szereg wa¿nych funkcji.;Przyjêcie odpowiedniej postawy cia³a lub wykonanie prostych ruchów.;Wdech odbywa siê przez nos, a wydech – przez usta.;Codzienna troska o fizycznoœæ, opieraj¹ca siê na trzech g³ównych filarach: w³aœciwej diecie, odpowiedniej iloœci snu i ruchu.
5.21.2025 15:25:04;Akceptujê;Nauczycielem wspó³organizuj¹cym ;1-5 lat;Szko³a Podstawowa im. Joachima Lelewela w Jakubowicach Koniñskich;Obie odpowiedzi s¹ poprawne.;s¹ normalne i potrzebne, poniewa¿ realizuj¹ szereg wa¿nych funkcji.;Przyjêcie odpowiedniej postawy cia³a lub wykonanie prostych ruchów.;Wdech odbywa siê przez usta, a wydech – przez nos.;Optymistyczne nastawienie do codziennoœci i koncentrowanie siê na pozytywnych aspektach w³asnego ¿ycia.
5.21.2025 15:26:21;Akceptujê;pedagogiem;11-15 lat;Szko³a Podstawowa im. Joachima Lelewela w Jakubowicach Koniñskich;Uruchamiaj¹ ca³y zespó³ zmian w ciele, w sposobie myœlenia i zachowaniu cz³owieka.;s¹ normalne i potrzebne, poniewa¿ realizuj¹ szereg wa¿nych funkcji.;Przyjêcie odpowiedniej postawy cia³a lub wykonanie prostych ruchów.;Wdech odbywa siê przez nos, a wydech – przez usta.;Codzienna troska o fizycznoœæ, opieraj¹ca siê na trzech g³ównych filarach: w³aœciwej diecie, odpowiedniej iloœci snu i ruchu.
5.21.2025 15:27:34;Akceptujê;nauczycielem;21 lat i wiêcej;Szko³a Podstawowa im. Joachima Lelewela w Jakubowicach Koniñskich;Uruchamiaj¹ ca³y zespó³ zmian w ciele, w sposobie myœlenia i zachowaniu cz³owieka.;mo¿na podzieliæ na dobre (pozytywne) i z³e (negatywne).;Odreagowanie emocji w k³ótni z inn¹ osob¹.;Nie wiem;Optymistyczne nastawienie do codziennoœci i koncentrowanie siê na pozytywnych aspektach w³asnego ¿ycia.
5.21.2025 15:54:40;Akceptujê;nauczycielem;1-5 lat;Szko³a Podstawowa im. Joachima Lelewela w Jakubowicach Koniñskich;Obie odpowiedzi s¹ poprawne.;s¹ normalne i potrzebne, poniewa¿ realizuj¹ szereg wa¿nych funkcji.;Przyjêcie odpowiedniej postawy cia³a lub wykonanie prostych ruchów.;Wdech odbywa siê przez nos, a wydech – przez usta.;Codzienna troska o fizycznoœæ, opieraj¹ca siê na trzech g³ównych filarach: w³aœciwej diecie, odpowiedniej iloœci snu i ruchu.
5.21.2025 16:01:23;Akceptujê;nauczycielem;21 lat i wiêcej;IV Liceum Ogólnokszta³c¹ce im. Krzysztofa Kamila Baczyñskiego w Olkuszu;To reakcje, które pojawiaj¹ siê w odpowiedzi na subiektywnie wa¿n¹ dla danej osoby sytuacjê.;s¹ normalne i potrzebne, poniewa¿ realizuj¹ szereg wa¿nych funkcji.;Przyjêcie odpowiedniej postawy cia³a lub wykonanie prostych ruchów.;Wdech odbywa siê przez nos, a wydech – przez usta.;Codzienna troska o fizycznoœæ, opieraj¹ca siê na trzech g³ównych filarach: w³aœciwej diecie, odpowiedniej iloœci snu i ruchu.
5.21.2025 18:05:37;Akceptujê;nauczycielem;21 lat i wiêcej;Szko³a Podstawowa im. Joachima Lelewela w Jakubowicach Koniñskich;Obie odpowiedzi s¹ poprawne.;s¹ normalne i potrzebne, poniewa¿ realizuj¹ szereg wa¿nych funkcji.;Przyjêcie odpowiedniej postawy cia³a lub wykonanie prostych ruchów.;Wdech odbywa siê przez nos, a wydech – przez usta.;Nie wiem
5.21.2025 19:17:59;Akceptujê;nauczycielem;1-5 lat;Szko³a Podstawowa im. Joachima Lelewela w Jakubowicach Koniñskich;Uruchamiaj¹ ca³y zespó³ zmian w ciele, w sposobie myœlenia i zachowaniu cz³owieka.;s¹ normalne i potrzebne, poniewa¿ realizuj¹ szereg wa¿nych funkcji.;Przyjêcie odpowiedniej postawy cia³a lub wykonanie prostych ruchów.;Wdech odbywa siê przez nos, a wydech – przez usta.;Codzienna troska o fizycznoœæ, opieraj¹ca siê na trzech g³ównych filarach: w³aœciwej diecie, odpowiedniej iloœci snu i ruchu.
5.26.2025 15:10:04;Akceptujê;nauczycielem;21 lat i wiêcej;I Liceum Ogólnokszta³c¹ce im. A. Mickiewicza w Stargardzie;Obie odpowiedzi s¹ poprawne.;s¹ normalne i potrzebne, poniewa¿ realizuj¹ szereg wa¿nych funkcji.;Nie wiem;Nie wiem;Nie wiem
5.26.2025 15:10:41;Akceptujê;nauczycielem;21 lat i wiêcej;I Liceum Ogólnokszta³c¹ce im. A. Mickiewicza w Stargardzie;Obie odpowiedzi s¹ poprawne.;mo¿na podzieliæ na dobre (pozytywne) i z³e (negatywne).;Przyjêcie odpowiedniej postawy cia³a lub wykonanie prostych ruchów.;Wdech odbywa siê przez nos, a wydech – przez usta.;Codzienna troska o fizycznoœæ, opieraj¹ca siê na trzech g³ównych filarach: w³aœciwej diecie, odpowiedniej iloœci snu i ruchu.
5.26.2025 15:10:47;Akceptujê;nauczycielem;21 lat i wiêcej;I Liceum Ogólnokszta³c¹ce im. A. Mickiewicza w Stargardzie;Obie odpowiedzi s¹ poprawne.;mo¿na podzieliæ na dobre (pozytywne) i z³e (negatywne).;Przyjêcie odpowiedniej postawy cia³a lub wykonanie prostych ruchów.;Wdech odbywa siê przez nos, a wydech – przez usta.;Optymistyczne nastawienie do codziennoœci i koncentrowanie siê na pozytywnych aspektach w³asnego ¿ycia.
5.26.2025 15:10:52;Akceptujê;nauczycielem;11-15 lat;I Liceum Ogólnokszta³c¹ce im. A. Mickiewicza w Stargardzie;To reakcje, które pojawiaj¹ siê w odpowiedzi na subiektywnie wa¿n¹ dla danej osoby sytuacjê.;s¹ normalne i potrzebne, poniewa¿ realizuj¹ szereg wa¿nych funkcji.;Przyjêcie odpowiedniej postawy cia³a lub wykonanie prostych ruchów.;Wdech odbywa siê przez nos, a wydech – przez usta.;Optymistyczne nastawienie do codziennoœci i koncentrowanie siê na pozytywnych aspektach w³asnego ¿ycia.
5.26.2025 15:11:02;Akceptujê;nauczycielem;6-10 lat;I Liceum Ogólnokszta³c¹ce im. A. Mickiewicza w Stargardzie;Obie odpowiedzi s¹ poprawne.;s¹ normalne i potrzebne, poniewa¿ realizuj¹ szereg wa¿nych funkcji.;Przyjêcie odpowiedniej postawy cia³a lub wykonanie prostych ruchów.;Wdech odbywa siê przez nos, a wydech – przez usta.;Codzienna troska o fizycznoœæ, opieraj¹ca siê na trzech g³ównych filarach: w³aœciwej diecie, odpowiedniej iloœci snu i ruchu.
5.26.2025 15:11:15;Akceptujê;nauczycielem;21 lat i wiêcej;I Liceum Ogólnokszta³c¹ce im. A. Mickiewicza w Stargardzie;Obie odpowiedzi s¹ poprawne.;s¹ normalne i potrzebne, poniewa¿ realizuj¹ szereg wa¿nych funkcji.;Przyjêcie odpowiedniej postawy cia³a lub wykonanie prostych ruchów.;Wdech odbywa siê przez nos, a wydech – przez usta.;Optymistyczne nastawienie do codziennoœci i koncentrowanie siê na pozytywnych aspektach w³asnego ¿ycia.
5.26.2025 15:11:17;Akceptujê;nauczycielem;mniej ni¿ rok;I Liceum Ogólnokszta³c¹ce im. A. Mickiewicza w Stargardzie;To reakcje, które pojawiaj¹ siê w odpowiedzi na subiektywnie wa¿n¹ dla danej osoby sytuacjê.;mo¿na podzieliæ na dobre (pozytywne) i z³e (negatywne).;Przyjêcie odpowiedniej postawy cia³a lub wykonanie prostych ruchów.;Nie wiem;Nie wiem
5.26.2025 15:11:31;Akceptujê;nauczycielem;16-20 lat;I Liceum Ogólnokszta³c¹ce im. A. Mickiewicza w Stargardzie;Obie odpowiedzi s¹ poprawne.;s¹ normalne i potrzebne, poniewa¿ realizuj¹ szereg wa¿nych funkcji.;Przyjêcie odpowiedniej postawy cia³a lub wykonanie prostych ruchów.;Nie wiem;Optymistyczne nastawienie do codziennoœci i koncentrowanie siê na pozytywnych aspektach w³asnego ¿ycia.
5.26.2025 15:11:32;Akceptujê;nauczycielem;21 lat i wiêcej;I Liceum Ogólnokszta³c¹ce im. A. Mickiewicza w Stargardzie;Obie odpowiedzi s¹ poprawne.;s¹ normalne i potrzebne, poniewa¿ realizuj¹ szereg wa¿nych funkcji.;Przyjêcie odpowiedniej postawy cia³a lub wykonanie prostych ruchów.;Wdech odbywa siê przez nos, a wydech – przez usta.;Codzienna troska o fizycznoœæ, opieraj¹ca siê na trzech g³ównych filarach: w³aœciwej diecie, odpowiedniej iloœci snu i ruchu.
5.26.2025 15:11:34;Akceptujê;nauczycielem;21 lat i wiêcej;I Liceum Ogólnokszta³c¹ce im. A. Mickiewicza w Stargardzie;Obie odpowiedzi s¹ poprawne.;mo¿na podzieliæ na dobre (pozytywne) i z³e (negatywne).;Nie wiem;Wdech i wydech odbywaj¹ siê przez nos.;Optymistyczne nastawienie do codziennoœci i koncentrowanie siê na pozytywnych aspektach w³asnego ¿ycia.
5.26.2025 15:11:36;Akceptujê;nauczycielem;21 lat i wiêcej;I Liceum Ogólnokszta³c¹ce im. A. Mickiewicza w Stargardzie;Obie odpowiedzi s¹ poprawne.;mo¿na podzieliæ na dobre (pozytywne) i z³e (negatywne).;Przyjêcie odpowiedniej postawy cia³a lub wykonanie prostych ruchów.;Wdech odbywa siê przez nos, a wydech – przez usta.;Codzienna troska o fizycznoœæ, opieraj¹ca siê na trzech g³ównych filarach: w³aœciwej diecie, odpowiedniej iloœci snu i ruchu.
5.26.2025 15:11:47;Akceptujê;nauczycielem;21 lat i wiêcej;I Liceum Ogólnokszta³c¹ce im. A. Mickiewicza w Stargardzie;Obie odpowiedzi s¹ poprawne.;s¹ normalne i potrzebne, poniewa¿ realizuj¹ szereg wa¿nych funkcji.;Przyjêcie odpowiedniej postawy cia³a lub wykonanie prostych ruchów.;Wdech odbywa siê przez nos, a wydech – przez usta.;Codzienna troska o fizycznoœæ, opieraj¹ca siê na trzech g³ównych filarach: w³aœciwej diecie, odpowiedniej iloœci snu i ruchu.
5.26.2025 15:11:47;Akceptujê;nauczycielem;21 lat i wiêcej;I Liceum Ogólnokszta³c¹ce im. A. Mickiewicza w Stargardzie;Obie odpowiedzi s¹ poprawne.;mo¿na podzieliæ na dobre (pozytywne) i z³e (negatywne).;Zjedzenie czegoœ s³odkiego.;Wdech odbywa siê przez nos, a wydech – przez usta.;Codzienna troska o fizycznoœæ, opieraj¹ca siê na trzech g³ównych filarach: w³aœciwej diecie, odpowiedniej iloœci snu i ruchu.
5.26.2025 15:11:47;Akceptujê;nauczycielem;21 lat i wiêcej;I Liceum Ogólnokszta³c¹ce im. A. Mickiewicza w Stargardzie;Obie odpowiedzi s¹ poprawne.;mo¿na podzieliæ na dobre (pozytywne) i z³e (negatywne).;Zjedzenie czegoœ s³odkiego.;Wdech odbywa siê przez nos, a wydech – przez usta.;Codzienna troska o fizycznoœæ, opieraj¹ca siê na trzech g³ównych filarach: w³aœciwej diecie, odpowiedniej iloœci snu i ruchu.
5.26.2025 15:12:08;Akceptujê;nauczycielem;21 lat i wiêcej;I Liceum Ogólnokszta³c¹ce im. A. Mickiewicza w Stargardzie;Obie odpowiedzi s¹ poprawne.;s¹ normalne i potrzebne, poniewa¿ realizuj¹ szereg wa¿nych funkcji.;Przyjêcie odpowiedniej postawy cia³a lub wykonanie prostych ruchów.;Wdech odbywa siê przez nos, a wydech – przez usta.;Nie wiem
5.26.2025 15:12:08;Akceptujê;nauczycielem;21 lat i wiêcej;I Liceum Ogólnokszta³c¹ce im. A. Mickiewicza w Stargardzie;Obie odpowiedzi s¹ poprawne.;mo¿na podzieliæ na dobre (pozytywne) i z³e (negatywne).;Przyjêcie odpowiedniej postawy cia³a lub wykonanie prostych ruchów.;Wdech odbywa siê przez nos, a wydech – przez usta.;Codzienna troska o fizycznoœæ, opieraj¹ca siê na trzech g³ównych filarach: w³aœciwej diecie, odpowiedniej iloœci snu i ruchu.
5.26.2025 15:12:09;Akceptujê;nauczycielem;21 lat i wiêcej;I Liceum Ogólnokszta³c¹ce im. A. Mickiewicza w Stargardzie;Obie odpowiedzi s¹ poprawne.;s¹ normalne i potrzebne, poniewa¿ realizuj¹ szereg wa¿nych funkcji.;Przyjêcie odpowiedniej postawy cia³a lub wykonanie prostych ruchów.;Wdech odbywa siê przez nos, a wydech – przez usta.;Optymistyczne nastawienie do codziennoœci i koncentrowanie siê na pozytywnych aspektach w³asnego ¿ycia.
5.26.2025 15:12:14;Akceptujê;nauczycielem;21 lat i wiêcej;I Liceum Ogólnokszta³c¹ce im. A. Mickiewicza w Stargardzie;Obie odpowiedzi s¹ poprawne.;mo¿na podzieliæ na dobre (pozytywne) i z³e (negatywne).;Przyjêcie odpowiedniej postawy cia³a lub wykonanie prostych ruchów.;Wdech odbywa siê przez nos, a wydech – przez usta.;Optymistyczne nastawienie do codziennoœci i koncentrowanie siê na pozytywnych aspektach w³asnego ¿ycia.
5.26.2025 15:12:17;Akceptujê;nauczycielem;21 lat i wiêcej;I Liceum Ogólnokszta³c¹ce im. A. Mickiewicza w Stargardzie;Obie odpowiedzi s¹ poprawne.;s¹ normalne i potrzebne, poniewa¿ realizuj¹ szereg wa¿nych funkcji.;Przyjêcie odpowiedniej postawy cia³a lub wykonanie prostych ruchów.;Wdech odbywa siê przez nos, a wydech – przez usta.;Codzienna troska o fizycznoœæ, opieraj¹ca siê na trzech g³ównych filarach: w³aœciwej diecie, odpowiedniej iloœci snu i ruchu.
5.26.2025 15:12:27;Akceptujê;nauczycielem;21 lat i wiêcej;I Liceum Ogólnokszta³c¹ce im. A. Mickiewicza w Stargardzie;Obie odpowiedzi s¹ poprawne.;mo¿na podzieliæ na dobre (pozytywne) i z³e (negatywne).;Przyjêcie odpowiedniej postawy cia³a lub wykonanie prostych ruchów.;Wdech odbywa siê przez nos, a wydech – przez usta.;Optymistyczne nastawienie do codziennoœci i koncentrowanie siê na pozytywnych aspektach w³asnego ¿ycia.
5.26.2025 15:12:56;Akceptujê;nauczycielem;21 lat i wiêcej;I Liceum Ogólnokszta³c¹ce im. A. Mickiewicza w Stargardzie;Obie odpowiedzi s¹ poprawne.;s¹ normalne i potrzebne, poniewa¿ realizuj¹ szereg wa¿nych funkcji.;Przyjêcie odpowiedniej postawy cia³a lub wykonanie prostych ruchów.;Nie wiem;Optymistyczne nastawienie do codziennoœci i koncentrowanie siê na pozytywnych aspektach w³asnego ¿ycia.
5.26.2025 15:12:58;Akceptujê;nauczycielem;21 lat i wiêcej;I Liceum Ogólnokszta³c¹ce im. A. Mickiewicza w Stargardzie;Obie odpowiedzi s¹ poprawne.;s¹ normalne i potrzebne, poniewa¿ realizuj¹ szereg wa¿nych funkcji.;Przyjêcie odpowiedniej postawy cia³a lub wykonanie prostych ruchów.;Wdech odbywa siê przez nos, a wydech – przez usta.;Optymistyczne nastawienie do codziennoœci i koncentrowanie siê na pozytywnych aspektach w³asnego ¿ycia.
5.26.2025 15:13:26;Akceptujê;nauczycielem;21 lat i wiêcej;I Liceum Ogólnokszta³c¹ce im. A. Mickiewicza w Stargardzie;Obie odpowiedzi s¹ poprawne.;mo¿na podzieliæ na dobre (pozytywne) i z³e (negatywne).;Zjedzenie czegoœ s³odkiego.;Wdech odbywa siê przez nos, a wydech – przez usta.;Codzienna troska o fizycznoœæ, opieraj¹ca siê na trzech g³ównych filarach: w³aœciwej diecie, odpowiedniej iloœci snu i ruchu.
5.26.2025 15:13:35;Akceptujê;nauczycielem;11-15 lat;I Liceum Ogólnokszta³c¹ce im. A. Mickiewicza w Stargardzie;Obie odpowiedzi s¹ poprawne.;s¹ normalne i potrzebne, poniewa¿ realizuj¹ szereg wa¿nych funkcji.;Przyjêcie odpowiedniej postawy cia³a lub wykonanie prostych ruchów.;Wdech odbywa siê przez nos, a wydech – przez usta.;Codzienna troska o fizycznoœæ, opieraj¹ca siê na trzech g³ównych filarach: w³aœciwej diecie, odpowiedniej iloœci snu i ruchu.
5.26.2025 15:13:40;Akceptujê;nauczycielem;21 lat i wiêcej;I Liceum Ogólnokszta³c¹ce im. A. Mickiewicza w Stargardzie;Obie odpowiedzi s¹ poprawne.;mo¿na podzieliæ na dobre (pozytywne) i z³e (negatywne).;Nie wiem;Wdech odbywa siê przez nos, a wydech – przez usta.;Optymistyczne nastawienie do codziennoœci i koncentrowanie siê na pozytywnych aspektach w³asnego ¿ycia.
5.26.2025 15:15:08;Akceptujê;nauczycielem;6-10 lat;I Liceum Ogólnokszta³c¹ce im. A. Mickiewicza w Stargardzie;Obie odpowiedzi s¹ poprawne.;s¹ normalne i potrzebne, poniewa¿ realizuj¹ szereg wa¿nych funkcji.;Przyjêcie odpowiedniej postawy cia³a lub wykonanie prostych ruchów.;Wdech odbywa siê przez nos, a wydech – przez usta.;Codzienna troska o fizycznoœæ, opieraj¹ca siê na trzech g³ównych filarach: w³aœciwej diecie, odpowiedniej iloœci snu i ruchu.
5.26.2025 15:15:12;Akceptujê;nauczycielem;6-10 lat;I Liceum Ogólnokszta³c¹ce im. A. Mickiewicza w Stargardzie;Obie odpowiedzi s¹ poprawne.;s¹ normalne i potrzebne, poniewa¿ realizuj¹ szereg wa¿nych funkcji.;Przyjêcie odpowiedniej postawy cia³a lub wykonanie prostych ruchów.;Wdech i wydech odbywaj¹ siê przez nos.;Codzienna troska o fizycznoœæ, opieraj¹ca siê na trzech g³ównych filarach: w³aœciwej diecie, odpowiedniej iloœci snu i ruchu.
5.26.2025 15:19:02;Akceptujê;nauczycielem;21 lat i wiêcej;I Liceum Ogólnokszta³c¹ce im. A. Mickiewicza w Stargardzie;Obie odpowiedzi s¹ poprawne.;mo¿na podzieliæ na dobre (pozytywne) i z³e (negatywne).;Przyjêcie odpowiedniej postawy cia³a lub wykonanie prostych ruchów.;Wdech odbywa siê przez nos, a wydech – przez usta.;Codzienna troska o fizycznoœæ, opieraj¹ca siê na trzech g³ównych filarach: w³aœciwej diecie, odpowiedniej iloœci snu i ruchu.
5.26.2025 15:21:07;Akceptujê;nauczycielem;21 lat i wiêcej;I Liceum Ogólnokszta³c¹ce im. A. Mickiewicza w Stargardzie;Obie odpowiedzi s¹ poprawne.;mo¿na podzieliæ na dobre (pozytywne) i z³e (negatywne).;Przyjêcie odpowiedniej postawy cia³a lub wykonanie prostych ruchów.;Wdech odbywa siê przez nos, a wydech – przez usta.;Optymistyczne nastawienie do codziennoœci i koncentrowanie siê na pozytywnych aspektach w³asnego ¿ycia.
5.26.2025 15:21:17;Akceptujê;dyrektorem/wicedyrektorem;16-20 lat;I Liceum Ogólnokszta³c¹ce im. A. Mickiewicza w Stargardzie;Obie odpowiedzi s¹ poprawne.;s¹ normalne i potrzebne, poniewa¿ realizuj¹ szereg wa¿nych funkcji.;Przyjêcie odpowiedniej postawy cia³a lub wykonanie prostych ruchów.;Wdech odbywa siê przez nos, a wydech – przez usta.;Codzienna troska o fizycznoœæ, opieraj¹ca siê na trzech g³ównych filarach: w³aœciwej diecie, odpowiedniej iloœci snu i ruchu.
5.26.2025 15:21:21;Akceptujê;pedagogiem;1-5 lat;I Liceum Ogólnokszta³c¹ce im. A. Mickiewicza w Stargardzie;Obie odpowiedzi s¹ poprawne.;s¹ normalne i potrzebne, poniewa¿ realizuj¹ szereg wa¿nych funkcji.;Przyjêcie odpowiedniej postawy cia³a lub wykonanie prostych ruchów.;Nie wiem;Optymistyczne nastawienie do codziennoœci i koncentrowanie siê na pozytywnych aspektach w³asnego ¿ycia.
5.26.2025 15:23:40;Akceptujê;nauczycielem;21 lat i wiêcej;I Liceum Ogólnokszta³c¹ce im. A. Mickiewicza w Stargardzie;Obie odpowiedzi s¹ poprawne.;s¹ normalne i potrzebne, poniewa¿ realizuj¹ szereg wa¿nych funkcji.;Przyjêcie odpowiedniej postawy cia³a lub wykonanie prostych ruchów.;Wdech odbywa siê przez nos, a wydech – przez usta.;Optymistyczne nastawienie do codziennoœci i koncentrowanie siê na pozytywnych aspektach w³asnego ¿ycia.
5.26.2025 15:37:32;Akceptujê;dyrektorem/wicedyrektorem;21 lat i wiêcej;Publiczna Szko³a Podstawowa im K. Makuszyñskiego w D³ugowoli;Obie odpowiedzi s¹ poprawne.;s¹ normalne i potrzebne, poniewa¿ realizuj¹ szereg wa¿nych funkcji.;Przyjêcie odpowiedniej postawy cia³a lub wykonanie prostych ruchów.;Wdech odbywa siê przez nos, a wydech – przez usta.;Codzienna troska o fizycznoœæ, opieraj¹ca siê na trzech g³ównych filarach: w³aœciwej diecie, odpowiedniej iloœci snu i ruchu.
5.26.2025 15:37:35;Akceptujê;nauczycielem;21 lat i wiêcej;Publiczna Szko³a Podstawowa im K. Makuszyñskiego w D³ugowoli;Obie odpowiedzi s¹ poprawne.;s¹ normalne i potrzebne, poniewa¿ realizuj¹ szereg wa¿nych funkcji.;Przyjêcie odpowiedniej postawy cia³a lub wykonanie prostych ruchów.;Wdech odbywa siê przez nos, a wydech – przez usta.;Optymistyczne nastawienie do codziennoœci i koncentrowanie siê na pozytywnych aspektach w³asnego ¿ycia.
5.26.2025 15:37:49;Akceptujê;nauczycielem;16-20 lat;Publiczna Szko³a Podstawowa im K. Makuszyñskiego w D³ugowoli;Obie odpowiedzi s¹ poprawne.;s¹ normalne i potrzebne, poniewa¿ realizuj¹ szereg wa¿nych funkcji.;Nie wiem;Wdech odbywa siê przez nos, a wydech – przez usta.;Codzienna troska o fizycznoœæ, opieraj¹ca siê na trzech g³ównych filarach: w³aœciwej diecie, odpowiedniej iloœci snu i ruchu.
5.26.2025 15:38:49;Akceptujê;nauczycielem;11-15 lat;Publiczna Szko³a Podstawowa im K. Makuszyñskiego w D³ugowoli;Obie odpowiedzi s¹ poprawne.;mo¿na podzieliæ na dobre (pozytywne) i z³e (negatywne).;Przyjêcie odpowiedniej postawy cia³a lub wykonanie prostych ruchów.;Wdech odbywa siê przez nos, a wydech – przez usta.;Optymistyczne nastawienie do codziennoœci i koncentrowanie siê na pozytywnych aspektach w³asnego ¿ycia.
5.26.2025 15:38:55;Akceptujê;nauczycielem;16-20 lat;Publiczna Szko³a Podstawowa im K. Makuszyñskiego w D³ugowoli;Obie odpowiedzi s¹ poprawne.;mo¿na podzieliæ na dobre (pozytywne) i z³e (negatywne).;Przyjêcie odpowiedniej postawy cia³a lub wykonanie prostych ruchów.;Wdech odbywa siê przez nos, a wydech – przez usta.;Codzienna troska o fizycznoœæ, opieraj¹ca siê na trzech g³ównych filarach: w³aœciwej diecie, odpowiedniej iloœci snu i ruchu.
5.26.2025 15:39:21;Akceptujê;nauczycielem;21 lat i wiêcej;Publiczna Szko³a Podstawowa im K. Makuszyñskiego w D³ugowoli;Obie odpowiedzi s¹ poprawne.;mo¿na podzieliæ na dobre (pozytywne) i z³e (negatywne).;Przyjêcie odpowiedniej postawy cia³a lub wykonanie prostych ruchów.;Wdech odbywa siê przez nos, a wydech – przez usta.;Optymistyczne nastawienie do codziennoœci i koncentrowanie siê na pozytywnych aspektach w³asnego ¿ycia.
5.26.2025 15:39:22;Akceptujê;pedagogiem;21 lat i wiêcej;Publiczna Szko³a Podstawowa im K. Makuszyñskiego w D³ugowoli;Obie odpowiedzi s¹ poprawne.;s¹ normalne i potrzebne, poniewa¿ realizuj¹ szereg wa¿nych funkcji.;Przyjêcie odpowiedniej postawy cia³a lub wykonanie prostych ruchów.;Wdech odbywa siê przez nos, a wydech – przez usta.;Codzienna troska o fizycznoœæ, opieraj¹ca siê na trzech g³ównych filarach: w³aœciwej diecie, odpowiedniej iloœci snu i ruchu.
5.26.2025 15:39:41;Akceptujê;nauczycielem;21 lat i wiêcej;Publiczna Szko³a Podstawowa im K. Makuszyñskiego w D³ugowoli;Obie odpowiedzi s¹ poprawne.;s¹ normalne i potrzebne, poniewa¿ realizuj¹ szereg wa¿nych funkcji.;Przyjêcie odpowiedniej postawy cia³a lub wykonanie prostych ruchów.;Wdech odbywa siê przez nos, a wydech – przez usta.;Codzienna troska o fizycznoœæ, opieraj¹ca siê na trzech g³ównych filarach: w³aœciwej diecie, odpowiedniej iloœci snu i ruchu.
5.26.2025 15:43:07;Akceptujê;nauczycielem;21 lat i wiêcej;Publiczna Szko³a Podstawowa im K. Makuszyñskiego w D³ugowoli;Obie odpowiedzi s¹ poprawne.;s¹ normalne i potrzebne, poniewa¿ realizuj¹ szereg wa¿nych funkcji.;Przyjêcie odpowiedniej postawy cia³a lub wykonanie prostych ruchów.;Wdech odbywa siê przez nos, a wydech – przez usta.;Codzienna troska o fizycznoœæ, opieraj¹ca siê na trzech g³ównych filarach: w³aœciwej diecie, odpowiedniej iloœci snu i ruchu.
5.26.2025 15:43:25;Akceptujê;nauczycielem;21 lat i wiêcej;Publiczna Szko³a Podstawowa im K. Makuszyñskiego w D³ugowoli;Obie odpowiedzi s¹ poprawne.;s¹ normalne i potrzebne, poniewa¿ realizuj¹ szereg wa¿nych funkcji.;Przyjêcie odpowiedniej postawy cia³a lub wykonanie prostych ruchów.;Nie wiem;Optymistyczne nastawienie do codziennoœci i koncentrowanie siê na pozytywnych aspektach w³asnego ¿ycia.
5.26.2025 15:45:45;Akceptujê;nauczycielem;21 lat i wiêcej;Publiczna Szko³a Podstawowa im K. Makuszyñskiego w D³ugowoli;To reakcje, które pojawiaj¹ siê w odpowiedzi na subiektywnie wa¿n¹ dla danej osoby sytuacjê.;s¹ normalne i potrzebne, poniewa¿ realizuj¹ szereg wa¿nych funkcji.;Przyjêcie odpowiedniej postawy cia³a lub wykonanie prostych ruchów.;Wdech odbywa siê przez nos, a wydech – przez usta.;Codzienna troska o fizycznoœæ, opieraj¹ca siê na trzech g³ównych filarach: w³aœciwej diecie, odpowiedniej iloœci snu i ruchu.
5.26.2025 15:59:44;Akceptujê;nauczycielem;21 lat i wiêcej;Publiczna Szko³a Podstawowa im K. Makuszyñskiego w D³ugowoli;Obie odpowiedzi s¹ poprawne.;s¹ normalne i potrzebne, poniewa¿ realizuj¹ szereg wa¿nych funkcji.;Przyjêcie odpowiedniej postawy cia³a lub wykonanie prostych ruchów.;Wdech odbywa siê przez nos, a wydech – przez usta.;Optymistyczne nastawienie do codziennoœci i koncentrowanie siê na pozytywnych aspektach w³asnego ¿ycia.
5.26.2025 16:00:12;Akceptujê;pomoc nauczyciela w szkole;1-5 lat;Publiczna Szko³a Podstawowa im K. Makuszyñskiego w D³ugowoli;Obie odpowiedzi s¹ poprawne.;s¹ normalne i potrzebne, poniewa¿ realizuj¹ szereg wa¿nych funkcji.;Przyjêcie odpowiedniej postawy cia³a lub wykonanie prostych ruchów.;Wdech odbywa siê przez nos, a wydech – przez usta.;Codzienna troska o fizycznoœæ, opieraj¹ca siê na trzech g³ównych filarach: w³aœciwej diecie, odpowiedniej iloœci snu i ruchu.
5.26.2025 16:09:45;Akceptujê;nauczycielem;21 lat i wiêcej;I Liceum Ogólnokszta³c¹ce im. A. Mickiewicza w Stargardzie;Obie odpowiedzi s¹ poprawne.;s¹ normalne i potrzebne, poniewa¿ realizuj¹ szereg wa¿nych funkcji.;Przyjêcie odpowiedniej postawy cia³a lub wykonanie prostych ruchów.;Wdech odbywa siê przez usta, a wydech – przez nos.;Codzienna troska o fizycznoœæ, opieraj¹ca siê na trzech g³ównych filarach: w³aœciwej diecie, odpowiedniej iloœci snu i ruchu.
5.26.2025 16:28:55;Akceptujê;nauczycielem;6-10 lat;I Liceum Ogólnokszta³c¹ce im. A. Mickiewicza w Stargardzie;Obie odpowiedzi s¹ poprawne.;mo¿na podzieliæ na dobre (pozytywne) i z³e (negatywne).;Przyjêcie odpowiedniej postawy cia³a lub wykonanie prostych ruchów.;Wdech odbywa siê przez nos, a wydech – przez usta.;Codzienna troska o fizycznoœæ, opieraj¹ca siê na trzech g³ównych filarach: w³aœciwej diecie, odpowiedniej iloœci snu i ruchu.
5.26.2025 17:24:54;Akceptujê;nauczycielem;1-5 lat;Publiczna Szko³a Podstawowa im K. Makuszyñskiego w D³ugowoli;Obie odpowiedzi s¹ poprawne.;mo¿na podzieliæ na dobre (pozytywne) i z³e (negatywne).;Przyjêcie odpowiedniej postawy cia³a lub wykonanie prostych ruchów.;Wdech odbywa siê przez nos, a wydech – przez usta.;Optymistyczne nastawienie do codziennoœci i koncentrowanie siê na pozytywnych aspektach w³asnego ¿ycia.
5.26.2025 17:27:16;Akceptujê;psychologiem;mniej ni¿ rok;Publiczna Szko³a Podstawowa im K. Makuszyñskiego w D³ugowoli;Obie odpowiedzi s¹ poprawne.;s¹ normalne i potrzebne, poniewa¿ realizuj¹ szereg wa¿nych funkcji.;Przyjêcie odpowiedniej postawy cia³a lub wykonanie prostych ruchów.;Wdech odbywa siê przez nos, a wydech – przez usta.;Codzienna troska o fizycznoœæ, opieraj¹ca siê na trzech g³ównych filarach: w³aœciwej diecie, odpowiedniej iloœci snu i ruchu.
5.26.2025 17:54:04;Akceptujê;nauczycielem;21 lat i wiêcej;I Liceum Ogólnokszta³c¹ce im. A. Mickiewicza w Stargardzie;Obie odpowiedzi s¹ poprawne.;s¹ normalne i potrzebne, poniewa¿ realizuj¹ szereg wa¿nych funkcji.;Przyjêcie odpowiedniej postawy cia³a lub wykonanie prostych ruchów.;Wdech odbywa siê przez nos, a wydech – przez usta.;Codzienna troska o fizycznoœæ, opieraj¹ca siê na trzech g³ównych filarach: w³aœciwej diecie, odpowiedniej iloœci snu i ruchu.
5.29.2025 16:02:24;Akceptujê;nauczycielem;6-10 lat;"Niepubliczna Szko³a Podstawowa z Oddzia³ami Integracyjnymi ""Bajkowa Akademia"" w Lublinie";Obie odpowiedzi s¹ poprawne.;s¹ normalne i potrzebne, poniewa¿ realizuj¹ szereg wa¿nych funkcji.;Przyjêcie odpowiedniej postawy cia³a lub wykonanie prostych ruchów.;Wdech odbywa siê przez nos, a wydech – przez usta.;Codzienna troska o fizycznoœæ, opieraj¹ca siê na trzech g³ównych filarach: w³aœciwej diecie, odpowiedniej iloœci snu i ruchu.
5.29.2025 16:03:18;Akceptujê;Nauczyciel wspó³organizuj¹cy ;1-5 lat;"Niepubliczna Szko³a Podstawowa z Oddzia³ami Integracyjnymi ""Bajkowa Akademia"" w Lublinie";Obie odpowiedzi s¹ poprawne.;s¹ normalne i potrzebne, poniewa¿ realizuj¹ szereg wa¿nych funkcji.;Przyjêcie odpowiedniej postawy cia³a lub wykonanie prostych ruchów.;Wdech odbywa siê przez nos, a wydech – przez usta.;Codzienna troska o fizycznoœæ, opieraj¹ca siê na trzech g³ównych filarach: w³aœciwej diecie, odpowiedniej iloœci snu i ruchu.
5.29.2025 16:03:21;Akceptujê;psychologiem;mniej ni¿ rok;"Niepubliczna Szko³a Podstawowa z Oddzia³ami Integracyjnymi ""Bajkowa Akademia"" w Lublinie";Obie odpowiedzi s¹ poprawne.;s¹ normalne i potrzebne, poniewa¿ realizuj¹ szereg wa¿nych funkcji.;Przyjêcie odpowiedniej postawy cia³a lub wykonanie prostych ruchów.;Wdech odbywa siê przez nos, a wydech – przez usta.;¯adna z powy¿szych.
5.29.2025 16:04:16;Akceptujê;nauczycielem;1-5 lat;"Niepubliczna Szko³a Podstawowa z Oddzia³ami Integracyjnymi ""Bajkowa Akademia"" w Lublinie";Obie odpowiedzi s¹ poprawne.;s¹ normalne i potrzebne, poniewa¿ realizuj¹ szereg wa¿nych funkcji.;Przyjêcie odpowiedniej postawy cia³a lub wykonanie prostych ruchów.;Wdech odbywa siê przez nos, a wydech – przez usta.;Codzienna troska o fizycznoœæ, opieraj¹ca siê na trzech g³ównych filarach: w³aœciwej diecie, odpowiedniej iloœci snu i ruchu.
5.29.2025 16:05:05;Akceptujê;pedagogiem;1-5 lat;"Niepubliczna Szko³a Podstawowa z Oddzia³ami Integracyjnymi ""Bajkowa Akademia"" w Lublinie";Obie odpowiedzi s¹ poprawne.;s¹ normalne i potrzebne, poniewa¿ realizuj¹ szereg wa¿nych funkcji.;Przyjêcie odpowiedniej postawy cia³a lub wykonanie prostych ruchów.;Wdech odbywa siê przez nos, a wydech – przez usta.;Codzienna troska o fizycznoœæ, opieraj¹ca siê na trzech g³ównych filarach: w³aœciwej diecie, odpowiedniej iloœci snu i ruchu.
5.29.2025 16:06:10;Akceptujê;nauczycielem;mniej ni¿ rok;"Niepubliczna Szko³a Podstawowa z Oddzia³ami Integracyjnymi ""Bajkowa Akademia"" w Lublinie";Obie odpowiedzi s¹ poprawne.;s¹ normalne i potrzebne, poniewa¿ realizuj¹ szereg wa¿nych funkcji.;Przyjêcie odpowiedniej postawy cia³a lub wykonanie prostych ruchów.;Wdech odbywa siê przez nos, a wydech – przez usta.;Codzienna troska o fizycznoœæ, opieraj¹ca siê na trzech g³ównych filarach: w³aœciwej diecie, odpowiedniej iloœci snu i ruchu.
5.29.2025 16:08:35;Akceptujê;nauczycielem;1-5 lat;"Niepubliczna Szko³a Podstawowa z Oddzia³ami Integracyjnymi ""Bajkowa Akademia"" w Lublinie";Obie odpowiedzi s¹ poprawne.;s¹ normalne i potrzebne, poniewa¿ realizuj¹ szereg wa¿nych funkcji.;Przyjêcie odpowiedniej postawy cia³a lub wykonanie prostych ruchów.;Wdech odbywa siê przez nos, a wydech – przez usta.;Codzienna troska o fizycznoœæ, opieraj¹ca siê na trzech g³ównych filarach: w³aœciwej diecie, odpowiedniej iloœci snu i ruchu.
5.29.2025 16:09:02;Akceptujê;psychologiem;1-5 lat;"Niepubliczna Szko³a Podstawowa z Oddzia³ami Integracyjnymi ""Bajkowa Akademia"" w Lublinie";Obie odpowiedzi s¹ poprawne.;s¹ normalne i potrzebne, poniewa¿ realizuj¹ szereg wa¿nych funkcji.;Przyjêcie odpowiedniej postawy cia³a lub wykonanie prostych ruchów.;Wdech odbywa siê przez nos, a wydech – przez usta.;Codzienna troska o fizycznoœæ, opieraj¹ca siê na trzech g³ównych filarach: w³aœciwej diecie, odpowiedniej iloœci snu i ruchu.
5.29.2025 16:09:55;Akceptujê;Terapeuta si;mniej ni¿ rok;"Niepubliczna Szko³a Podstawowa z Oddzia³ami Integracyjnymi ""Bajkowa Akademia"" w Lublinie";Obie odpowiedzi s¹ poprawne.;s¹ normalne i potrzebne, poniewa¿ realizuj¹ szereg wa¿nych funkcji.;Przyjêcie odpowiedniej postawy cia³a lub wykonanie prostych ruchów.;Wdech odbywa siê przez nos, a wydech – przez usta.;Codzienna troska o fizycznoœæ, opieraj¹ca siê na trzech g³ównych filarach: w³aœciwej diecie, odpowiedniej iloœci snu i ruchu.
5.29.2025 16:11:05;Akceptujê;Terapii SI ;11-15 lat;"Niepubliczna Szko³a Podstawowa z Oddzia³ami Integracyjnymi ""Bajkowa Akademia"" w Lublinie";To reakcje, które pojawiaj¹ siê w odpowiedzi na subiektywnie wa¿n¹ dla danej osoby sytuacjê.;s¹ normalne i potrzebne, poniewa¿ realizuj¹ szereg wa¿nych funkcji.;Przyjêcie odpowiedniej postawy cia³a lub wykonanie prostych ruchów.;Wdech odbywa siê przez nos, a wydech – przez usta.;Codzienna troska o fizycznoœæ, opieraj¹ca siê na trzech g³ównych filarach: w³aœciwej diecie, odpowiedniej iloœci snu i ruchu.
5.29.2025 16:22:35;Akceptujê;nauczycielem;6-10 lat;"Niepubliczna Szko³a Podstawowa z Oddzia³ami Integracyjnymi ""Bajkowa Akademia"" w Lublinie";Obie odpowiedzi s¹ poprawne.;s¹ normalne i potrzebne, poniewa¿ realizuj¹ szereg wa¿nych funkcji.;Przyjêcie odpowiedniej postawy cia³a lub wykonanie prostych ruchów.;Wdech odbywa siê przez nos, a wydech – przez usta.;Codzienna troska o fizycznoœæ, opieraj¹ca siê na trzech g³ównych filarach: w³aœciwej diecie, odpowiedniej iloœci snu i ruchu.
5.29.2025 16:24:20;Akceptujê;nauczycielem;6-10 lat;"Niepubliczna Szko³a Podstawowa z Oddzia³ami Integracyjnymi ""Bajkowa Akademia"" w Lublinie";Obie odpowiedzi s¹ poprawne.;mo¿na podzieliæ na dobre (pozytywne) i z³e (negatywne).;Przyjêcie odpowiedniej postawy cia³a lub wykonanie prostych ruchów.;Wdech odbywa siê przez nos, a wydech – przez usta.;Codzienna troska o fizycznoœæ, opieraj¹ca siê na trzech g³ównych filarach: w³aœciwej diecie, odpowiedniej iloœci snu i ruchu.
5.29.2025 16:47:50;Akceptujê;nauczycielem;6-10 lat;"Niepubliczna Szko³a Podstawowa z Oddzia³ami Integracyjnymi ""Bajkowa Akademia"" w Lublinie";Obie odpowiedzi s¹ poprawne.;s¹ normalne i potrzebne, poniewa¿ realizuj¹ szereg wa¿nych funkcji.;Przyjêcie odpowiedniej postawy cia³a lub wykonanie prostych ruchów.;Wdech odbywa siê przez nos, a wydech – przez usta.;Optymistyczne nastawienie do codziennoœci i koncentrowanie siê na pozytywnych aspektach w³asnego ¿ycia.
5.29.2025 16:52:14;Akceptujê;nauczycielem;1-5 lat;"Niepubliczna Szko³a Podstawowa z Oddzia³ami Integracyjnymi ""Bajkowa Akademia"" w Lublinie";Obie odpowiedzi s¹ poprawne.;s¹ normalne i potrzebne, poniewa¿ realizuj¹ szereg wa¿nych funkcji.;Przyjêcie odpowiedniej postawy cia³a lub wykonanie prostych ruchów.;Wdech odbywa siê przez nos, a wydech – przez usta.;Optymistyczne nastawienie do codziennoœci i koncentrowanie siê na pozytywnych aspektach w³asnego ¿ycia.
5.29.2025 16:52:17;Akceptujê;nauczycielem;1-5 lat;"Niepubliczna Szko³a Podstawowa z Oddzia³ami Integracyjnymi ""Bajkowa Akademia"" w Lublinie";Obie odpowiedzi s¹ poprawne.;s¹ normalne i potrzebne, poniewa¿ realizuj¹ szereg wa¿nych funkcji.;Przyjêcie odpowiedniej postawy cia³a lub wykonanie prostych ruchów.;Wdech odbywa siê przez nos, a wydech – przez usta.;Codzienna troska o fizycznoœæ, opieraj¹ca siê na trzech g³ównych filarach: w³aœciwej diecie, odpowiedniej iloœci snu i ruchu.
6.2.2025 14:54:50;Akceptujê;nauczycielem;21 lat i wiêcej;Szko³a Podstawowa im. J. Wybickiego w Baboszewie;Obie odpowiedzi s¹ poprawne.;mo¿na podzieliæ na dobre (pozytywne) i z³e (negatywne).;Przyjêcie odpowiedniej postawy cia³a lub wykonanie prostych ruchów.;Wdech odbywa siê przez nos, a wydech – przez usta.;Optymistyczne nastawienie do codziennoœci i koncentrowanie siê na pozytywnych aspektach w³asnego ¿ycia.
6.2.2025 14:58:15;Akceptujê;nauczycielem;21 lat i wiêcej;Szko³a Podstawowa im. J. Wybickiego w Baboszewie;Uruchamiaj¹ ca³y zespó³ zmian w ciele, w sposobie myœlenia i zachowaniu cz³owieka.;s¹ normalne i potrzebne, poniewa¿ realizuj¹ szereg wa¿nych funkcji.;Przyjêcie odpowiedniej postawy cia³a lub wykonanie prostych ruchów.;Wdech odbywa siê przez nos, a wydech – przez usta.;Optymistyczne nastawienie do codziennoœci i koncentrowanie siê na pozytywnych aspektach w³asnego ¿ycia.
6.2.2025 14:58:16;Akceptujê;nauczycielem;6-10 lat;Szko³a Podstawowa im. J. Wybickiego w Baboszewie;Obie odpowiedzi s¹ poprawne.;mo¿na podzieliæ na dobre (pozytywne) i z³e (negatywne).;Przyjêcie odpowiedniej postawy cia³a lub wykonanie prostych ruchów.;Wdech odbywa siê przez nos, a wydech – przez usta.;Codzienna troska o fizycznoœæ, opieraj¹ca siê na trzech g³ównych filarach: w³aœciwej diecie, odpowiedniej iloœci snu i ruchu.
6.2.2025 14:58:46;Akceptujê;nauczycielem;11-15 lat;Szko³a Podstawowa im. J. Wybickiego w Baboszewie;Obie odpowiedzi s¹ poprawne.;Nie wiem;Nie wiem;Nie wiem;Nie wiem
6.2.2025 14:59:04;Akceptujê;nauczycielem;11-15 lat;Szko³a Podstawowa im. J. Wybickiego w Baboszewie;Obie odpowiedzi s¹ poprawne.;s¹ normalne i potrzebne, poniewa¿ realizuj¹ szereg wa¿nych funkcji.;Przyjêcie odpowiedniej postawy cia³a lub wykonanie prostych ruchów.;Wdech odbywa siê przez nos, a wydech – przez usta.;Optymistyczne nastawienie do codziennoœci i koncentrowanie siê na pozytywnych aspektach w³asnego ¿ycia.
6.2.2025 15:00:57;Akceptujê;nauczycielem;1-5 lat;Szko³a Podstawowa im. J. Wybickiego w Baboszewie;Obie odpowiedzi s¹ poprawne.;s¹ normalne i potrzebne, poniewa¿ realizuj¹ szereg wa¿nych funkcji.;Przyjêcie odpowiedniej postawy cia³a lub wykonanie prostych ruchów.;Wdech odbywa siê przez nos, a wydech – przez usta.;Codzienna troska o fizycznoœæ, opieraj¹ca siê na trzech g³ównych filarach: w³aœciwej diecie, odpowiedniej iloœci snu i ruchu.
6.2.2025 15:00:59;Akceptujê;nauczycielem;16-20 lat;Szko³a Podstawowa im. J. Wybickiego w Baboszewie;Obie odpowiedzi s¹ poprawne.;mo¿na podzieliæ na dobre (pozytywne) i z³e (negatywne).;Przyjêcie odpowiedniej postawy cia³a lub wykonanie prostych ruchów.;Wdech odbywa siê przez usta, a wydech – przez nos.;Codzienna troska o fizycznoœæ, opieraj¹ca siê na trzech g³ównych filarach: w³aœciwej diecie, odpowiedniej iloœci snu i ruchu.
6.2.2025 15:02:46;Akceptujê;nauczycielem;16-20 lat;Szko³a Podstawowa im. J. Wybickiego w Baboszewie;Obie odpowiedzi s¹ poprawne.;s¹ normalne i potrzebne, poniewa¿ realizuj¹ szereg wa¿nych funkcji.;Przyjêcie odpowiedniej postawy cia³a lub wykonanie prostych ruchów.;Wdech odbywa siê przez nos, a wydech – przez usta.;Optymistyczne nastawienie do codziennoœci i koncentrowanie siê na pozytywnych aspektach w³asnego ¿ycia.
6.2.2025 15:03:02;Akceptujê;nauczycielem;21 lat i wiêcej;Szko³a Podstawowa im. J. Wybickiego w Baboszewie;Obie odpowiedzi s¹ poprawne.;s¹ normalne i potrzebne, poniewa¿ realizuj¹ szereg wa¿nych funkcji.;Przyjêcie odpowiedniej postawy cia³a lub wykonanie prostych ruchów.;Wdech odbywa siê przez nos, a wydech – przez usta.;Optymistyczne nastawienie do codziennoœci i koncentrowanie siê na pozytywnych aspektach w³asnego ¿ycia.
6.2.2025 15:05:02;Akceptujê;nauczycielem;1-5 lat;Szko³a Podstawowa im. J. Wybickiego w Baboszewie;Obie odpowiedzi s¹ poprawne.;s¹ normalne i potrzebne, poniewa¿ realizuj¹ szereg wa¿nych funkcji.;Przyjêcie odpowiedniej postawy cia³a lub wykonanie prostych ruchów.;Wdech odbywa siê przez nos, a wydech – przez usta.;Codzienna troska o fizycznoœæ, opieraj¹ca siê na trzech g³ównych filarach: w³aœciwej diecie, odpowiedniej iloœci snu i ruchu.
6.2.2025 15:06:10;Akceptujê;nauczycielem;16-20 lat;Szko³a Podstawowa im. J. Wybickiego w Baboszewie;Obie odpowiedzi s¹ poprawne.;s¹ normalne i potrzebne, poniewa¿ realizuj¹ szereg wa¿nych funkcji.;Przyjêcie odpowiedniej postawy cia³a lub wykonanie prostych ruchów.;Wdech odbywa siê przez nos, a wydech – przez usta.;Codzienna troska o fizycznoœæ, opieraj¹ca siê na trzech g³ównych filarach: w³aœciwej diecie, odpowiedniej iloœci snu i ruchu.
6.2.2025 15:07:24;Akceptujê;nauczycielem;21 lat i wiêcej;Szko³a Podstawowa im. J. Wybickiego w Baboszewie;Obie odpowiedzi s¹ poprawne.;s¹ normalne i potrzebne, poniewa¿ realizuj¹ szereg wa¿nych funkcji.;Przyjêcie odpowiedniej postawy cia³a lub wykonanie prostych ruchów.;Wdech odbywa siê przez nos, a wydech – przez usta.;Codzienna troska o fizycznoœæ, opieraj¹ca siê na trzech g³ównych filarach: w³aœciwej diecie, odpowiedniej iloœci snu i ruchu.
6.2.2025 15:08:33;Akceptujê;nauczycielem;6-10 lat;Szko³a Podstawowa im. J. Wybickiego w Baboszewie;Obie odpowiedzi s¹ poprawne.;s¹ normalne i potrzebne, poniewa¿ realizuj¹ szereg wa¿nych funkcji.;Przyjêcie odpowiedniej postawy cia³a lub wykonanie prostych ruchów.;Wdech odbywa siê przez nos, a wydech – przez usta.;Codzienna troska o fizycznoœæ, opieraj¹ca siê na trzech g³ównych filarach: w³aœciwej diecie, odpowiedniej iloœci snu i ruchu.
6.2.2025 15:08:38;Akceptujê;nauczycielem;11-15 lat;Szko³a Podstawowa im. J. Wybickiego w Baboszewie;To reakcje, które pojawiaj¹ siê w odpowiedzi na subiektywnie wa¿n¹ dla danej osoby sytuacjê.;mo¿na podzieliæ na dobre (pozytywne) i z³e (negatywne).;Nie wiem;Wdech odbywa siê przez nos, a wydech – przez usta.;Codzienna troska o fizycznoœæ, opieraj¹ca siê na trzech g³ównych filarach: w³aœciwej diecie, odpowiedniej iloœci snu i ruchu.
6.2.2025 15:09:09;Akceptujê;psychologiem;16-20 lat;Szko³a Podstawowa im. J. Wybickiego w Baboszewie;Obie odpowiedzi s¹ poprawne.;s¹ normalne i potrzebne, poniewa¿ realizuj¹ szereg wa¿nych funkcji.;Przyjêcie odpowiedniej postawy cia³a lub wykonanie prostych ruchów.;Wdech i wydech odbywaj¹ siê przez nos.;Codzienna troska o fizycznoœæ, opieraj¹ca siê na trzech g³ównych filarach: w³aœciwej diecie, odpowiedniej iloœci snu i ruchu.
6.2.2025 15:10:22;Akceptujê;nauczycielem;21 lat i wiêcej;Szko³a Podstawowa im. J. Wybickiego w Baboszewie;Obie odpowiedzi s¹ poprawne.;s¹ normalne i potrzebne, poniewa¿ realizuj¹ szereg wa¿nych funkcji.;Przyjêcie odpowiedniej postawy cia³a lub wykonanie prostych ruchów.;Wdech odbywa siê przez nos, a wydech – przez usta.;Codzienna troska o fizycznoœæ, opieraj¹ca siê na trzech g³ównych filarach: w³aœciwej diecie, odpowiedniej iloœci snu i ruchu.
6.2.2025 15:11:00;Akceptujê;nauczycielem;11-15 lat;Szko³a Podstawowa im. J. Wybickiego w Baboszewie;Uruchamiaj¹ ca³y zespó³ zmian w ciele, w sposobie myœlenia i zachowaniu cz³owieka.;mo¿na podzieliæ na dobre (pozytywne) i z³e (negatywne).;Przyjêcie odpowiedniej postawy cia³a lub wykonanie prostych ruchów.;Wdech i wydech odbywaj¹ siê przez nos.;Optymistyczne nastawienie do codziennoœci i koncentrowanie siê na pozytywnych aspektach w³asnego ¿ycia.
6.2.2025 15:12:52;Akceptujê;nauczycielem;1-5 lat;Szko³a Podstawowa im. J. Wybickiego w Baboszewie;Uruchamiaj¹ ca³y zespó³ zmian w ciele, w sposobie myœlenia i zachowaniu cz³owieka.;s¹ normalne i potrzebne, poniewa¿ realizuj¹ szereg wa¿nych funkcji.;Przyjêcie odpowiedniej postawy cia³a lub wykonanie prostych ruchów.;Wdech odbywa siê przez nos, a wydech – przez usta.;Codzienna troska o fizycznoœæ, opieraj¹ca siê na trzech g³ównych filarach: w³aœciwej diecie, odpowiedniej iloœci snu i ruchu.
6.2.2025 15:14:13;Akceptujê;nauczycielem;16-20 lat;Szko³a Podstawowa im. J. Wybickiego w Baboszewie;Obie odpowiedzi s¹ poprawne.;mo¿na podzieliæ na dobre (pozytywne) i z³e (negatywne).;Przyjêcie odpowiedniej postawy cia³a lub wykonanie prostych ruchów.;Wdech odbywa siê przez usta, a wydech – przez nos.;Codzienna troska o fizycznoœæ, opieraj¹ca siê na trzech g³ównych filarach: w³aœciwej diecie, odpowiedniej iloœci snu i ruchu.
6.2.2025 15:20:06;Akceptujê;nauczycielem;16-20 lat;Szko³a Podstawowa im. J. Wybickiego w Baboszewie;Obie odpowiedzi s¹ poprawne.;s¹ abstrakcyjnym, metafizycznym doœwiadczeniem.;Przyjêcie odpowiedniej postawy cia³a lub wykonanie prostych ruchów.;Wdech odbywa siê przez nos, a wydech – przez usta.;Codzienna troska o fizycznoœæ, opieraj¹ca siê na trzech g³ównych filarach: w³aœciwej diecie, odpowiedniej iloœci snu i ruchu.
6.2.2025 15:28:19;Akceptujê;nauczycielem;16-20 lat;Szko³a Podstawowa im. J. Wybickiego w Baboszewie;Obie odpowiedzi s¹ poprawne.;s¹ normalne i potrzebne, poniewa¿ realizuj¹ szereg wa¿nych funkcji.;Przyjêcie odpowiedniej postawy cia³a lub wykonanie prostych ruchów.;Wdech odbywa siê przez nos, a wydech – przez usta.;Codzienna troska o fizycznoœæ, opieraj¹ca siê na trzech g³ównych filarach: w³aœciwej diecie, odpowiedniej iloœci snu i ruchu.
6.2.2025 15:30:38;Akceptujê;nauczycielem;21 lat i wiêcej;Szko³a Podstawowa im. J. Wybickiego w Baboszewie;Obie odpowiedzi s¹ poprawne.;mo¿na podzieliæ na dobre (pozytywne) i z³e (negatywne).;Przyjêcie odpowiedniej postawy cia³a lub wykonanie prostych ruchów.;Wdech odbywa siê przez nos, a wydech – przez usta.;Optymistyczne nastawienie do codziennoœci i koncentrowanie siê na pozytywnych aspektach w³asnego ¿ycia.
6.2.2025 15:31:04;Akceptujê;nauczycielem;16-20 lat;Szko³a Podstawowa im. J. Wybickiego w Baboszewie;Obie odpowiedzi s¹ poprawne.;s¹ normalne i potrzebne, poniewa¿ realizuj¹ szereg wa¿nych funkcji.;Przyjêcie odpowiedniej postawy cia³a lub wykonanie prostych ruchów.;Wdech odbywa siê przez nos, a wydech – przez usta.;Optymistyczne nastawienie do codziennoœci i koncentrowanie siê na pozytywnych aspektach w³asnego ¿ycia.
6.2.2025 15:31:07;Akceptujê;nauczycielem;1-5 lat;Szko³a Podstawowa im. J. Wybickiego w Baboszewie;Obie odpowiedzi s¹ poprawne.;s¹ normalne i potrzebne, poniewa¿ realizuj¹ szereg wa¿nych funkcji.;Przyjêcie odpowiedniej postawy cia³a lub wykonanie prostych ruchów.;Wdech odbywa siê przez nos, a wydech – przez usta.;Codzienna troska o fizycznoœæ, opieraj¹ca siê na trzech g³ównych filarach: w³aœciwej diecie, odpowiedniej iloœci snu i ruchu.
6.2.2025 15:32:31;Akceptujê;nauczycielem;21 lat i wiêcej;Szko³a Podstawowa im. J. Wybickiego w Baboszewie;Obie odpowiedzi s¹ poprawne.;mo¿na podzieliæ na dobre (pozytywne) i z³e (negatywne).;Przyjêcie odpowiedniej postawy cia³a lub wykonanie prostych ruchów.;Wdech odbywa siê przez nos, a wydech – przez usta.;Codzienna troska o fizycznoœæ, opieraj¹ca siê na trzech g³ównych filarach: w³aœciwej diecie, odpowiedniej iloœci snu i ruchu.
6.2.2025 15:32:40;Akceptujê;nauczycielem;21 lat i wiêcej;Szko³a Podstawowa im. J. Wybickiego w Baboszewie;Obie odpowiedzi s¹ poprawne.;mo¿na podzieliæ na dobre (pozytywne) i z³e (negatywne).;Przyjêcie odpowiedniej postawy cia³a lub wykonanie prostych ruchów.;Wdech odbywa siê przez nos, a wydech – przez usta.;Optymistyczne nastawienie do codziennoœci i koncentrowanie siê na pozytywnych aspektach w³asnego ¿ycia.
6.2.2025 15:33:01;Akceptujê;nauczycielem;21 lat i wiêcej;Szko³a Podstawowa im. J. Wybickiego w Baboszewie;Obie odpowiedzi s¹ poprawne.;s¹ normalne i potrzebne, poniewa¿ realizuj¹ szereg wa¿nych funkcji.;Przyjêcie odpowiedniej postawy cia³a lub wykonanie prostych ruchów.;Wdech i wydech odbywaj¹ siê przez nos.;Optymistyczne nastawienie do codziennoœci i koncentrowanie siê na pozytywnych aspektach w³asnego ¿ycia.
6.2.2025 15:38:48;Akceptujê;nauczycielem;6-10 lat;Szko³a Podstawowa im. J. Wybickiego w Baboszewie;Obie odpowiedzi s¹ poprawne.;mo¿na podzieliæ na dobre (pozytywne) i z³e (negatywne).;Przyjêcie odpowiedniej postawy cia³a lub wykonanie prostych ruchów.;Wdech odbywa siê przez usta, a wydech – przez nos.;Optymistyczne nastawienie do codziennoœci i koncentrowanie siê na pozytywnych aspektach w³asnego ¿ycia.
6.2.2025 15:40:10;Akceptujê;nauczycielem;11-15 lat;Szko³a Podstawowa im. J. Wybickiego w Baboszewie;Uruchamiaj¹ ca³y zespó³ zmian w ciele, w sposobie myœlenia i zachowaniu cz³owieka.;s¹ normalne i potrzebne, poniewa¿ realizuj¹ szereg wa¿nych funkcji.;Przyjêcie odpowiedniej postawy cia³a lub wykonanie prostych ruchów.;Wdech odbywa siê przez nos, a wydech – przez usta.;Optymistyczne nastawienie do codziennoœci i koncentrowanie siê na pozytywnych aspektach w³asnego ¿ycia.
6.2.2025 15:41:12;Akceptujê;dyrektorem/wicedyrektorem;21 lat i wiêcej;Szko³a Podstawowa im. J. Wybickiego w Baboszewie;Obie odpowiedzi s¹ poprawne.;s¹ normalne i potrzebne, poniewa¿ realizuj¹ szereg wa¿nych funkcji.;Przyjêcie odpowiedniej postawy cia³a lub wykonanie prostych ruchów.;Wdech odbywa siê przez nos, a wydech – przez usta.;Codzienna troska o fizycznoœæ, opieraj¹ca siê na trzech g³ównych filarach: w³aœciwej diecie, odpowiedniej iloœci snu i ruchu.
6.2.2025 15:46:58;Akceptujê;nauczycielem;21 lat i wiêcej;Szko³a Podstawowa im. J. Wybickiego w Baboszewie;Uruchamiaj¹ ca³y zespó³ zmian w ciele, w sposobie myœlenia i zachowaniu cz³owieka.;mo¿na podzieliæ na dobre (pozytywne) i z³e (negatywne).;Przyjêcie odpowiedniej postawy cia³a lub wykonanie prostych ruchów.;Wdech odbywa siê przez nos, a wydech – przez usta.;Codzienna troska o fizycznoœæ, opieraj¹ca siê na trzech g³ównych filarach: w³aœciwej diecie, odpowiedniej iloœci snu i ruchu.
6.2.2025 16:04:47;Akceptujê;nauczycielem;11-15 lat;Szko³a Podstawowa im. J. Wybickiego w Baboszewie;To reakcje, które pojawiaj¹ siê w odpowiedzi na subiektywnie wa¿n¹ dla danej osoby sytuacjê.;s¹ normalne i potrzebne, poniewa¿ realizuj¹ szereg wa¿nych funkcji.;Przyjêcie odpowiedniej postawy cia³a lub wykonanie prostych ruchów.;Wdech odbywa siê przez usta, a wydech – przez nos.;Optymistyczne nastawienie do codziennoœci i koncentrowanie siê na pozytywnych aspektach w³asnego ¿ycia.
6.2.2025 16:06:41;Akceptujê;nauczycielem;21 lat i wiêcej;Szko³a Podstawowa im. J. Wybickiego w Baboszewie;Obie odpowiedzi s¹ poprawne.;mo¿na podzieliæ na dobre (pozytywne) i z³e (negatywne).;Przyjêcie odpowiedniej postawy cia³a lub wykonanie prostych ruchów.;Wdech odbywa siê przez nos, a wydech – przez usta.;Optymistyczne nastawienie do codziennoœci i koncentrowanie siê na pozytywnych aspektach w³asnego ¿ycia.
6.2.2025 16:08:36;Akceptujê;nauczycielem;21 lat i wiêcej;Szko³a Podstawowa im. J. Wybickiego w Baboszewie;Uruchamiaj¹ ca³y zespó³ zmian w ciele, w sposobie myœlenia i zachowaniu cz³owieka.;mo¿na podzieliæ na dobre (pozytywne) i z³e (negatywne).;Przyjêcie odpowiedniej postawy cia³a lub wykonanie prostych ruchów.;Wdech odbywa siê przez nos, a wydech – przez usta.;Optymistyczne nastawienie do codziennoœci i koncentrowanie siê na pozytywnych aspektach w³asnego ¿ycia.
6.2.2025 16:08:58;Akceptujê;nauczycielem;1-5 lat;Szko³a Podstawowa im. J. Wybickiego w Baboszewie;Obie odpowiedzi s¹ poprawne.;mo¿na podzieliæ na dobre (pozytywne) i z³e (negatywne).;Przyjêcie odpowiedniej postawy cia³a lub wykonanie prostych ruchów.;Wdech odbywa siê przez nos, a wydech – przez usta.;Optymistyczne nastawienie do codziennoœci i koncentrowanie siê na pozytywnych aspektach w³asnego ¿ycia.
6.2.2025 17:29:07;Akceptujê;dyrektorem/wicedyrektorem;21 lat i wiêcej;Szko³a Podstawowa im. J. Wybickiego w Baboszewie;To reakcje, które pojawiaj¹ siê w odpowiedzi na subiektywnie wa¿n¹ dla danej osoby sytuacjê.;mo¿na podzieliæ na dobre (pozytywne) i z³e (negatywne).;Przyjêcie odpowiedniej postawy cia³a lub wykonanie prostych ruchów.;Wdech odbywa siê przez nos, a wydech – przez usta.;Codzienna troska o fizycznoœæ, opieraj¹ca siê na trzech g³ównych filarach: w³aœciwej diecie, odpowiedniej iloœci snu i ruchu.
6.3.2025 8:15:53;Akceptujê;nauczycielem;1-5 lat;Szko³a Podstawowa im. J. Wybickiego w Baboszewie;Obie odpowiedzi s¹ poprawne.;s¹ normalne i potrzebne, poniewa¿ realizuj¹ szereg wa¿nych funkcji.;Przyjêcie odpowiedniej postawy cia³a lub wykonanie prostych ruchów.;Wdech odbywa siê przez nos, a wydech – przez usta.;Codzienna troska o fizycznoœæ, opieraj¹ca siê na trzech g³ównych filarach: w³aœciwej diecie, odpowiedniej iloœci snu i ruchu.
6.3.2025 15:30:31;Akceptujê;nauczycielem;16-20 lat;IV Liceum Ogólnokszta³c¹ce im. Krzysztofa Kamila Baczyñskiego w Olkuszu;Obie odpowiedzi s¹ poprawne.;s¹ normalne i potrzebne, poniewa¿ realizuj¹ szereg wa¿nych funkcji.;Przyjêcie odpowiedniej postawy cia³a lub wykonanie prostych ruchów.;Wdech odbywa siê przez nos, a wydech – przez usta.;Codzienna troska o fizycznoœæ, opieraj¹ca siê na trzech g³ównych filarach: w³aœciwej diecie, odpowiedniej iloœci snu i ruchu.
6.3.2025 15:30:42;Akceptujê;pielêgniark¹;21 lat i wiêcej;IV Liceum Ogólnokszta³c¹ce im. Krzysztofa Kamila Baczyñskiego w Olkuszu;Nie wiem;s¹ normalne i potrzebne, poniewa¿ realizuj¹ szereg wa¿nych funkcji.;Nie wiem;Wdech odbywa siê przez nos, a wydech – przez usta.;Nie wiem
6.3.2025 15:33:17;Akceptujê;nauczycielem;11-15 lat;IV Liceum Ogólnokszta³c¹ce im. Krzysztofa Kamila Baczyñskiego w Olkuszu;Obie odpowiedzi s¹ poprawne.;s¹ normalne i potrzebne, poniewa¿ realizuj¹ szereg wa¿nych funkcji.;Przyjêcie odpowiedniej postawy cia³a lub wykonanie prostych ruchów.;Wdech odbywa siê przez nos, a wydech – przez usta.;Codzienna troska o fizycznoœæ, opieraj¹ca siê na trzech g³ównych filarach: w³aœciwej diecie, odpowiedniej iloœci snu i ruchu.
6.3.2025 15:33:26;Akceptujê;nauczycielem;1-5 lat;IV Liceum Ogólnokszta³c¹ce im. Krzysztofa Kamila Baczyñskiego w Olkuszu;Obie odpowiedzi s¹ poprawne.;s¹ normalne i potrzebne, poniewa¿ realizuj¹ szereg wa¿nych funkcji.;Przyjêcie odpowiedniej postawy cia³a lub wykonanie prostych ruchów.;Wdech odbywa siê przez nos, a wydech – przez usta.;Codzienna troska o fizycznoœæ, opieraj¹ca siê na trzech g³ównych filarach: w³aœciwej diecie, odpowiedniej iloœci snu i ruchu.
6.3.2025 15:34:13;Akceptujê;nauczycielem;21 lat i wiêcej;IV Liceum Ogólnokszta³c¹ce im. Krzysztofa Kamila Baczyñskiego w Olkuszu;Obie odpowiedzi s¹ poprawne.;mo¿na podzieliæ na dobre (pozytywne) i z³e (negatywne).;Przyjêcie odpowiedniej postawy cia³a lub wykonanie prostych ruchów.;Wdech odbywa siê przez nos, a wydech – przez usta.;Optymistyczne nastawienie do codziennoœci i koncentrowanie siê na pozytywnych aspektach w³asnego ¿ycia.
6.3.2025 15:34:32;Akceptujê;nauczycielem;6-10 lat;IV Liceum Ogólnokszta³c¹ce im. Krzysztofa Kamila Baczyñskiego w Olkuszu;Obie odpowiedzi s¹ poprawne.;s¹ normalne i potrzebne, poniewa¿ realizuj¹ szereg wa¿nych funkcji.;Przyjêcie odpowiedniej postawy cia³a lub wykonanie prostych ruchów.;Wdech odbywa siê przez nos, a wydech – przez usta.;Codzienna troska o fizycznoœæ, opieraj¹ca siê na trzech g³ównych filarach: w³aœciwej diecie, odpowiedniej iloœci snu i ruchu.
6.3.2025 15:34:57;Akceptujê;pedagogiem;21 lat i wiêcej;IV Liceum Ogólnokszta³c¹ce im. Krzysztofa Kamila Baczyñskiego w Olkuszu;Obie odpowiedzi s¹ poprawne.;s¹ normalne i potrzebne, poniewa¿ realizuj¹ szereg wa¿nych funkcji.;Przyjêcie odpowiedniej postawy cia³a lub wykonanie prostych ruchów.;Wdech odbywa siê przez nos, a wydech – przez usta.;Optymistyczne nastawienie do codziennoœci i koncentrowanie siê na pozytywnych aspektach w³asnego ¿ycia.
6.3.2025 15:35:33;Akceptujê;nauczycielem;6-10 lat;IV Liceum Ogólnokszta³c¹ce im. Krzysztofa Kamila Baczyñskiego w Olkuszu;Obie odpowiedzi s¹ poprawne.;s¹ abstrakcyjnym, metafizycznym doœwiadczeniem.;Przyjêcie odpowiedniej postawy cia³a lub wykonanie prostych ruchów.;Wdech odbywa siê przez nos, a wydech – przez usta.;Codzienna troska o fizycznoœæ, opieraj¹ca siê na trzech g³ównych filarach: w³aœciwej diecie, odpowiedniej iloœci snu i ruchu.
6.3.2025 15:35:53;Akceptujê;nauczycielem;16-20 lat;IV Liceum Ogólnokszta³c¹ce im. Krzysztofa Kamila Baczyñskiego w Olkuszu;Obie odpowiedzi s¹ poprawne.;mo¿na podzieliæ na dobre (pozytywne) i z³e (negatywne).;Przyjêcie odpowiedniej postawy cia³a lub wykonanie prostych ruchów.;Wdech odbywa siê przez nos, a wydech – przez usta.;Codzienna troska o fizycznoœæ, opieraj¹ca siê na trzech g³ównych filarach: w³aœciwej diecie, odpowiedniej iloœci snu i ruchu.
6.3.2025 15:39:46;Akceptujê;pedagogiem;11-15 lat;IV Liceum Ogólnokszta³c¹ce im. Krzysztofa Kamila Baczyñskiego w Olkuszu;Obie odpowiedzi s¹ poprawne.;s¹ normalne i potrzebne, poniewa¿ realizuj¹ szereg wa¿nych funkcji.;Przyjêcie odpowiedniej postawy cia³a lub wykonanie prostych ruchów.;Wdech odbywa siê przez nos, a wydech – przez usta.;Codzienna troska o fizycznoœæ, opieraj¹ca siê na trzech g³ównych filarach: w³aœciwej diecie, odpowiedniej iloœci snu i ruchu.
6.3.2025 15:40:52;Akceptujê;nauczycielem;16-20 lat;IV Liceum Ogólnokszta³c¹ce im. Krzysztofa Kamila Baczyñskiego w Olkuszu;Obie odpowiedzi s¹ poprawne.;s¹ normalne i potrzebne, poniewa¿ realizuj¹ szereg wa¿nych funkcji.;Przyjêcie odpowiedniej postawy cia³a lub wykonanie prostych ruchów.;Wdech odbywa siê przez nos, a wydech – przez usta.;Codzienna troska o fizycznoœæ, opieraj¹ca siê na trzech g³ównych filarach: w³aœciwej diecie, odpowiedniej iloœci snu i ruchu.
6.3.2025 15:41:14;Akceptujê;nauczycielem;11-15 lat;IV Liceum Ogólnokszta³c¹ce im. Krzysztofa Kamila Baczyñskiego w Olkuszu;Obie odpowiedzi s¹ poprawne.;Nie wiem;Przyjêcie odpowiedniej postawy cia³a lub wykonanie prostych ruchów.;Nie wiem;Codzienna troska o fizycznoœæ, opieraj¹ca siê na trzech g³ównych filarach: w³aœciwej diecie, odpowiedniej iloœci snu i ruchu.
6.3.2025 15:50:58;Akceptujê;nauczycielem;21 lat i wiêcej;IV Liceum Ogólnokszta³c¹ce im. Krzysztofa Kamila Baczyñskiego w Olkuszu;Obie odpowiedzi s¹ poprawne.;mo¿na podzieliæ na dobre (pozytywne) i z³e (negatywne).;Przyjêcie odpowiedniej postawy cia³a lub wykonanie prostych ruchów.;Wdech odbywa siê przez nos, a wydech – przez usta.;Codzienna troska o fizycznoœæ, opieraj¹ca siê na trzech g³ównych filarach: w³aœciwej diecie, odpowiedniej iloœci snu i ruchu.
6.4.2025 15:03:21;Akceptujê;nauczycielem;11-15 lat;Zespó³ Szkolno-Przedszkolny im Jana Brzechwy w Dopiewie;Obie odpowiedzi s¹ poprawne.;s¹ normalne i potrzebne, poniewa¿ realizuj¹ szereg wa¿nych funkcji.;Przyjêcie odpowiedniej postawy cia³a lub wykonanie prostych ruchów.;Wdech odbywa siê przez nos, a wydech – przez usta.;Nie wiem
6.4.2025 15:03:51;Akceptujê;psychologiem;1-5 lat;Zespó³ Szkolno-Przedszkolny im Jana Brzechwy w Dopiewie;Obie odpowiedzi s¹ poprawne.;s¹ normalne i potrzebne, poniewa¿ realizuj¹ szereg wa¿nych funkcji.;Przyjêcie odpowiedniej postawy cia³a lub wykonanie prostych ruchów.;Wdech odbywa siê przez nos, a wydech – przez usta.;Optymistyczne nastawienie do codziennoœci i koncentrowanie siê na pozytywnych aspektach w³asnego ¿ycia.
6.4.2025 15:04:00;Akceptujê;nauczycielem;16-20 lat;Zespó³ Szkolno-Przedszkolny im Jana Brzechwy w Dopiewie;Obie odpowiedzi s¹ poprawne.;s¹ normalne i potrzebne, poniewa¿ realizuj¹ szereg wa¿nych funkcji.;Przyjêcie odpowiedniej postawy cia³a lub wykonanie prostych ruchów.;Wdech odbywa siê przez nos, a wydech – przez usta.;Codzienna troska o fizycznoœæ, opieraj¹ca siê na trzech g³ównych filarach: w³aœciwej diecie, odpowiedniej iloœci snu i ruchu.
6.4.2025 15:05:40;Akceptujê;nauczycielem;21 lat i wiêcej;Zespó³ Szkolno-Przedszkolny im Jana Brzechwy w Dopiewie;Obie odpowiedzi s¹ poprawne.;s¹ normalne i potrzebne, poniewa¿ realizuj¹ szereg wa¿nych funkcji.;Przyjêcie odpowiedniej postawy cia³a lub wykonanie prostych ruchów.;Wdech odbywa siê przez nos, a wydech – przez usta.;Codzienna troska o fizycznoœæ, opieraj¹ca siê na trzech g³ównych filarach: w³aœciwej diecie, odpowiedniej iloœci snu i ruchu.
6.4.2025 15:05:42;Akceptujê;nauczycielem;1-5 lat;Zespó³ Szkolno-Przedszkolny im Jana Brzechwy w Dopiewie;Obie odpowiedzi s¹ poprawne.;mo¿na podzieliæ na dobre (pozytywne) i z³e (negatywne).;Przyjêcie odpowiedniej postawy cia³a lub wykonanie prostych ruchów.;Wdech odbywa siê przez nos, a wydech – przez usta.;Optymistyczne nastawienie do codziennoœci i koncentrowanie siê na pozytywnych aspektach w³asnego ¿ycia.
6.4.2025 15:05:48;Akceptujê;nauczycielem;21 lat i wiêcej;Zespó³ Szkolno-Przedszkolny im Jana Brzechwy w Dopiewie;Obie odpowiedzi s¹ poprawne.;s¹ normalne i potrzebne, poniewa¿ realizuj¹ szereg wa¿nych funkcji.;Przyjêcie odpowiedniej postawy cia³a lub wykonanie prostych ruchów.;Wdech odbywa siê przez nos, a wydech – przez usta.;Optymistyczne nastawienie do codziennoœci i koncentrowanie siê na pozytywnych aspektach w³asnego ¿ycia.
6.4.2025 15:06:22;Akceptujê;dyrektorem/wicedyrektorem;21 lat i wiêcej;Zespó³ Szkolno-Przedszkolny im Jana Brzechwy w Dopiewie;Obie odpowiedzi s¹ poprawne.;mo¿na podzieliæ na dobre (pozytywne) i z³e (negatywne).;Przyjêcie odpowiedniej postawy cia³a lub wykonanie prostych ruchów.;Wdech odbywa siê przez usta, a wydech – przez nos.;Optymistyczne nastawienie do codziennoœci i koncentrowanie siê na pozytywnych aspektach w³asnego ¿ycia.
6.4.2025 15:06:41;Akceptujê;nauczycielem;21 lat i wiêcej;Zespó³ Szkolno-Przedszkolny im Jana Brzechwy w Dopiewie;Obie odpowiedzi s¹ poprawne.;mo¿na podzieliæ na dobre (pozytywne) i z³e (negatywne).;Nie wiem;Wdech odbywa siê przez nos, a wydech – przez usta.;Optymistyczne nastawienie do codziennoœci i koncentrowanie siê na pozytywnych aspektach w³asnego ¿ycia.
6.4.2025 15:09:55;Akceptujê;psychologiem;21 lat i wiêcej;Zespó³ Szkolno-Przedszkolny im Jana Brzechwy w Dopiewie;Obie odpowiedzi s¹ poprawne.;s¹ normalne i potrzebne, poniewa¿ realizuj¹ szereg wa¿nych funkcji.;Przyjêcie odpowiedniej postawy cia³a lub wykonanie prostych ruchów.;Wdech odbywa siê przez nos, a wydech – przez usta.;Codzienna troska o fizycznoœæ, opieraj¹ca siê na trzech g³ównych filarach: w³aœciwej diecie, odpowiedniej iloœci snu i ruchu.
6.4.2025 15:10:41;Akceptujê;nauczycielem;mniej ni¿ rok;Zespó³ Szkolno-Przedszkolny im Jana Brzechwy w Dopiewie;Obie odpowiedzi s¹ poprawne.;s¹ normalne i potrzebne, poniewa¿ realizuj¹ szereg wa¿nych funkcji.;Przyjêcie odpowiedniej postawy cia³a lub wykonanie prostych ruchów.;Wdech odbywa siê przez nos, a wydech – przez usta.;Optymistyczne nastawienie do codziennoœci i koncentrowanie siê na pozytywnych aspektach w³asnego ¿ycia.
6.4.2025 15:12:07;Akceptujê;nauczycielem;21 lat i wiêcej;Zespó³ Szkolno-Przedszkolny im Jana Brzechwy w Dopiewie;Obie odpowiedzi s¹ poprawne.;s¹ normalne i potrzebne, poniewa¿ realizuj¹ szereg wa¿nych funkcji.;Przyjêcie odpowiedniej postawy cia³a lub wykonanie prostych ruchów.;Wdech odbywa siê przez nos, a wydech – przez usta.;Optymistyczne nastawienie do codziennoœci i koncentrowanie siê na pozytywnych aspektach w³asnego ¿ycia.
6.4.2025 15:13:10;Akceptujê;nauczycielem;21 lat i wiêcej;Zespó³ Szkolno-Przedszkolny im Jana Brzechwy w Dopiewie;Obie odpowiedzi s¹ poprawne.;s¹ normalne i potrzebne, poniewa¿ realizuj¹ szereg wa¿nych funkcji.;Przyjêcie odpowiedniej postawy cia³a lub wykonanie prostych ruchów.;Wdech odbywa siê przez nos, a wydech – przez usta.;Optymistyczne nastawienie do codziennoœci i koncentrowanie siê na pozytywnych aspektach w³asnego ¿ycia.
6.4.2025 15:16:25;Akceptujê;nauczycielem;1-5 lat;Zespó³ Szkolno-Przedszkolny im Jana Brzechwy w Dopiewie;Obie odpowiedzi s¹ poprawne.;s¹ normalne i potrzebne, poniewa¿ realizuj¹ szereg wa¿nych funkcji.;Przyjêcie odpowiedniej postawy cia³a lub wykonanie prostych ruchów.;Wdech odbywa siê przez nos, a wydech – przez usta.;Codzienna troska o fizycznoœæ, opieraj¹ca siê na trzech g³ównych filarach: w³aœciwej diecie, odpowiedniej iloœci snu i ruchu.
6.4.2025 15:21:38;Akceptujê;nauczycielem;1-5 lat;Zespó³ Szkolno-Przedszkolny im Jana Brzechwy w Dopiewie;Obie odpowiedzi s¹ poprawne.;s¹ normalne i potrzebne, poniewa¿ realizuj¹ szereg wa¿nych funkcji.;Przyjêcie odpowiedniej postawy cia³a lub wykonanie prostych ruchów.;Wdech odbywa siê przez nos, a wydech – przez usta.;Codzienna troska o fizycznoœæ, opieraj¹ca siê na trzech g³ównych filarach: w³aœciwej diecie, odpowiedniej iloœci snu i ruchu.
6.4.2025 15:23:25;Akceptujê;nauczycielem;21 lat i wiêcej;Zespó³ Szkolno-Przedszkolny im Jana Brzechwy w Dopiewie;Uruchamiaj¹ ca³y zespó³ zmian w ciele, w sposobie myœlenia i zachowaniu cz³owieka.;mo¿na podzieliæ na dobre (pozytywne) i z³e (negatywne).;Przyjêcie odpowiedniej postawy cia³a lub wykonanie prostych ruchów.;Wdech odbywa siê przez nos, a wydech – przez usta.;Optymistyczne nastawienie do codziennoœci i koncentrowanie siê na pozytywnych aspektach w³asnego ¿ycia.
6.5.2025 14:59:09;Akceptujê;nauczycielem;21 lat i wiêcej;I Liceum Ogólnokszta³c¹ce im M. Kopernika w ¯ywcu;Obie odpowiedzi s¹ poprawne.;s¹ normalne i potrzebne, poniewa¿ realizuj¹ szereg wa¿nych funkcji.;Przyjêcie odpowiedniej postawy cia³a lub wykonanie prostych ruchów.;Wdech odbywa siê przez nos, a wydech – przez usta.;Optymistyczne nastawienie do codziennoœci i koncentrowanie siê na pozytywnych aspektach w³asnego ¿ycia.
6.5.2025 14:59:27;Akceptujê;nauczycielem;21 lat i wiêcej;I Liceum Ogólnokszta³c¹ce im M. Kopernika w ¯ywcu;Obie odpowiedzi s¹ poprawne.;s¹ normalne i potrzebne, poniewa¿ realizuj¹ szereg wa¿nych funkcji.;Przyjêcie odpowiedniej postawy cia³a lub wykonanie prostych ruchów.;Wdech odbywa siê przez nos, a wydech – przez usta.;Codzienna troska o fizycznoœæ, opieraj¹ca siê na trzech g³ównych filarach: w³aœciwej diecie, odpowiedniej iloœci snu i ruchu.
6.5.2025 15:00:50;Akceptujê;nauczycielem;21 lat i wiêcej;I Liceum Ogólnokszta³c¹ce im M. Kopernika w ¯ywcu;Obie odpowiedzi s¹ poprawne.;mo¿na podzieliæ na dobre (pozytywne) i z³e (negatywne).;Przyjêcie odpowiedniej postawy cia³a lub wykonanie prostych ruchów.;Wdech odbywa siê przez nos, a wydech – przez usta.;Optymistyczne nastawienie do codziennoœci i koncentrowanie siê na pozytywnych aspektach w³asnego ¿ycia.
6.5.2025 15:02:40;Akceptujê;nauczycielem;6-10 lat;I Liceum Ogólnokszta³c¹ce im M. Kopernika w ¯ywcu;Obie odpowiedzi s¹ poprawne.;s¹ normalne i potrzebne, poniewa¿ realizuj¹ szereg wa¿nych funkcji.;Przyjêcie odpowiedniej postawy cia³a lub wykonanie prostych ruchów.;Wdech odbywa siê przez nos, a wydech – przez usta.;Codzienna troska o fizycznoœæ, opieraj¹ca siê na trzech g³ównych filarach: w³aœciwej diecie, odpowiedniej iloœci snu i ruchu.
6.5.2025 15:04:05;Akceptujê;nauczycielem;21 lat i wiêcej;I Liceum Ogólnokszta³c¹ce im M. Kopernika w ¯ywcu;Obie odpowiedzi s¹ poprawne.;mo¿na podzieliæ na dobre (pozytywne) i z³e (negatywne).;Przyjêcie odpowiedniej postawy cia³a lub wykonanie prostych ruchów.;Wdech odbywa siê przez nos, a wydech – przez usta.;Codzienna troska o fizycznoœæ, opieraj¹ca siê na trzech g³ównych filarach: w³aœciwej diecie, odpowiedniej iloœci snu i ruchu.
6.5.2025 15:04:05;Akceptujê;pedagogiem;16-20 lat;I Liceum Ogólnokszta³c¹ce im M. Kopernika w ¯ywcu;Obie odpowiedzi s¹ poprawne.;s¹ normalne i potrzebne, poniewa¿ realizuj¹ szereg wa¿nych funkcji.;Przyjêcie odpowiedniej postawy cia³a lub wykonanie prostych ruchów.;Wdech i wydech odbywaj¹ siê przez nos.;Codzienna troska o fizycznoœæ, opieraj¹ca siê na trzech g³ównych filarach: w³aœciwej diecie, odpowiedniej iloœci snu i ruchu.
6.5.2025 15:04:44;Akceptujê;nauczycielem;1-5 lat;I Liceum Ogólnokszta³c¹ce im M. Kopernika w ¯ywcu;Obie odpowiedzi s¹ poprawne.;s¹ normalne i potrzebne, poniewa¿ realizuj¹ szereg wa¿nych funkcji.;Przyjêcie odpowiedniej postawy cia³a lub wykonanie prostych ruchów.;Wdech odbywa siê przez nos, a wydech – przez usta.;Codzienna troska o fizycznoœæ, opieraj¹ca siê na trzech g³ównych filarach: w³aœciwej diecie, odpowiedniej iloœci snu i ruchu.
6.5.2025 15:05:02;Akceptujê;psychologiem;1-5 lat;I Liceum Ogólnokszta³c¹ce im M. Kopernika w ¯ywcu;Obie odpowiedzi s¹ poprawne.;s¹ normalne i potrzebne, poniewa¿ realizuj¹ szereg wa¿nych funkcji.;Przyjêcie odpowiedniej postawy cia³a lub wykonanie prostych ruchów.;Wdech odbywa siê przez nos, a wydech – przez usta.;Optymistyczne nastawienie do codziennoœci i koncentrowanie siê na pozytywnych aspektach w³asnego ¿ycia.
6.5.2025 15:06:09;Akceptujê;nauczycielem;21 lat i wiêcej;I Liceum Ogólnokszta³c¹ce im M. Kopernika w ¯ywcu;Obie odpowiedzi s¹ poprawne.;s¹ normalne i potrzebne, poniewa¿ realizuj¹ szereg wa¿nych funkcji.;Przyjêcie odpowiedniej postawy cia³a lub wykonanie prostych ruchów.;Wdech odbywa siê przez nos, a wydech – przez usta.;Optymistyczne nastawienie do codziennoœci i koncentrowanie siê na pozytywnych aspektach w³asnego ¿ycia.
6.5.2025 15:07:08;Akceptujê;nauczycielem;1-5 lat;I Liceum Ogólnokszta³c¹ce im M. Kopernika w ¯ywcu;Obie odpowiedzi s¹ poprawne.;s¹ normalne i potrzebne, poniewa¿ realizuj¹ szereg wa¿nych funkcji.;Przyjêcie odpowiedniej postawy cia³a lub wykonanie prostych ruchów.;Wdech odbywa siê przez nos, a wydech – przez usta.;Codzienna troska o fizycznoœæ, opieraj¹ca siê na trzech g³ównych filarach: w³aœciwej diecie, odpowiedniej iloœci snu i ruchu.
6.5.2025 15:07:51;Akceptujê;nauczycielem;21 lat i wiêcej;I Liceum Ogólnokszta³c¹ce im M. Kopernika w ¯ywcu;Obie odpowiedzi s¹ poprawne.;s¹ normalne i potrzebne, poniewa¿ realizuj¹ szereg wa¿nych funkcji.;Przyjêcie odpowiedniej postawy cia³a lub wykonanie prostych ruchów.;Nie wiem;Optymistyczne nastawienie do codziennoœci i koncentrowanie siê na pozytywnych aspektach w³asnego ¿ycia.
6.5.2025 15:08:29;Akceptujê;nauczycielem;21 lat i wiêcej;I Liceum Ogólnokszta³c¹ce im M. Kopernika w ¯ywcu;Obie odpowiedzi s¹ poprawne.;s¹ normalne i potrzebne, poniewa¿ realizuj¹ szereg wa¿nych funkcji.;Przyjêcie odpowiedniej postawy cia³a lub wykonanie prostych ruchów.;Wdech odbywa siê przez usta, a wydech – przez nos.;Codzienna troska o fizycznoœæ, opieraj¹ca siê na trzech g³ównych filarach: w³aœciwej diecie, odpowiedniej iloœci snu i ruchu.
6.5.2025 15:10:37;Akceptujê;samodzielnym referentem;mniej ni¿ rok;I Liceum Ogólnokszta³c¹ce im M. Kopernika w ¯ywcu;Obie odpowiedzi s¹ poprawne.;mo¿na podzieliæ na dobre (pozytywne) i z³e (negatywne).;Przyjêcie odpowiedniej postawy cia³a lub wykonanie prostych ruchów.;Wdech odbywa siê przez nos, a wydech – przez usta.;Codzienna troska o fizycznoœæ, opieraj¹ca siê na trzech g³ównych filarach: w³aœciwej diecie, odpowiedniej iloœci snu i ruchu.
6.5.2025 15:18:38;Akceptujê;nauczycielem;21 lat i wiêcej;I Liceum Ogólnokszta³c¹ce im M. Kopernika w ¯ywcu;Obie odpowiedzi s¹ poprawne.;s¹ normalne i potrzebne, poniewa¿ realizuj¹ szereg wa¿nych funkcji.;Przyjêcie odpowiedniej postawy cia³a lub wykonanie prostych ruchów.;Wdech odbywa siê przez nos, a wydech – przez usta.;Codzienna troska o fizycznoœæ, opieraj¹ca siê na trzech g³ównych filarach: w³aœciwej diecie, odpowiedniej iloœci snu i ruchu.
6.5.2025 15:24:40;Akceptujê;nauczycielem;21 lat i wiêcej;I Liceum Ogólnokszta³c¹ce im M. Kopernika w ¯ywcu;Obie odpowiedzi s¹ poprawne.;s¹ normalne i potrzebne, poniewa¿ realizuj¹ szereg wa¿nych funkcji.;Przyjêcie odpowiedniej postawy cia³a lub wykonanie prostych ruchów.;Wdech odbywa siê przez nos, a wydech – przez usta.;Codzienna troska o fizycznoœæ, opieraj¹ca siê na trzech g³ównych filarach: w³aœciwej diecie, odpowiedniej iloœci snu i ruchu.
6.5.2025 17:53:10;Akceptujê;nauczycielem;11-15 lat;I Liceum Ogólnokszta³c¹ce im M. Kopernika w ¯ywcu;To reakcje, które pojawiaj¹ siê w odpowiedzi na subiektywnie wa¿n¹ dla danej osoby sytuacjê.;s¹ normalne i potrzebne, poniewa¿ realizuj¹ szereg wa¿nych funkcji.;Przyjêcie odpowiedniej postawy cia³a lub wykonanie prostych ruchów.;Wdech odbywa siê przez nos, a wydech – przez usta.;Codzienna troska o fizycznoœæ, opieraj¹ca siê na trzech g³ównych filarach: w³aœciwej diecie, odpowiedniej iloœci snu i ruchu.
6.9.2025 14:59:13;Akceptujê;nauczycielem;6-10 lat;Zespó³ Szkó³ Licealnych im Boles³awa Chrobrego w Le¿ajsku;Obie odpowiedzi s¹ poprawne.;s¹ normalne i potrzebne, poniewa¿ realizuj¹ szereg wa¿nych funkcji.;Nie wiem;Wdech odbywa siê przez nos, a wydech – przez usta.;¯adna z powy¿szych.
6.9.2025 14:59:15;Akceptujê;nauczycielem;1-5 lat;Zespó³ Szkó³ Licealnych im Boles³awa Chrobrego w Le¿ajsku;Obie odpowiedzi s¹ poprawne.;s¹ normalne i potrzebne, poniewa¿ realizuj¹ szereg wa¿nych funkcji.;Przyjêcie odpowiedniej postawy cia³a lub wykonanie prostych ruchów.;Wdech odbywa siê przez nos, a wydech – przez usta.;Optymistyczne nastawienie do codziennoœci i koncentrowanie siê na pozytywnych aspektach w³asnego ¿ycia.
6.9.2025 14:59:40;Akceptujê;wychowawca internatu;21 lat i wiêcej;Zespó³ Szkó³ Licealnych im Boles³awa Chrobrego w Le¿ajsku;Obie odpowiedzi s¹ poprawne.;mo¿na podzieliæ na dobre (pozytywne) i z³e (negatywne).;Przyjêcie odpowiedniej postawy cia³a lub wykonanie prostych ruchów.;Wdech odbywa siê przez nos, a wydech – przez usta.;Codzienna troska o fizycznoœæ, opieraj¹ca siê na trzech g³ównych filarach: w³aœciwej diecie, odpowiedniej iloœci snu i ruchu.
6.9.2025 15:00:11;Akceptujê;pedagogiem;16-20 lat;Zespó³ Szkó³ Licealnych im Boles³awa Chrobrego w Le¿ajsku;Obie odpowiedzi s¹ poprawne.;s¹ normalne i potrzebne, poniewa¿ realizuj¹ szereg wa¿nych funkcji.;Przyjêcie odpowiedniej postawy cia³a lub wykonanie prostych ruchów.;Wdech odbywa siê przez nos, a wydech – przez usta.;Codzienna troska o fizycznoœæ, opieraj¹ca siê na trzech g³ównych filarach: w³aœciwej diecie, odpowiedniej iloœci snu i ruchu.
6.9.2025 15:00:53;Akceptujê;nauczyciel - wychowawca internatu;21 lat i wiêcej;Zespó³ Szkó³ Licealnych im Boles³awa Chrobrego w Le¿ajsku;Obie odpowiedzi s¹ poprawne.;mo¿na podzieliæ na dobre (pozytywne) i z³e (negatywne).;Przyjêcie odpowiedniej postawy cia³a lub wykonanie prostych ruchów.;Wdech odbywa siê przez nos, a wydech – przez usta.;Optymistyczne nastawienie do codziennoœci i koncentrowanie siê na pozytywnych aspektach w³asnego ¿ycia.
6.9.2025 15:01:54;Akceptujê;Nauczyciel-wychowawca internatu;6-10 lat;Zespó³ Szkó³ Licealnych im Boles³awa Chrobrego w Le¿ajsku;Obie odpowiedzi s¹ poprawne.;s¹ normalne i potrzebne, poniewa¿ realizuj¹ szereg wa¿nych funkcji.;Przyjêcie odpowiedniej postawy cia³a lub wykonanie prostych ruchów.;Wdech odbywa siê przez nos, a wydech – przez usta.;Codzienna troska o fizycznoœæ, opieraj¹ca siê na trzech g³ównych filarach: w³aœciwej diecie, odpowiedniej iloœci snu i ruchu.
6.9.2025 15:02:17;Akceptujê;nauczycielem;1-5 lat;Zespó³ Szkó³ Licealnych im Boles³awa Chrobrego w Le¿ajsku;Obie odpowiedzi s¹ poprawne.;s¹ normalne i potrzebne, poniewa¿ realizuj¹ szereg wa¿nych funkcji.;Przyjêcie odpowiedniej postawy cia³a lub wykonanie prostych ruchów.;Wdech odbywa siê przez nos, a wydech – przez usta.;Codzienna troska o fizycznoœæ, opieraj¹ca siê na trzech g³ównych filarach: w³aœciwej diecie, odpowiedniej iloœci snu i ruchu.
6.9.2025 15:03:23;Akceptujê;nauczycielem;mniej ni¿ rok;Zespó³ Szkó³ Licealnych im Boles³awa Chrobrego w Le¿ajsku;Uruchamiaj¹ ca³y zespó³ zmian w ciele, w sposobie myœlenia i zachowaniu cz³owieka.;Nie wiem;Przyjêcie odpowiedniej postawy cia³a lub wykonanie prostych ruchów.;Wdech odbywa siê przez nos, a wydech – przez usta.;Codzienna troska o fizycznoœæ, opieraj¹ca siê na trzech g³ównych filarach: w³aœciwej diecie, odpowiedniej iloœci snu i ruchu.
6.9.2025 15:03:41;Akceptujê;nauczycielem;6-10 lat;Zespó³ Szkó³ Licealnych im Boles³awa Chrobrego w Le¿ajsku;Obie odpowiedzi s¹ poprawne.;mo¿na podzieliæ na dobre (pozytywne) i z³e (negatywne).;Przyjêcie odpowiedniej postawy cia³a lub wykonanie prostych ruchów.;Wdech odbywa siê przez nos, a wydech – przez usta.;Codzienna troska o fizycznoœæ, opieraj¹ca siê na trzech g³ównych filarach: w³aœciwej diecie, odpowiedniej iloœci snu i ruchu.
6.9.2025 15:03:52;Akceptujê;Wychowawca internatu ;1-5 lat;Zespó³ Szkó³ Licealnych im Boles³awa Chrobrego w Le¿ajsku;Obie odpowiedzi s¹ poprawne.;mo¿na podzieliæ na dobre (pozytywne) i z³e (negatywne).;Przyjêcie odpowiedniej postawy cia³a lub wykonanie prostych ruchów.;Wdech odbywa siê przez nos, a wydech – przez usta.;Codzienna troska o fizycznoœæ, opieraj¹ca siê na trzech g³ównych filarach: w³aœciwej diecie, odpowiedniej iloœci snu i ruchu.
6.9.2025 15:05:21;Akceptujê;pedagogiem;16-20 lat;Zespó³ Szkó³ Licealnych im Boles³awa Chrobrego w Le¿ajsku;Obie odpowiedzi s¹ poprawne.;s¹ normalne i potrzebne, poniewa¿ realizuj¹ szereg wa¿nych funkcji.;Przyjêcie odpowiedniej postawy cia³a lub wykonanie prostych ruchów.;Wdech odbywa siê przez nos, a wydech – przez usta.;Optymistyczne nastawienie do codziennoœci i koncentrowanie siê na pozytywnych aspektach w³asnego ¿ycia.
6.9.2025 15:05:41;Akceptujê;nauczycielem;6-10 lat;Zespó³ Szkó³ Licealnych im Boles³awa Chrobrego w Le¿ajsku;Obie odpowiedzi s¹ poprawne.;mo¿na podzieliæ na dobre (pozytywne) i z³e (negatywne).;Przyjêcie odpowiedniej postawy cia³a lub wykonanie prostych ruchów.;Wdech odbywa siê przez nos, a wydech – przez usta.;Optymistyczne nastawienie do codziennoœci i koncentrowanie siê na pozytywnych aspektach w³asnego ¿ycia.
6.9.2025 15:06:01;Akceptujê;nauczycielem;21 lat i wiêcej;Zespó³ Szkó³ Licealnych im Boles³awa Chrobrego w Le¿ajsku;Obie odpowiedzi s¹ poprawne.;s¹ normalne i potrzebne, poniewa¿ realizuj¹ szereg wa¿nych funkcji.;Przyjêcie odpowiedniej postawy cia³a lub wykonanie prostych ruchów.;Wdech odbywa siê przez nos, a wydech – przez usta.;Codzienna troska o fizycznoœæ, opieraj¹ca siê na trzech g³ównych filarach: w³aœciwej diecie, odpowiedniej iloœci snu i ruchu.
6.9.2025 15:07:34;Akceptujê;pedagogiem;21 lat i wiêcej;Zespó³ Szkó³ Licealnych im Boles³awa Chrobrego w Le¿ajsku;Obie odpowiedzi s¹ poprawne.;mo¿na podzieliæ na dobre (pozytywne) i z³e (negatywne).;Przyjêcie odpowiedniej postawy cia³a lub wykonanie prostych ruchów.;Wdech odbywa siê przez nos, a wydech – przez usta.;Codzienna troska o fizycznoœæ, opieraj¹ca siê na trzech g³ównych filarach: w³aœciwej diecie, odpowiedniej iloœci snu i ruchu.
6.9.2025 15:07:37;Akceptujê;nauczycielem;1-5 lat;Zespó³ Szkó³ Licealnych im Boles³awa Chrobrego w Le¿ajsku;Obie odpowiedzi s¹ poprawne.;s¹ normalne i potrzebne, poniewa¿ realizuj¹ szereg wa¿nych funkcji.;Przyjêcie odpowiedniej postawy cia³a lub wykonanie prostych ruchów.;Wdech odbywa siê przez nos, a wydech – przez usta.;Codzienna troska o fizycznoœæ, opieraj¹ca siê na trzech g³ównych filarach: w³aœciwej diecie, odpowiedniej iloœci snu i ruchu.
6.9.2025 15:07:38;Akceptujê;nauczycielem;1-5 lat;Zespó³ Szkó³ Licealnych im Boles³awa Chrobrego w Le¿ajsku;Obie odpowiedzi s¹ poprawne.;mo¿na podzieliæ na dobre (pozytywne) i z³e (negatywne).;Przyjêcie odpowiedniej postawy cia³a lub wykonanie prostych ruchów.;Wdech odbywa siê przez nos, a wydech – przez usta.;Codzienna troska o fizycznoœæ, opieraj¹ca siê na trzech g³ównych filarach: w³aœciwej diecie, odpowiedniej iloœci snu i ruchu.
6.9.2025 15:12:30;Akceptujê;kierownikiem internatu;21 lat i wiêcej;Zespó³ Szkó³ Licealnych im Boles³awa Chrobrego w Le¿ajsku;Obie odpowiedzi s¹ poprawne.;s¹ normalne i potrzebne, poniewa¿ realizuj¹ szereg wa¿nych funkcji.;Przyjêcie odpowiedniej postawy cia³a lub wykonanie prostych ruchów.;Wdech odbywa siê przez nos, a wydech – przez usta.;Optymistyczne nastawienie do codziennoœci i koncentrowanie siê na pozytywnych aspektach w³asnego ¿ycia.
6.9.2025 15:16:15;Akceptujê;wychowawca internatu;21 lat i wiêcej;Zespó³ Szkó³ Licealnych im Boles³awa Chrobrego w Le¿ajsku;Obie odpowiedzi s¹ poprawne.;s¹ normalne i potrzebne, poniewa¿ realizuj¹ szereg wa¿nych funkcji.;Przyjêcie odpowiedniej postawy cia³a lub wykonanie prostych ruchów.;Wdech odbywa siê przez nos, a wydech – przez usta.;Codzienna troska o fizycznoœæ, opieraj¹ca siê na trzech g³ównych filarach: w³aœciwej diecie, odpowiedniej iloœci snu i ruchu.
6.9.2025 15:32:31;Akceptujê;pedagogiem;21 lat i wiêcej;Zespó³ Szkó³ Licealnych im Boles³awa Chrobrego w Le¿ajsku;Obie odpowiedzi s¹ poprawne.;s¹ normalne i potrzebne, poniewa¿ realizuj¹ szereg wa¿nych funkcji.;Przyjêcie odpowiedniej postawy cia³a lub wykonanie prostych ruchów.;Wdech odbywa siê przez nos, a wydech – przez usta.;Optymistyczne nastawienie do codziennoœci i koncentrowanie siê na pozytywnych aspektach w³asnego ¿ycia.
6.9.2025 15:47:01;Akceptujê;nauczycielem;21 lat i wiêcej;Zespó³ Szkó³ Licealnych im Boles³awa Chrobrego w Le¿ajsku;Obie odpowiedzi s¹ poprawne.;s¹ abstrakcyjnym, metafizycznym doœwiadczeniem.;Przyjêcie odpowiedniej postawy cia³a lub wykonanie prostych ruchów.;Wdech odbywa siê przez nos, a wydech – przez usta.;Optymistyczne nastawienie do codziennoœci i koncentrowanie siê na pozytywnych aspektach w³asnego ¿ycia.
6.9.2025 15:48:22;Akceptujê;nauczycielem;11-15 lat;Zespó³ Szkó³ Licealnych im Boles³awa Chrobrego w Le¿ajsku;Obie odpowiedzi s¹ poprawne.;mo¿na podzieliæ na dobre (pozytywne) i z³e (negatywne).;Przyjêcie odpowiedniej postawy cia³a lub wykonanie prostych ruchów.;Wdech odbywa siê przez nos, a wydech – przez usta.;Codzienna troska o fizycznoœæ, opieraj¹ca siê na trzech g³ównych filarach: w³aœciwej diecie, odpowiedniej iloœci snu i ruchu.
6.9.2025 16:30:11;Akceptujê;nauczycielem;6-10 lat;Zespó³ Szkó³ Licealnych im Boles³awa Chrobrego w Le¿ajsku;Uruchamiaj¹ ca³y zespó³ zmian w ciele, w sposobie myœlenia i zachowaniu cz³owieka.;mo¿na podzieliæ na dobre (pozytywne) i z³e (negatywne).;Przyjêcie odpowiedniej postawy cia³a lub wykonanie prostych ruchów.;Wdech odbywa siê przez nos, a wydech – przez usta.;¯adna z powy¿szych.
6.9.2025 16:33:28;Akceptujê;nauczycielem;11-15 lat;Zespó³ Szkó³ Licealnych im Boles³awa Chrobrego w Le¿ajsku;Uruchamiaj¹ ca³y zespó³ zmian w ciele, w sposobie myœlenia i zachowaniu cz³owieka.;s¹ normalne i potrzebne, poniewa¿ realizuj¹ szereg wa¿nych funkcji.;Przyjêcie odpowiedniej postawy cia³a lub wykonanie prostych ruchów.;Wdech odbywa siê przez nos, a wydech – przez usta.;Codzienna troska o fizycznoœæ, opieraj¹ca siê na trzech g³ównych filarach: w³aœciwej diecie, odpowiedniej iloœci snu i ruchu.
6.9.2025 16:47:45;Akceptujê;nauczycielem;21 lat i wiêcej;Zespó³ Szkó³ Licealnych im Boles³awa Chrobrego w Le¿ajsku;Uruchamiaj¹ ca³y zespó³ zmian w ciele, w sposobie myœlenia i zachowaniu cz³owieka.;s¹ normalne i potrzebne, poniewa¿ realizuj¹ szereg wa¿nych funkcji.;Przyjêcie odpowiedniej postawy cia³a lub wykonanie prostych ruchów.;Wdech i wydech odbywaj¹ siê przez nos.;Optymistyczne nastawienie do codziennoœci i koncentrowanie siê na pozytywnych aspektach w³asnego ¿ycia.
6.10.2025 15:31:55;Akceptujê;nauczycielem;21 lat i wiêcej;Szko³a Podstawowa im. Wojska Polskiego w Zegrzu;Obie odpowiedzi s¹ poprawne.;s¹ normalne i potrzebne, poniewa¿ realizuj¹ szereg wa¿nych funkcji.;Przyjêcie odpowiedniej postawy cia³a lub wykonanie prostych ruchów.;Wdech odbywa siê przez nos, a wydech – przez usta.;Optymistyczne nastawienie do codziennoœci i koncentrowanie siê na pozytywnych aspektach w³asnego ¿ycia.
6.10.2025 15:35:10;Akceptujê;nauczycielem;21 lat i wiêcej;Szko³a Podstawowa im. Wojska Polskiego w Zegrzu;Obie odpowiedzi s¹ poprawne.;s¹ normalne i potrzebne, poniewa¿ realizuj¹ szereg wa¿nych funkcji.;Przyjêcie odpowiedniej postawy cia³a lub wykonanie prostych ruchów.;Wdech odbywa siê przez nos, a wydech – przez usta.;Optymistyczne nastawienie do codziennoœci i koncentrowanie siê na pozytywnych aspektach w³asnego ¿ycia.
6.10.2025 15:38:45;Akceptujê;nauczycielem;11-15 lat;Szko³a Podstawowa im. Wojska Polskiego w Zegrzu;Obie odpowiedzi s¹ poprawne.;s¹ normalne i potrzebne, poniewa¿ realizuj¹ szereg wa¿nych funkcji.;Przyjêcie odpowiedniej postawy cia³a lub wykonanie prostych ruchów.;Wdech odbywa siê przez nos, a wydech – przez usta.;Codzienna troska o fizycznoœæ, opieraj¹ca siê na trzech g³ównych filarach: w³aœciwej diecie, odpowiedniej iloœci snu i ruchu.
6.10.2025 15:42:02;Akceptujê;nauczycielem;11-15 lat;Szko³a Podstawowa im. Wojska Polskiego w Zegrzu;Obie odpowiedzi s¹ poprawne.;mo¿na podzieliæ na dobre (pozytywne) i z³e (negatywne).;Przyjêcie odpowiedniej postawy cia³a lub wykonanie prostych ruchów.;Wdech odbywa siê przez nos, a wydech – przez usta.;Codzienna troska o fizycznoœæ, opieraj¹ca siê na trzech g³ównych filarach: w³aœciwej diecie, odpowiedniej iloœci snu i ruchu.
6.10.2025 15:42:26;Akceptujê;nauczycielem;6-10 lat;Szko³a Podstawowa im. Wojska Polskiego w Zegrzu;Obie odpowiedzi s¹ poprawne.;s¹ normalne i potrzebne, poniewa¿ realizuj¹ szereg wa¿nych funkcji.;Przyjêcie odpowiedniej postawy cia³a lub wykonanie prostych ruchów.;Wdech odbywa siê przez nos, a wydech – przez usta.;Codzienna troska o fizycznoœæ, opieraj¹ca siê na trzech g³ównych filarach: w³aœciwej diecie, odpowiedniej iloœci snu i ruchu.
6.10.2025 15:43:33;Akceptujê;logopeda;11-15 lat;Szko³a Podstawowa im. Wojska Polskiego w Zegrzu;Obie odpowiedzi s¹ poprawne.;mo¿na podzieliæ na dobre (pozytywne) i z³e (negatywne).;Przyjêcie odpowiedniej postawy cia³a lub wykonanie prostych ruchów.;Wdech odbywa siê przez nos, a wydech – przez usta.;Codzienna troska o fizycznoœæ, opieraj¹ca siê na trzech g³ównych filarach: w³aœciwej diecie, odpowiedniej iloœci snu i ruchu.
6.10.2025 15:43:42;Akceptujê;nauczycielem;11-15 lat;Szko³a Podstawowa im. Wojska Polskiego w Zegrzu;Obie odpowiedzi s¹ poprawne.;s¹ normalne i potrzebne, poniewa¿ realizuj¹ szereg wa¿nych funkcji.;Przyjêcie odpowiedniej postawy cia³a lub wykonanie prostych ruchów.;Wdech odbywa siê przez nos, a wydech – przez usta.;Codzienna troska o fizycznoœæ, opieraj¹ca siê na trzech g³ównych filarach: w³aœciwej diecie, odpowiedniej iloœci snu i ruchu.
6.10.2025 15:45:51;Akceptujê;nauczycielem;11-15 lat;Szko³a Podstawowa im. Wojska Polskiego w Zegrzu;Obie odpowiedzi s¹ poprawne.;s¹ normalne i potrzebne, poniewa¿ realizuj¹ szereg wa¿nych funkcji.;Przyjêcie odpowiedniej postawy cia³a lub wykonanie prostych ruchów.;Wdech odbywa siê przez nos, a wydech – przez usta.;Codzienna troska o fizycznoœæ, opieraj¹ca siê na trzech g³ównych filarach: w³aœciwej diecie, odpowiedniej iloœci snu i ruchu.
6.10.2025 16:02:59;Akceptujê;psychologiem;mniej ni¿ rok;Szko³a Podstawowa im. Wojska Polskiego w Zegrzu;Obie odpowiedzi s¹ poprawne.;s¹ normalne i potrzebne, poniewa¿ realizuj¹ szereg wa¿nych funkcji.;Przyjêcie odpowiedniej postawy cia³a lub wykonanie prostych ruchów.;Wdech odbywa siê przez nos, a wydech – przez usta.;¯adna z powy¿szych.
6.10.2025 16:04:59;Akceptujê;pedagogiem;21 lat i wiêcej;Szko³a Podstawowa im. Wojska Polskiego w Zegrzu;Obie odpowiedzi s¹ poprawne.;s¹ normalne i potrzebne, poniewa¿ realizuj¹ szereg wa¿nych funkcji.;Przyjêcie odpowiedniej postawy cia³a lub wykonanie prostych ruchów.;Wdech odbywa siê przez nos, a wydech – przez usta.;¯adna z powy¿szych.
6.10.2025 16:22:17;Akceptujê;nauczycielem;16-20 lat;Szko³a Podstawowa im. Wojska Polskiego w Zegrzu;Obie odpowiedzi s¹ poprawne.;s¹ normalne i potrzebne, poniewa¿ realizuj¹ szereg wa¿nych funkcji.;Przyjêcie odpowiedniej postawy cia³a lub wykonanie prostych ruchów.;Wdech odbywa siê przez nos, a wydech – przez usta.;Codzienna troska o fizycznoœæ, opieraj¹ca siê na trzech g³ównych filarach: w³aœciwej diecie, odpowiedniej iloœci snu i ruchu.
6.10.2025 16:22:34;Akceptujê;nauczycielem;11-15 lat;Szko³a Podstawowa im. Wojska Polskiego w Zegrzu;Obie odpowiedzi s¹ poprawne.;mo¿na podzieliæ na dobre (pozytywne) i z³e (negatywne).;Nie wiem;Wdech odbywa siê przez nos, a wydech – przez usta.;Codzienna troska o fizycznoœæ, opieraj¹ca siê na trzech g³ównych filarach: w³aœciwej diecie, odpowiedniej iloœci snu i ruchu.
6.10.2025 16:24:42;Akceptujê;dyrektorem/wicedyrektorem;21 lat i wiêcej;Szko³a Podstawowa im. Wojska Polskiego w Zegrzu;Obie odpowiedzi s¹ poprawne.;s¹ normalne i potrzebne, poniewa¿ realizuj¹ szereg wa¿nych funkcji.;Przyjêcie odpowiedniej postawy cia³a lub wykonanie prostych ruchów.;Wdech odbywa siê przez nos, a wydech – przez usta.;Optymistyczne nastawienie do codziennoœci i koncentrowanie siê na pozytywnych aspektach w³asnego ¿ycia.
6.10.2025 16:25:56;Akceptujê;nauczycielem;mniej ni¿ rok;Szko³a Podstawowa im. Wojska Polskiego w Zegrzu;Obie odpowiedzi s¹ poprawne.;mo¿na podzieliæ na dobre (pozytywne) i z³e (negatywne).;Przyjêcie odpowiedniej postawy cia³a lub wykonanie prostych ruchów.;Wdech odbywa siê przez nos, a wydech – przez usta.;Optymistyczne nastawienie do codziennoœci i koncentrowanie siê na pozytywnych aspektach w³asnego ¿ycia.
6.10.2025 16:31:33;Akceptujê;nauczycielem;6-10 lat;Szko³a Podstawowa im. Wojska Polskiego w Zegrzu;Obie odpowiedzi s¹ poprawne.;s¹ normalne i potrzebne, poniewa¿ realizuj¹ szereg wa¿nych funkcji.;Przyjêcie odpowiedniej postawy cia³a lub wykonanie prostych ruchów.;Wdech odbywa siê przez nos, a wydech – przez usta.;Codzienna troska o fizycznoœæ, opieraj¹ca siê na trzech g³ównych filarach: w³aœciwej diecie, odpowiedniej iloœci snu i ruchu.
6.10.2025 16:32:26;Akceptujê;dyrektorem/wicedyrektorem;16-20 lat;Szko³a Podstawowa im. Wojska Polskiego w Zegrzu;Obie odpowiedzi s¹ poprawne.;s¹ normalne i potrzebne, poniewa¿ realizuj¹ szereg wa¿nych funkcji.;Przyjêcie odpowiedniej postawy cia³a lub wykonanie prostych ruchów.;Wdech odbywa siê przez nos, a wydech – przez usta.;Codzienna troska o fizycznoœæ, opieraj¹ca siê na trzech g³ównych filarach: w³aœciwej diecie, odpowiedniej iloœci snu i ruchu.
6.11.2025 15:01:19;Akceptujê;nauczycielem;6-10 lat;Zespó³ Szkó³ Ogólnokszta³c¹cych nr 33 w Poznaniu;Obie odpowiedzi s¹ poprawne.;s¹ normalne i potrzebne, poniewa¿ realizuj¹ szereg wa¿nych funkcji.;Przyjêcie odpowiedniej postawy cia³a lub wykonanie prostych ruchów.;Wdech odbywa siê przez nos, a wydech – przez usta.;Optymistyczne nastawienie do codziennoœci i koncentrowanie siê na pozytywnych aspektach w³asnego ¿ycia.
6.11.2025 15:01:29;Akceptujê;nauczycielem;1-5 lat;Zespó³ Szkó³ Ogólnokszta³c¹cych nr 33 w Poznaniu;Obie odpowiedzi s¹ poprawne.;mo¿na podzieliæ na dobre (pozytywne) i z³e (negatywne).;Przyjêcie odpowiedniej postawy cia³a lub wykonanie prostych ruchów.;Wdech odbywa siê przez nos, a wydech – przez usta.;Optymistyczne nastawienie do codziennoœci i koncentrowanie siê na pozytywnych aspektach w³asnego ¿ycia.
6.11.2025 15:01:31;Akceptujê;nauczycielem;6-10 lat;Zespó³ Szkó³ Ogólnokszta³c¹cych nr 33 w Poznaniu;Obie odpowiedzi s¹ poprawne.;s¹ normalne i potrzebne, poniewa¿ realizuj¹ szereg wa¿nych funkcji.;Przyjêcie odpowiedniej postawy cia³a lub wykonanie prostych ruchów.;Wdech odbywa siê przez nos, a wydech – przez usta.;Codzienna troska o fizycznoœæ, opieraj¹ca siê na trzech g³ównych filarach: w³aœciwej diecie, odpowiedniej iloœci snu i ruchu.
6.11.2025 15:01:46;Akceptujê;pielêgniark¹;21 lat i wiêcej;Zespó³ Szkó³ Ogólnokszta³c¹cych nr 33 w Poznaniu;Obie odpowiedzi s¹ poprawne.;mo¿na podzieliæ na dobre (pozytywne) i z³e (negatywne).;Przyjêcie odpowiedniej postawy cia³a lub wykonanie prostych ruchów.;Wdech odbywa siê przez nos, a wydech – przez usta.;Codzienna troska o fizycznoœæ, opieraj¹ca siê na trzech g³ównych filarach: w³aœciwej diecie, odpowiedniej iloœci snu i ruchu.
6.11.2025 15:02:10;Akceptujê;nauczycielem;1-5 lat;Zespó³ Szkó³ Ogólnokszta³c¹cych nr 33 w Poznaniu;Obie odpowiedzi s¹ poprawne.;s¹ normalne i potrzebne, poniewa¿ realizuj¹ szereg wa¿nych funkcji.;Przyjêcie odpowiedniej postawy cia³a lub wykonanie prostych ruchów.;Wdech odbywa siê przez nos, a wydech – przez usta.;Codzienna troska o fizycznoœæ, opieraj¹ca siê na trzech g³ównych filarach: w³aœciwej diecie, odpowiedniej iloœci snu i ruchu.
6.11.2025 15:02:25;Akceptujê;nauczycielem;6-10 lat;Zespó³ Szkó³ Ogólnokszta³c¹cych nr 33 w Poznaniu;Obie odpowiedzi s¹ poprawne.;s¹ normalne i potrzebne, poniewa¿ realizuj¹ szereg wa¿nych funkcji.;Przyjêcie odpowiedniej postawy cia³a lub wykonanie prostych ruchów.;Wdech odbywa siê przez nos, a wydech – przez usta.;Codzienna troska o fizycznoœæ, opieraj¹ca siê na trzech g³ównych filarach: w³aœciwej diecie, odpowiedniej iloœci snu i ruchu.
6.11.2025 15:02:25;Akceptujê;nauczycielem;1-5 lat;Zespó³ Szkó³ Ogólnokszta³c¹cych nr 33 w Poznaniu;To reakcje, które pojawiaj¹ siê w odpowiedzi na subiektywnie wa¿n¹ dla danej osoby sytuacjê.;s¹ normalne i potrzebne, poniewa¿ realizuj¹ szereg wa¿nych funkcji.;Przyjêcie odpowiedniej postawy cia³a lub wykonanie prostych ruchów.;Wdech i wydech odbywaj¹ siê przez nos.;Codzienna troska o fizycznoœæ, opieraj¹ca siê na trzech g³ównych filarach: w³aœciwej diecie, odpowiedniej iloœci snu i ruchu.
6.11.2025 15:04:15;Akceptujê;nauczycielem;1-5 lat;Zespó³ Szkó³ Ogólnokszta³c¹cych nr 33 w Poznaniu;Obie odpowiedzi s¹ poprawne.;s¹ normalne i potrzebne, poniewa¿ realizuj¹ szereg wa¿nych funkcji.;Przyjêcie odpowiedniej postawy cia³a lub wykonanie prostych ruchów.;Wdech odbywa siê przez nos, a wydech – przez usta.;Codzienna troska o fizycznoœæ, opieraj¹ca siê na trzech g³ównych filarach: w³aœciwej diecie, odpowiedniej iloœci snu i ruchu.
6.11.2025 15:04:36;Akceptujê;nauczycielem;1-5 lat;Zespó³ Szkó³ Ogólnokszta³c¹cych nr 33 w Poznaniu;Obie odpowiedzi s¹ poprawne.;mo¿na podzieliæ na dobre (pozytywne) i z³e (negatywne).;Przyjêcie odpowiedniej postawy cia³a lub wykonanie prostych ruchów.;Wdech odbywa siê przez nos, a wydech – przez usta.;Codzienna troska o fizycznoœæ, opieraj¹ca siê na trzech g³ównych filarach: w³aœciwej diecie, odpowiedniej iloœci snu i ruchu.
6.11.2025 15:05:02;Akceptujê;nauczycielem;6-10 lat;Zespó³ Szkó³ Ogólnokszta³c¹cych nr 33 w Poznaniu;Obie odpowiedzi s¹ poprawne.;s¹ normalne i potrzebne, poniewa¿ realizuj¹ szereg wa¿nych funkcji.;Przyjêcie odpowiedniej postawy cia³a lub wykonanie prostych ruchów.;Wdech i wydech odbywaj¹ siê przez nos.;Codzienna troska o fizycznoœæ, opieraj¹ca siê na trzech g³ównych filarach: w³aœciwej diecie, odpowiedniej iloœci snu i ruchu.
6.11.2025 15:05:44;Akceptujê;nauczycielem;6-10 lat;Zespó³ Szkó³ Ogólnokszta³c¹cych nr 33 w Poznaniu;To reakcje, które pojawiaj¹ siê w odpowiedzi na subiektywnie wa¿n¹ dla danej osoby sytuacjê.;s¹ normalne i potrzebne, poniewa¿ realizuj¹ szereg wa¿nych funkcji.;Nie wiem;Wdech odbywa siê przez nos, a wydech – przez usta.;Optymistyczne nastawienie do codziennoœci i koncentrowanie siê na pozytywnych aspektach w³asnego ¿ycia.
6.11.2025 15:05:49;Akceptujê;nauczycielem;1-5 lat;Zespó³ Szkó³ Ogólnokszta³c¹cych nr 33 w Poznaniu;Obie odpowiedzi s¹ poprawne.;mo¿na podzieliæ na dobre (pozytywne) i z³e (negatywne).;Przyjêcie odpowiedniej postawy cia³a lub wykonanie prostych ruchów.;Wdech odbywa siê przez nos, a wydech – przez usta.;Codzienna troska o fizycznoœæ, opieraj¹ca siê na trzech g³ównych filarach: w³aœciwej diecie, odpowiedniej iloœci snu i ruchu.
6.11.2025 15:07:32;Akceptujê;nauczycielem;1-5 lat;Zespó³ Szkó³ Ogólnokszta³c¹cych nr 33 w Poznaniu;Obie odpowiedzi s¹ poprawne.;s¹ normalne i potrzebne, poniewa¿ realizuj¹ szereg wa¿nych funkcji.;Przyjêcie odpowiedniej postawy cia³a lub wykonanie prostych ruchów.;Wdech odbywa siê przez nos, a wydech – przez usta.;Codzienna troska o fizycznoœæ, opieraj¹ca siê na trzech g³ównych filarach: w³aœciwej diecie, odpowiedniej iloœci snu i ruchu.
6.11.2025 15:07:37;Akceptujê;nauczycielem;6-10 lat;Zespó³ Szkó³ Ogólnokszta³c¹cych nr 33 w Poznaniu;Obie odpowiedzi s¹ poprawne.;s¹ normalne i potrzebne, poniewa¿ realizuj¹ szereg wa¿nych funkcji.;Przyjêcie odpowiedniej postawy cia³a lub wykonanie prostych ruchów.;Wdech odbywa siê przez usta, a wydech – przez nos.;Optymistyczne nastawienie do codziennoœci i koncentrowanie siê na pozytywnych aspektach w³asnego ¿ycia.
6.11.2025 15:07:55;Akceptujê;nauczycielem;16-20 lat;Zespó³ Szkó³ Ogólnokszta³c¹cych nr 33 w Poznaniu;Obie odpowiedzi s¹ poprawne.;s¹ normalne i potrzebne, poniewa¿ realizuj¹ szereg wa¿nych funkcji.;Przyjêcie odpowiedniej postawy cia³a lub wykonanie prostych ruchów.;Wdech odbywa siê przez nos, a wydech – przez usta.;Optymistyczne nastawienie do codziennoœci i koncentrowanie siê na pozytywnych aspektach w³asnego ¿ycia.
6.11.2025 15:08:26;Akceptujê;nauczycielem;6-10 lat;Zespó³ Szkó³ Ogólnokszta³c¹cych nr 33 w Poznaniu;To reakcje, które pojawiaj¹ siê w odpowiedzi na subiektywnie wa¿n¹ dla danej osoby sytuacjê.;s¹ normalne i potrzebne, poniewa¿ realizuj¹ szereg wa¿nych funkcji.;Przyjêcie odpowiedniej postawy cia³a lub wykonanie prostych ruchów.;Wdech odbywa siê przez nos, a wydech – przez usta.;Codzienna troska o fizycznoœæ, opieraj¹ca siê na trzech g³ównych filarach: w³aœciwej diecie, odpowiedniej iloœci snu i ruchu.
6.11.2025 15:08:42;Akceptujê;dyrektorem/wicedyrektorem;21 lat i wiêcej;Zespó³ Szkó³ Ogólnokszta³c¹cych nr 33 w Poznaniu;Obie odpowiedzi s¹ poprawne.;s¹ normalne i potrzebne, poniewa¿ realizuj¹ szereg wa¿nych funkcji.;Przyjêcie odpowiedniej postawy cia³a lub wykonanie prostych ruchów.;Nie wiem;Optymistyczne nastawienie do codziennoœci i koncentrowanie siê na pozytywnych aspektach w³asnego ¿ycia.
6.11.2025 15:08:53;Akceptujê;dyrektorem/wicedyrektorem;16-20 lat;Zespó³ Szkó³ Ogólnokszta³c¹cych nr 33 w Poznaniu;Obie odpowiedzi s¹ poprawne.;s¹ normalne i potrzebne, poniewa¿ realizuj¹ szereg wa¿nych funkcji.;Przyjêcie odpowiedniej postawy cia³a lub wykonanie prostych ruchów.;Wdech odbywa siê przez nos, a wydech – przez usta.;¯adna z powy¿szych.
6.11.2025 15:09:46;Akceptujê;pedagogiem;1-5 lat;Zespó³ Szkó³ Ogólnokszta³c¹cych nr 33 w Poznaniu;Obie odpowiedzi s¹ poprawne.;s¹ normalne i potrzebne, poniewa¿ realizuj¹ szereg wa¿nych funkcji.;Przyjêcie odpowiedniej postawy cia³a lub wykonanie prostych ruchów.;Wdech odbywa siê przez nos, a wydech – przez usta.;Codzienna troska o fizycznoœæ, opieraj¹ca siê na trzech g³ównych filarach: w³aœciwej diecie, odpowiedniej iloœci snu i ruchu.
6.11.2025 15:10:22;Akceptujê;nauczycielem;mniej ni¿ rok;Zespó³ Szkó³ Ogólnokszta³c¹cych nr 33 w Poznaniu;To reakcje, które pojawiaj¹ siê w odpowiedzi na subiektywnie wa¿n¹ dla danej osoby sytuacjê.;Nie wiem;Przyjêcie odpowiedniej postawy cia³a lub wykonanie prostych ruchów.;Wdech odbywa siê przez nos, a wydech – przez usta.;Codzienna troska o fizycznoœæ, opieraj¹ca siê na trzech g³ównych filarach: w³aœciwej diecie, odpowiedniej iloœci snu i ruchu.
6.11.2025 15:12:47;Akceptujê;dyrektorem/wicedyrektorem;16-20 lat;Zespó³ Szkó³ Ogólnokszta³c¹cych nr 33 w Poznaniu;To reakcje, które pojawiaj¹ siê w odpowiedzi na subiektywnie wa¿n¹ dla danej osoby sytuacjê.;mo¿na podzieliæ na dobre (pozytywne) i z³e (negatywne).;Przyjêcie odpowiedniej postawy cia³a lub wykonanie prostych ruchów.;Wdech odbywa siê przez nos, a wydech – przez usta.;Codzienna troska o fizycznoœæ, opieraj¹ca siê na trzech g³ównych filarach: w³aœciwej diecie, odpowiedniej iloœci snu i ruchu.
6.11.2025 15:15:58;Akceptujê;pedagog specjalny;6-10 lat;Zespó³ Szkó³ Ogólnokszta³c¹cych nr 33 w Poznaniu;Obie odpowiedzi s¹ poprawne.;s¹ normalne i potrzebne, poniewa¿ realizuj¹ szereg wa¿nych funkcji.;Przyjêcie odpowiedniej postawy cia³a lub wykonanie prostych ruchów.;Wdech odbywa siê przez nos, a wydech – przez usta.;¯adna z powy¿szych.
6.11.2025 15:16:28;Akceptujê;dyrektorem/wicedyrektorem;21 lat i wiêcej;I Liceum Ogólnokszta³c¹ce im. Bojowników o Polskoœæ Mazur w Piszu;Obie odpowiedzi s¹ poprawne.;s¹ normalne i potrzebne, poniewa¿ realizuj¹ szereg wa¿nych funkcji.;Przyjêcie odpowiedniej postawy cia³a lub wykonanie prostych ruchów.;Wdech odbywa siê przez nos, a wydech – przez usta.;Codzienna troska o fizycznoœæ, opieraj¹ca siê na trzech g³ównych filarach: w³aœciwej diecie, odpowiedniej iloœci snu i ruchu.
6.11.2025 15:16:50;Akceptujê;nauczycielem;21 lat i wiêcej;I Liceum Ogólnokszta³c¹ce im. Bojowników o Polskoœæ Mazur w Piszu;Obie odpowiedzi s¹ poprawne.;s¹ normalne i potrzebne, poniewa¿ realizuj¹ szereg wa¿nych funkcji.;Przyjêcie odpowiedniej postawy cia³a lub wykonanie prostych ruchów.;Wdech odbywa siê przez nos, a wydech – przez usta.;Optymistyczne nastawienie do codziennoœci i koncentrowanie siê na pozytywnych aspektach w³asnego ¿ycia.
6.11.2025 15:17:07;Akceptujê;nauczycielem;21 lat i wiêcej;I Liceum Ogólnokszta³c¹ce im. Bojowników o Polskoœæ Mazur w Piszu;Obie odpowiedzi s¹ poprawne.;mo¿na podzieliæ na dobre (pozytywne) i z³e (negatywne).;Przyjêcie odpowiedniej postawy cia³a lub wykonanie prostych ruchów.;Wdech odbywa siê przez nos, a wydech – przez usta.;Codzienna troska o fizycznoœæ, opieraj¹ca siê na trzech g³ównych filarach: w³aœciwej diecie, odpowiedniej iloœci snu i ruchu.
6.11.2025 15:17:15;Akceptujê;nauczycielem;16-20 lat;I Liceum Ogólnokszta³c¹ce im. Bojowników o Polskoœæ Mazur w Piszu;Obie odpowiedzi s¹ poprawne.;s¹ normalne i potrzebne, poniewa¿ realizuj¹ szereg wa¿nych funkcji.;Przyjêcie odpowiedniej postawy cia³a lub wykonanie prostych ruchów.;Wdech odbywa siê przez nos, a wydech – przez usta.;Codzienna troska o fizycznoœæ, opieraj¹ca siê na trzech g³ównych filarach: w³aœciwej diecie, odpowiedniej iloœci snu i ruchu.
6.11.2025 15:17:27;Akceptujê;dyrektorem/wicedyrektorem;21 lat i wiêcej;I Liceum Ogólnokszta³c¹ce im. Bojowników o Polskoœæ Mazur w Piszu;Obie odpowiedzi s¹ poprawne.;mo¿na podzieliæ na dobre (pozytywne) i z³e (negatywne).;Przyjêcie odpowiedniej postawy cia³a lub wykonanie prostych ruchów.;Wdech odbywa siê przez nos, a wydech – przez usta.;Optymistyczne nastawienie do codziennoœci i koncentrowanie siê na pozytywnych aspektach w³asnego ¿ycia.
6.11.2025 15:18:05;Akceptujê;nauczycielem;16-20 lat;I Liceum Ogólnokszta³c¹ce im. Bojowników o Polskoœæ Mazur w Piszu;Obie odpowiedzi s¹ poprawne.;s¹ normalne i potrzebne, poniewa¿ realizuj¹ szereg wa¿nych funkcji.;Przyjêcie odpowiedniej postawy cia³a lub wykonanie prostych ruchów.;Wdech odbywa siê przez nos, a wydech – przez usta.;Codzienna troska o fizycznoœæ, opieraj¹ca siê na trzech g³ównych filarach: w³aœciwej diecie, odpowiedniej iloœci snu i ruchu.
6.11.2025 15:18:11;Akceptujê;nauczycielem;21 lat i wiêcej;I Liceum Ogólnokszta³c¹ce im. Bojowników o Polskoœæ Mazur w Piszu;Obie odpowiedzi s¹ poprawne.;mo¿na podzieliæ na dobre (pozytywne) i z³e (negatywne).;Przyjêcie odpowiedniej postawy cia³a lub wykonanie prostych ruchów.;Wdech odbywa siê przez nos, a wydech – przez usta.;Codzienna troska o fizycznoœæ, opieraj¹ca siê na trzech g³ównych filarach: w³aœciwej diecie, odpowiedniej iloœci snu i ruchu.
6.11.2025 15:18:26;Akceptujê;nauczycielem;16-20 lat;I Liceum Ogólnokszta³c¹ce im. Bojowników o Polskoœæ Mazur w Piszu;Obie odpowiedzi s¹ poprawne.;s¹ normalne i potrzebne, poniewa¿ realizuj¹ szereg wa¿nych funkcji.;Nie wiem;Nie wiem;Codzienna troska o fizycznoœæ, opieraj¹ca siê na trzech g³ównych filarach: w³aœciwej diecie, odpowiedniej iloœci snu i ruchu.
6.11.2025 15:18:41;Akceptujê;pedagogiem;21 lat i wiêcej;I Liceum Ogólnokszta³c¹ce im. Bojowników o Polskoœæ Mazur w Piszu;Obie odpowiedzi s¹ poprawne.;s¹ normalne i potrzebne, poniewa¿ realizuj¹ szereg wa¿nych funkcji.;Przyjêcie odpowiedniej postawy cia³a lub wykonanie prostych ruchów.;Wdech odbywa siê przez nos, a wydech – przez usta.;Codzienna troska o fizycznoœæ, opieraj¹ca siê na trzech g³ównych filarach: w³aœciwej diecie, odpowiedniej iloœci snu i ruchu.
6.11.2025 15:20:17;Akceptujê;nauczycielem;21 lat i wiêcej;I Liceum Ogólnokszta³c¹ce im. Bojowników o Polskoœæ Mazur w Piszu;Obie odpowiedzi s¹ poprawne.;s¹ normalne i potrzebne, poniewa¿ realizuj¹ szereg wa¿nych funkcji.;Przyjêcie odpowiedniej postawy cia³a lub wykonanie prostych ruchów.;Wdech odbywa siê przez nos, a wydech – przez usta.;Codzienna troska o fizycznoœæ, opieraj¹ca siê na trzech g³ównych filarach: w³aœciwej diecie, odpowiedniej iloœci snu i ruchu.
6.11.2025 15:20:25;Akceptujê;nauczycielem;21 lat i wiêcej;I Liceum Ogólnokszta³c¹ce im. Bojowników o Polskoœæ Mazur w Piszu;Obie odpowiedzi s¹ poprawne.;s¹ normalne i potrzebne, poniewa¿ realizuj¹ szereg wa¿nych funkcji.;Przyjêcie odpowiedniej postawy cia³a lub wykonanie prostych ruchów.;Wdech odbywa siê przez nos, a wydech – przez usta.;Codzienna troska o fizycznoœæ, opieraj¹ca siê na trzech g³ównych filarach: w³aœciwej diecie, odpowiedniej iloœci snu i ruchu.
6.11.2025 15:20:50;Akceptujê;nauczycielem;21 lat i wiêcej;I Liceum Ogólnokszta³c¹ce im. Bojowników o Polskoœæ Mazur w Piszu;Obie odpowiedzi s¹ poprawne.;s¹ normalne i potrzebne, poniewa¿ realizuj¹ szereg wa¿nych funkcji.;Przyjêcie odpowiedniej postawy cia³a lub wykonanie prostych ruchów.;Wdech odbywa siê przez nos, a wydech – przez usta.;Optymistyczne nastawienie do codziennoœci i koncentrowanie siê na pozytywnych aspektach w³asnego ¿ycia.
6.11.2025 15:22:03;Akceptujê;pedagogiem;21 lat i wiêcej;I Liceum Ogólnokszta³c¹ce im. Bojowników o Polskoœæ Mazur w Piszu;To reakcje, które pojawiaj¹ siê w odpowiedzi na subiektywnie wa¿n¹ dla danej osoby sytuacjê.;mo¿na podzieliæ na dobre (pozytywne) i z³e (negatywne).;Przyjêcie odpowiedniej postawy cia³a lub wykonanie prostych ruchów.;Wdech odbywa siê przez nos, a wydech – przez usta.;Codzienna troska o fizycznoœæ, opieraj¹ca siê na trzech g³ównych filarach: w³aœciwej diecie, odpowiedniej iloœci snu i ruchu.
6.11.2025 15:23:53;Akceptujê;nauczycielem;6-10 lat;I Liceum Ogólnokszta³c¹ce im. Bojowników o Polskoœæ Mazur w Piszu;Obie odpowiedzi s¹ poprawne.;s¹ normalne i potrzebne, poniewa¿ realizuj¹ szereg wa¿nych funkcji.;Przyjêcie odpowiedniej postawy cia³a lub wykonanie prostych ruchów.;Wdech odbywa siê przez nos, a wydech – przez usta.;Codzienna troska o fizycznoœæ, opieraj¹ca siê na trzech g³ównych filarach: w³aœciwej diecie, odpowiedniej iloœci snu i ruchu.
6.11.2025 15:24:05;Akceptujê;psychologiem;16-20 lat;I Liceum Ogólnokszta³c¹ce im. Bojowników o Polskoœæ Mazur w Piszu;Obie odpowiedzi s¹ poprawne.;s¹ normalne i potrzebne, poniewa¿ realizuj¹ szereg wa¿nych funkcji.;Przyjêcie odpowiedniej postawy cia³a lub wykonanie prostych ruchów.;Wdech odbywa siê przez nos, a wydech – przez usta.;Codzienna troska o fizycznoœæ, opieraj¹ca siê na trzech g³ównych filarach: w³aœciwej diecie, odpowiedniej iloœci snu i ruchu.
6.11.2025 15:24:50;Akceptujê;nauczycielem;16-20 lat;I Liceum Ogólnokszta³c¹ce im. Bojowników o Polskoœæ Mazur w Piszu;Obie odpowiedzi s¹ poprawne.;s¹ normalne i potrzebne, poniewa¿ realizuj¹ szereg wa¿nych funkcji.;Przyjêcie odpowiedniej postawy cia³a lub wykonanie prostych ruchów.;Wdech odbywa siê przez nos, a wydech – przez usta.;Optymistyczne nastawienie do codziennoœci i koncentrowanie siê na pozytywnych aspektach w³asnego ¿ycia.
6.11.2025 15:32:38;Akceptujê;nauczycielem;21 lat i wiêcej;I Liceum Ogólnokszta³c¹ce im. Bojowników o Polskoœæ Mazur w Piszu;Uruchamiaj¹ ca³y zespó³ zmian w ciele, w sposobie myœlenia i zachowaniu cz³owieka.;s¹ normalne i potrzebne, poniewa¿ realizuj¹ szereg wa¿nych funkcji.;Przyjêcie odpowiedniej postawy cia³a lub wykonanie prostych ruchów.;Wdech odbywa siê przez nos, a wydech – przez usta.;Codzienna troska o fizycznoœæ, opieraj¹ca siê na trzech g³ównych filarach: w³aœciwej diecie, odpowiedniej iloœci snu i ruchu.
6.11.2025 15:42:02;Akceptujê;nauczycielem;21 lat i wiêcej;I Liceum Ogólnokszta³c¹ce im. Bojowników o Polskoœæ Mazur w Piszu;Obie odpowiedzi s¹ poprawne.;mo¿na podzieliæ na dobre (pozytywne) i z³e (negatywne).;Przyjêcie odpowiedniej postawy cia³a lub wykonanie prostych ruchów.;Wdech odbywa siê przez usta, a wydech – przez nos.;Codzienna troska o fizycznoœæ, opieraj¹ca siê na trzech g³ównych filarach: w³aœciwej diecie, odpowiedniej iloœci snu i ruchu.
6.11.2025 17:04:27;Akceptujê;nauczycielem;11-15 lat;Szko³a Podstawowa nr 28 im. ¯o³nierzy 4PP „Czwartaków” Zespó³ Placówek Oœwiatowych nr 1 w Kielcach;Obie odpowiedzi s¹ poprawne.;mo¿na podzieliæ na dobre (pozytywne) i z³e (negatywne).;Odreagowanie emocji w k³ótni z inn¹ osob¹.;Wdech odbywa siê przez nos, a wydech – przez usta.;Optymistyczne nastawienie do codziennoœci i koncentrowanie siê na pozytywnych aspektach w³asnego ¿ycia.
6.11.2025 17:04:35;Akceptujê;nauczycielem;6-10 lat;Szko³a Podstawowa nr 28 im. ¯o³nierzy 4PP „Czwartaków” Zespó³ Placówek Oœwiatowych nr 1 w Kielcach;Obie odpowiedzi s¹ poprawne.;s¹ normalne i potrzebne, poniewa¿ realizuj¹ szereg wa¿nych funkcji.;Przyjêcie odpowiedniej postawy cia³a lub wykonanie prostych ruchów.;Wdech odbywa siê przez nos, a wydech – przez usta.;Codzienna troska o fizycznoœæ, opieraj¹ca siê na trzech g³ównych filarach: w³aœciwej diecie, odpowiedniej iloœci snu i ruchu.
6.11.2025 17:05:35;Akceptujê;nauczycielem;21 lat i wiêcej;Szko³a Podstawowa nr 28 im. ¯o³nierzy 4PP „Czwartaków” Zespó³ Placówek Oœwiatowych nr 1 w Kielcach;Obie odpowiedzi s¹ poprawne.;s¹ normalne i potrzebne, poniewa¿ realizuj¹ szereg wa¿nych funkcji.;Przyjêcie odpowiedniej postawy cia³a lub wykonanie prostych ruchów.;Wdech odbywa siê przez nos, a wydech – przez usta.;Optymistyczne nastawienie do codziennoœci i koncentrowanie siê na pozytywnych aspektach w³asnego ¿ycia.
6.11.2025 17:05:55;Akceptujê;kierownikiem œwietlicy;6-10 lat;Szko³a Podstawowa nr 28 im. ¯o³nierzy 4PP „Czwartaków” Zespó³ Placówek Oœwiatowych nr 1 w Kielcach;Obie odpowiedzi s¹ poprawne.;s¹ normalne i potrzebne, poniewa¿ realizuj¹ szereg wa¿nych funkcji.;Przyjêcie odpowiedniej postawy cia³a lub wykonanie prostych ruchów.;Wdech odbywa siê przez nos, a wydech – przez usta.;Codzienna troska o fizycznoœæ, opieraj¹ca siê na trzech g³ównych filarach: w³aœciwej diecie, odpowiedniej iloœci snu i ruchu.
6.11.2025 17:06:01;Akceptujê;dyrektorem/wicedyrektorem;21 lat i wiêcej;Szko³a Podstawowa nr 28 im. ¯o³nierzy 4PP „Czwartaków” Zespó³ Placówek Oœwiatowych nr 1 w Kielcach;Obie odpowiedzi s¹ poprawne.;s¹ normalne i potrzebne, poniewa¿ realizuj¹ szereg wa¿nych funkcji.;Przyjêcie odpowiedniej postawy cia³a lub wykonanie prostych ruchów.;Wdech odbywa siê przez nos, a wydech – przez usta.;Codzienna troska o fizycznoœæ, opieraj¹ca siê na trzech g³ównych filarach: w³aœciwej diecie, odpowiedniej iloœci snu i ruchu.
6.11.2025 17:06:18;Akceptujê;nauczycielem;6-10 lat;Szko³a Podstawowa nr 28 im. ¯o³nierzy 4PP „Czwartaków” Zespó³ Placówek Oœwiatowych nr 1 w Kielcach;Obie odpowiedzi s¹ poprawne.;s¹ normalne i potrzebne, poniewa¿ realizuj¹ szereg wa¿nych funkcji.;Przyjêcie odpowiedniej postawy cia³a lub wykonanie prostych ruchów.;Wdech odbywa siê przez usta, a wydech – przez nos.;Codzienna troska o fizycznoœæ, opieraj¹ca siê na trzech g³ównych filarach: w³aœciwej diecie, odpowiedniej iloœci snu i ruchu.
6.11.2025 17:06:38;Akceptujê;pedagogiem;1-5 lat;Szko³a Podstawowa nr 28 im. ¯o³nierzy 4PP „Czwartaków” Zespó³ Placówek Oœwiatowych nr 1 w Kielcach;Obie odpowiedzi s¹ poprawne.;s¹ normalne i potrzebne, poniewa¿ realizuj¹ szereg wa¿nych funkcji.;Przyjêcie odpowiedniej postawy cia³a lub wykonanie prostych ruchów.;Wdech odbywa siê przez nos, a wydech – przez usta.;Codzienna troska o fizycznoœæ, opieraj¹ca siê na trzech g³ównych filarach: w³aœciwej diecie, odpowiedniej iloœci snu i ruchu.
6.11.2025 17:06:43;Akceptujê;dyrektorem/wicedyrektorem;21 lat i wiêcej;Szko³a Podstawowa nr 28 im. ¯o³nierzy 4PP „Czwartaków” Zespó³ Placówek Oœwiatowych nr 1 w Kielcach;Obie odpowiedzi s¹ poprawne.;s¹ normalne i potrzebne, poniewa¿ realizuj¹ szereg wa¿nych funkcji.;Przyjêcie odpowiedniej postawy cia³a lub wykonanie prostych ruchów.;Wdech odbywa siê przez nos, a wydech – przez usta.;Optymistyczne nastawienie do codziennoœci i koncentrowanie siê na pozytywnych aspektach w³asnego ¿ycia.
6.11.2025 17:06:44;Akceptujê;nauczycielem;21 lat i wiêcej;Szko³a Podstawowa nr 28 im. ¯o³nierzy 4PP „Czwartaków” Zespó³ Placówek Oœwiatowych nr 1 w Kielcach;Obie odpowiedzi s¹ poprawne.;s¹ normalne i potrzebne, poniewa¿ realizuj¹ szereg wa¿nych funkcji.;Przyjêcie odpowiedniej postawy cia³a lub wykonanie prostych ruchów.;Wdech odbywa siê przez nos, a wydech – przez usta.;Codzienna troska o fizycznoœæ, opieraj¹ca siê na trzech g³ównych filarach: w³aœciwej diecie, odpowiedniej iloœci snu i ruchu.
6.11.2025 17:06:47;Akceptujê;pedagog specjalny, n-l wspó³organizuj¹cy;6-10 lat;Szko³a Podstawowa nr 28 im. ¯o³nierzy 4PP „Czwartaków” Zespó³ Placówek Oœwiatowych nr 1 w Kielcach;Obie odpowiedzi s¹ poprawne.;s¹ normalne i potrzebne, poniewa¿ realizuj¹ szereg wa¿nych funkcji.;Przyjêcie odpowiedniej postawy cia³a lub wykonanie prostych ruchów.;Wdech odbywa siê przez nos, a wydech – przez usta.;Codzienna troska o fizycznoœæ, opieraj¹ca siê na trzech g³ównych filarach: w³aœciwej diecie, odpowiedniej iloœci snu i ruchu.
6.11.2025 17:07:49;Akceptujê;nauczycielem;1-5 lat;Szko³a Podstawowa nr 28 im. ¯o³nierzy 4PP „Czwartaków” Zespó³ Placówek Oœwiatowych nr 1 w Kielcach;Obie odpowiedzi s¹ poprawne.;s¹ normalne i potrzebne, poniewa¿ realizuj¹ szereg wa¿nych funkcji.;Przyjêcie odpowiedniej postawy cia³a lub wykonanie prostych ruchów.;Wdech odbywa siê przez nos, a wydech – przez usta.;Optymistyczne nastawienie do codziennoœci i koncentrowanie siê na pozytywnych aspektach w³asnego ¿ycia.
6.11.2025 17:08:00;Akceptujê;nauczycielem;11-15 lat;Szko³a Podstawowa nr 28 im. ¯o³nierzy 4PP „Czwartaków” Zespó³ Placówek Oœwiatowych nr 1 w Kielcach;To reakcje, które pojawiaj¹ siê w odpowiedzi na subiektywnie wa¿n¹ dla danej osoby sytuacjê.;s¹ normalne i potrzebne, poniewa¿ realizuj¹ szereg wa¿nych funkcji.;Nie wiem;Wdech odbywa siê przez nos, a wydech – przez usta.;Optymistyczne nastawienie do codziennoœci i koncentrowanie siê na pozytywnych aspektach w³asnego ¿ycia.
6.11.2025 17:08:38;Akceptujê;nauczycielem;21 lat i wiêcej;Szko³a Podstawowa nr 28 im. ¯o³nierzy 4PP „Czwartaków” Zespó³ Placówek Oœwiatowych nr 1 w Kielcach;Obie odpowiedzi s¹ poprawne.;s¹ normalne i potrzebne, poniewa¿ realizuj¹ szereg wa¿nych funkcji.;Przyjêcie odpowiedniej postawy cia³a lub wykonanie prostych ruchów.;Wdech odbywa siê przez nos, a wydech – przez usta.;Optymistyczne nastawienie do codziennoœci i koncentrowanie siê na pozytywnych aspektach w³asnego ¿ycia.
6.11.2025 17:08:47;Akceptujê;Nauczyciel wspó³organizuj¹cy;6-10 lat;Szko³a Podstawowa nr 28 im. ¯o³nierzy 4PP „Czwartaków” Zespó³ Placówek Oœwiatowych nr 1 w Kielcach;Obie odpowiedzi s¹ poprawne.;s¹ normalne i potrzebne, poniewa¿ realizuj¹ szereg wa¿nych funkcji.;Przyjêcie odpowiedniej postawy cia³a lub wykonanie prostych ruchów.;Wdech odbywa siê przez nos, a wydech – przez usta.;Codzienna troska o fizycznoœæ, opieraj¹ca siê na trzech g³ównych filarach: w³aœciwej diecie, odpowiedniej iloœci snu i ruchu.
6.11.2025 17:10:27;Akceptujê;psychologiem;1-5 lat;Szko³a Podstawowa nr 28 im. ¯o³nierzy 4PP „Czwartaków” Zespó³ Placówek Oœwiatowych nr 1 w Kielcach;Obie odpowiedzi s¹ poprawne.;s¹ normalne i potrzebne, poniewa¿ realizuj¹ szereg wa¿nych funkcji.;Przyjêcie odpowiedniej postawy cia³a lub wykonanie prostych ruchów.;Wdech odbywa siê przez nos, a wydech – przez usta.;Codzienna troska o fizycznoœæ, opieraj¹ca siê na trzech g³ównych filarach: w³aœciwej diecie, odpowiedniej iloœci snu i ruchu.
6.11.2025 17:10:31;Akceptujê;pedagogiem;21 lat i wiêcej;Szko³a Podstawowa nr 28 im. ¯o³nierzy 4PP „Czwartaków” Zespó³ Placówek Oœwiatowych nr 1 w Kielcach;Obie odpowiedzi s¹ poprawne.;s¹ normalne i potrzebne, poniewa¿ realizuj¹ szereg wa¿nych funkcji.;Przyjêcie odpowiedniej postawy cia³a lub wykonanie prostych ruchów.;Wdech odbywa siê przez nos, a wydech – przez usta.;Codzienna troska o fizycznoœæ, opieraj¹ca siê na trzech g³ównych filarach: w³aœciwej diecie, odpowiedniej iloœci snu i ruchu.
6.11.2025 17:14:10;Akceptujê;Nauczycielem wspó³organizuj¹cym ;6-10 lat;Szko³a Podstawowa nr 28 im. ¯o³nierzy 4PP „Czwartaków” Zespó³ Placówek Oœwiatowych nr 1 w Kielcach;Obie odpowiedzi s¹ poprawne.;s¹ normalne i potrzebne, poniewa¿ realizuj¹ szereg wa¿nych funkcji.;Przyjêcie odpowiedniej postawy cia³a lub wykonanie prostych ruchów.;Wdech odbywa siê przez nos, a wydech – przez usta.;Optymistyczne nastawienie do codziennoœci i koncentrowanie siê na pozytywnych aspektach w³asnego ¿ycia.
6.11.2025 17:16:00;Akceptujê;nauczycielem;21 lat i wiêcej;Szko³a Podstawowa nr 28 im. ¯o³nierzy 4PP „Czwartaków” Zespó³ Placówek Oœwiatowych nr 1 w Kielcach;Obie odpowiedzi s¹ poprawne.;mo¿na podzieliæ na dobre (pozytywne) i z³e (negatywne).;Przyjêcie odpowiedniej postawy cia³a lub wykonanie prostych ruchów.;Wdech odbywa siê przez usta, a wydech – przez nos.;Optymistyczne nastawienie do codziennoœci i koncentrowanie siê na pozytywnych aspektach w³asnego ¿ycia.
6.11.2025 19:58:49;Akceptujê;dyrektorem/wicedyrektorem;21 lat i wiêcej;Szko³a Podstawowa nr 28 im. ¯o³nierzy 4PP „Czwartaków” Zespó³ Placówek Oœwiatowych nr 1 w Kielcach;Obie odpowiedzi s¹ poprawne.;s¹ normalne i potrzebne, poniewa¿ realizuj¹ szereg wa¿nych funkcji.;Przyjêcie odpowiedniej postawy cia³a lub wykonanie prostych ruchów.;Wdech odbywa siê przez nos, a wydech – przez usta.;Codzienna troska o fizycznoœæ, opieraj¹ca siê na trzech g³ównych filarach: w³aœciwej diecie, odpowiedniej iloœci snu i ruchu.
6.16.2025 15:22:16;Akceptujê;nauczycielem;6-10 lat;Zespó³ Szkó³ w Szumowie;Uruchamiaj¹ ca³y zespó³ zmian w ciele, w sposobie myœlenia i zachowaniu cz³owieka.;s¹ abstrakcyjnym, metafizycznym doœwiadczeniem.;Przyjêcie odpowiedniej postawy cia³a lub wykonanie prostych ruchów.;Wdech odbywa siê przez nos, a wydech – przez usta.;Nie wiem
6.16.2025 15:22:28;Akceptujê;nauczycielem;21 lat i wiêcej;Zespó³ Szkó³ w Szumowie;Obie odpowiedzi s¹ poprawne.;s¹ normalne i potrzebne, poniewa¿ realizuj¹ szereg wa¿nych funkcji.;Przyjêcie odpowiedniej postawy cia³a lub wykonanie prostych ruchów.;Wdech odbywa siê przez nos, a wydech – przez usta.;Codzienna troska o fizycznoœæ, opieraj¹ca siê na trzech g³ównych filarach: w³aœciwej diecie, odpowiedniej iloœci snu i ruchu.
6.16.2025 15:22:29;Akceptujê;nauczycielem;16-20 lat;Zespó³ Szkó³ w Szumowie;Obie odpowiedzi s¹ poprawne.;s¹ normalne i potrzebne, poniewa¿ realizuj¹ szereg wa¿nych funkcji.;Przyjêcie odpowiedniej postawy cia³a lub wykonanie prostych ruchów.;Wdech odbywa siê przez nos, a wydech – przez usta.;Codzienna troska o fizycznoœæ, opieraj¹ca siê na trzech g³ównych filarach: w³aœciwej diecie, odpowiedniej iloœci snu i ruchu.
6.16.2025 15:22:46;Akceptujê;nauczycielem;21 lat i wiêcej;Zespó³ Szkó³ w Szumowie;Obie odpowiedzi s¹ poprawne.;s¹ normalne i potrzebne, poniewa¿ realizuj¹ szereg wa¿nych funkcji.;Przyjêcie odpowiedniej postawy cia³a lub wykonanie prostych ruchów.;Wdech odbywa siê przez nos, a wydech – przez usta.;Optymistyczne nastawienie do codziennoœci i koncentrowanie siê na pozytywnych aspektach w³asnego ¿ycia.
6.16.2025 15:23:01;Akceptujê;nauczycielem;21 lat i wiêcej;Zespó³ Szkó³ w Szumowie;Obie odpowiedzi s¹ poprawne.;s¹ normalne i potrzebne, poniewa¿ realizuj¹ szereg wa¿nych funkcji.;Przyjêcie odpowiedniej postawy cia³a lub wykonanie prostych ruchów.;Wdech odbywa siê przez nos, a wydech – przez usta.;Optymistyczne nastawienie do codziennoœci i koncentrowanie siê na pozytywnych aspektach w³asnego ¿ycia.
6.16.2025 15:23:10;Akceptujê;dyrektorem/wicedyrektorem;21 lat i wiêcej;Zespó³ Szkó³ w Szumowie;Obie odpowiedzi s¹ poprawne.;mo¿na podzieliæ na dobre (pozytywne) i z³e (negatywne).;Przyjêcie odpowiedniej postawy cia³a lub wykonanie prostych ruchów.;Wdech odbywa siê przez nos, a wydech – przez usta.;Codzienna troska o fizycznoœæ, opieraj¹ca siê na trzech g³ównych filarach: w³aœciwej diecie, odpowiedniej iloœci snu i ruchu.
6.16.2025 15:23:17;Akceptujê;nauczycielem;16-20 lat;Zespó³ Szkó³ w Szumowie;Obie odpowiedzi s¹ poprawne.;mo¿na podzieliæ na dobre (pozytywne) i z³e (negatywne).;Przyjêcie odpowiedniej postawy cia³a lub wykonanie prostych ruchów.;Wdech odbywa siê przez usta, a wydech – przez nos.;Codzienna troska o fizycznoœæ, opieraj¹ca siê na trzech g³ównych filarach: w³aœciwej diecie, odpowiedniej iloœci snu i ruchu.
6.16.2025 15:23:21;Akceptujê;nauczycielem;21 lat i wiêcej;Zespó³ Szkó³ w Szumowie;Obie odpowiedzi s¹ poprawne.;mo¿na podzieliæ na dobre (pozytywne) i z³e (negatywne).;Przyjêcie odpowiedniej postawy cia³a lub wykonanie prostych ruchów.;Wdech odbywa siê przez nos, a wydech – przez usta.;Codzienna troska o fizycznoœæ, opieraj¹ca siê na trzech g³ównych filarach: w³aœciwej diecie, odpowiedniej iloœci snu i ruchu.
6.16.2025 15:23:48;Akceptujê;dyrektorem/wicedyrektorem;21 lat i wiêcej;Zespó³ Szkó³ w Szumowie;Obie odpowiedzi s¹ poprawne.;mo¿na podzieliæ na dobre (pozytywne) i z³e (negatywne).;Przyjêcie odpowiedniej postawy cia³a lub wykonanie prostych ruchów.;Wdech odbywa siê przez nos, a wydech – przez usta.;Optymistyczne nastawienie do codziennoœci i koncentrowanie siê na pozytywnych aspektach w³asnego ¿ycia.
6.16.2025 15:24:01;Akceptujê;nauczycielem;21 lat i wiêcej;Zespó³ Szkó³ w Szumowie;Obie odpowiedzi s¹ poprawne.;mo¿na podzieliæ na dobre (pozytywne) i z³e (negatywne).;Przyjêcie odpowiedniej postawy cia³a lub wykonanie prostych ruchów.;Wdech odbywa siê przez nos, a wydech – przez usta.;Codzienna troska o fizycznoœæ, opieraj¹ca siê na trzech g³ównych filarach: w³aœciwej diecie, odpowiedniej iloœci snu i ruchu.
6.16.2025 15:24:03;Akceptujê;nauczycielem;mniej ni¿ rok;Zespó³ Szkó³ w Szumowie;Obie odpowiedzi s¹ poprawne.;mo¿na podzieliæ na dobre (pozytywne) i z³e (negatywne).;Przyjêcie odpowiedniej postawy cia³a lub wykonanie prostych ruchów.;Wdech odbywa siê przez nos, a wydech – przez usta.;Optymistyczne nastawienie do codziennoœci i koncentrowanie siê na pozytywnych aspektach w³asnego ¿ycia.
6.16.2025 15:25:03;Akceptujê;nauczycielem;21 lat i wiêcej;Zespó³ Szkó³ w Szumowie;Obie odpowiedzi s¹ poprawne.;s¹ normalne i potrzebne, poniewa¿ realizuj¹ szereg wa¿nych funkcji.;Przyjêcie odpowiedniej postawy cia³a lub wykonanie prostych ruchów.;Wdech odbywa siê przez nos, a wydech – przez usta.;Codzienna troska o fizycznoœæ, opieraj¹ca siê na trzech g³ównych filarach: w³aœciwej diecie, odpowiedniej iloœci snu i ruchu.
6.16.2025 15:25:24;Akceptujê;pedagogiem;21 lat i wiêcej;Zespó³ Szkó³ w Szumowie;Obie odpowiedzi s¹ poprawne.;s¹ normalne i potrzebne, poniewa¿ realizuj¹ szereg wa¿nych funkcji.;Przyjêcie odpowiedniej postawy cia³a lub wykonanie prostych ruchów.;Wdech i wydech odbywaj¹ siê przez nos.;Nie wiem
6.16.2025 15:25:29;Akceptujê;nauczycielem;21 lat i wiêcej;Zespó³ Szkó³ w Szumowie;Obie odpowiedzi s¹ poprawne.;s¹ normalne i potrzebne, poniewa¿ realizuj¹ szereg wa¿nych funkcji.;Przyjêcie odpowiedniej postawy cia³a lub wykonanie prostych ruchów.;Wdech odbywa siê przez nos, a wydech – przez usta.;Optymistyczne nastawienie do codziennoœci i koncentrowanie siê na pozytywnych aspektach w³asnego ¿ycia.
6.16.2025 15:26:29;Akceptujê;nauczycielem;21 lat i wiêcej;Zespó³ Szkó³ w Szumowie;Obie odpowiedzi s¹ poprawne.;mo¿na podzieliæ na dobre (pozytywne) i z³e (negatywne).;Przyjêcie odpowiedniej postawy cia³a lub wykonanie prostych ruchów.;Wdech odbywa siê przez nos, a wydech – przez usta.;Codzienna troska o fizycznoœæ, opieraj¹ca siê na trzech g³ównych filarach: w³aœciwej diecie, odpowiedniej iloœci snu i ruchu.
6.16.2025 15:26:32;Akceptujê;nauczycielem;21 lat i wiêcej;Zespó³ Szkó³ w Szumowie;Uruchamiaj¹ ca³y zespó³ zmian w ciele, w sposobie myœlenia i zachowaniu cz³owieka.;s¹ normalne i potrzebne, poniewa¿ realizuj¹ szereg wa¿nych funkcji.;Przyjêcie odpowiedniej postawy cia³a lub wykonanie prostych ruchów.;Wdech odbywa siê przez nos, a wydech – przez usta.;Optymistyczne nastawienie do codziennoœci i koncentrowanie siê na pozytywnych aspektach w³asnego ¿ycia.
6.16.2025 15:26:35;Akceptujê;nauczycielem;21 lat i wiêcej;Zespó³ Szkó³ w Szumowie;Uruchamiaj¹ ca³y zespó³ zmian w ciele, w sposobie myœlenia i zachowaniu cz³owieka.;s¹ normalne i potrzebne, poniewa¿ realizuj¹ szereg wa¿nych funkcji.;Przyjêcie odpowiedniej postawy cia³a lub wykonanie prostych ruchów.;Wdech odbywa siê przez nos, a wydech – przez usta.;Optymistyczne nastawienie do codziennoœci i koncentrowanie siê na pozytywnych aspektach w³asnego ¿ycia.
6.16.2025 15:26:51;Akceptujê;nauczycielem;21 lat i wiêcej;Zespó³ Szkó³ w Szumowie;Obie odpowiedzi s¹ poprawne.;s¹ normalne i potrzebne, poniewa¿ realizuj¹ szereg wa¿nych funkcji.;Nie wiem;Wdech odbywa siê przez nos, a wydech – przez usta.;Codzienna troska o fizycznoœæ, opieraj¹ca siê na trzech g³ównych filarach: w³aœciwej diecie, odpowiedniej iloœci snu i ruchu.
6.16.2025 15:27:34;Akceptujê;nauczycielem;21 lat i wiêcej;Zespó³ Szkó³ w Szumowie;To reakcje, które pojawiaj¹ siê w odpowiedzi na subiektywnie wa¿n¹ dla danej osoby sytuacjê.;s¹ normalne i potrzebne, poniewa¿ realizuj¹ szereg wa¿nych funkcji.;Przyjêcie odpowiedniej postawy cia³a lub wykonanie prostych ruchów.;Wdech odbywa siê przez nos, a wydech – przez usta.;Codzienna troska o fizycznoœæ, opieraj¹ca siê na trzech g³ównych filarach: w³aœciwej diecie, odpowiedniej iloœci snu i ruchu.
6.16.2025 15:44:18;Akceptujê;psychologiem;16-20 lat;Zespó³ Szkó³ w Szumowie;Obie odpowiedzi s¹ poprawne.;s¹ normalne i potrzebne, poniewa¿ realizuj¹ szereg wa¿nych funkcji.;Przyjêcie odpowiedniej postawy cia³a lub wykonanie prostych ruchów.;Wdech i wydech odbywaj¹ siê przez nos.;Codzienna troska o fizycznoœæ, opieraj¹ca siê na trzech g³ównych filarach: w³aœciwej diecie, odpowiedniej iloœci snu i ruchu.
6.16.2025 16:23:16;Akceptujê;nauczycielem;16-20 lat;Zespó³ Szkó³ w Szumowie;Uruchamiaj¹ ca³y zespó³ zmian w ciele, w sposobie myœlenia i zachowaniu cz³owieka.;s¹ normalne i potrzebne, poniewa¿ realizuj¹ szereg wa¿nych funkcji.;Nie wiem;Wdech odbywa siê przez nos, a wydech – przez usta.;Optymistyczne nastawienie do codziennoœci i koncentrowanie siê na pozytywnych aspektach w³asnego ¿ycia.
6.16.2025 17:01:17;Akceptujê;nauczycielem;16-20 lat;Zespó³ Szkó³ w Szumowie;Uruchamiaj¹ ca³y zespó³ zmian w ciele, w sposobie myœlenia i zachowaniu cz³owieka.;mo¿na podzieliæ na dobre (pozytywne) i z³e (negatywne).;Odreagowanie emocji w k³ótni z inn¹ osob¹.;Wdech odbywa siê przez nos, a wydech – przez usta.;Optymistyczne nastawienie do codziennoœci i koncentrowanie siê na pozytywnych aspektach w³asnego ¿ycia.
6.23.2025 14:57:16;Akceptujê;nauczycielem;21 lat i wiêcej;Szko³a Podstawowa im. œw. Miko³aja w Mierzynie;Obie odpowiedzi s¹ poprawne.;s¹ normalne i potrzebne, poniewa¿ realizuj¹ szereg wa¿nych funkcji.;Przyjêcie odpowiedniej postawy cia³a lub wykonanie prostych ruchów.;Wdech odbywa siê przez nos, a wydech – przez usta.;Codzienna troska o fizycznoœæ, opieraj¹ca siê na trzech g³ównych filarach: w³aœciwej diecie, odpowiedniej iloœci snu i ruchu.
6.23.2025 14:58:35;Akceptujê;nauczycielem;16-20 lat;Szko³a Podstawowa im. œw. Miko³aja w Mierzynie;Obie odpowiedzi s¹ poprawne.;s¹ normalne i potrzebne, poniewa¿ realizuj¹ szereg wa¿nych funkcji.;Przyjêcie odpowiedniej postawy cia³a lub wykonanie prostych ruchów.;Nie wiem;Optymistyczne nastawienie do codziennoœci i koncentrowanie siê na pozytywnych aspektach w³asnego ¿ycia.
6.23.2025 14:59:21;Akceptujê;nauczycielem;21 lat i wiêcej;Szko³a Podstawowa im. œw. Miko³aja w Mierzynie;Uruchamiaj¹ ca³y zespó³ zmian w ciele, w sposobie myœlenia i zachowaniu cz³owieka.;s¹ normalne i potrzebne, poniewa¿ realizuj¹ szereg wa¿nych funkcji.;Przyjêcie odpowiedniej postawy cia³a lub wykonanie prostych ruchów.;Wdech odbywa siê przez nos, a wydech – przez usta.;Optymistyczne nastawienie do codziennoœci i koncentrowanie siê na pozytywnych aspektach w³asnego ¿ycia.
6.23.2025 15:00:51;Akceptujê;nauczycielem;6-10 lat;Szko³a Podstawowa im. œw. Miko³aja w Mierzynie;To reakcje, które pojawiaj¹ siê w odpowiedzi na subiektywnie wa¿n¹ dla danej osoby sytuacjê.;s¹ normalne i potrzebne, poniewa¿ realizuj¹ szereg wa¿nych funkcji.;Przyjêcie odpowiedniej postawy cia³a lub wykonanie prostych ruchów.;Wdech odbywa siê przez nos, a wydech – przez usta.;Optymistyczne nastawienie do codziennoœci i koncentrowanie siê na pozytywnych aspektach w³asnego ¿ycia.
6.23.2025 15:00:54;Akceptujê;psychologiem;6-10 lat;Szko³a Podstawowa im. œw. Miko³aja w Mierzynie;Obie odpowiedzi s¹ poprawne.;s¹ normalne i potrzebne, poniewa¿ realizuj¹ szereg wa¿nych funkcji.;Przyjêcie odpowiedniej postawy cia³a lub wykonanie prostych ruchów.;Wdech odbywa siê przez nos, a wydech – przez usta.;Codzienna troska o fizycznoœæ, opieraj¹ca siê na trzech g³ównych filarach: w³aœciwej diecie, odpowiedniej iloœci snu i ruchu.
6.23.2025 15:01:04;Akceptujê;nauczycielem;11-15 lat;Szko³a Podstawowa im. œw. Miko³aja w Mierzynie;To reakcje, które pojawiaj¹ siê w odpowiedzi na subiektywnie wa¿n¹ dla danej osoby sytuacjê.;s¹ normalne i potrzebne, poniewa¿ realizuj¹ szereg wa¿nych funkcji.;Przyjêcie odpowiedniej postawy cia³a lub wykonanie prostych ruchów.;Wdech i wydech odbywaj¹ siê przez nos.;Codzienna troska o fizycznoœæ, opieraj¹ca siê na trzech g³ównych filarach: w³aœciwej diecie, odpowiedniej iloœci snu i ruchu.
6.23.2025 15:07:48;Akceptujê;nauczycielem;21 lat i wiêcej;I Liceum Ogólnokszta³c¹ce im M. Kopernika w ¯ywcu;Obie odpowiedzi s¹ poprawne.;s¹ normalne i potrzebne, poniewa¿ realizuj¹ szereg wa¿nych funkcji.;Przyjêcie odpowiedniej postawy cia³a lub wykonanie prostych ruchów.;Wdech odbywa siê przez nos, a wydech – przez usta.;Codzienna troska o fizycznoœæ, opieraj¹ca siê na trzech g³ównych filarach: w³aœciwej diecie, odpowiedniej iloœci snu i ruchu.
6.23.2025 15:14:53;Akceptujê;nauczycielem;16-20 lat;Szko³a Podstawowa im. œw. Miko³aja w Mierzynie;To reakcje, które pojawiaj¹ siê w odpowiedzi na subiektywnie wa¿n¹ dla danej osoby sytuacjê.;s¹ normalne i potrzebne, poniewa¿ realizuj¹ szereg wa¿nych funkcji.;Przyjêcie odpowiedniej postawy cia³a lub wykonanie prostych ruchów.;Wdech odbywa siê przez nos, a wydech – przez usta.;Codzienna troska o fizycznoœæ, opieraj¹ca siê na trzech g³ównych filarach: w³aœciwej diecie, odpowiedniej iloœci snu i ruchu.
6.23.2025 15:20:58;Akceptujê;nauczycielem;16-20 lat;Szko³a Podstawowa im. œw. Miko³aja w Mierzynie;Obie odpowiedzi s¹ poprawne.;s¹ normalne i potrzebne, poniewa¿ realizuj¹ szereg wa¿nych funkcji.;Przyjêcie odpowiedniej postawy cia³a lub wykonanie prostych ruchów.;Wdech odbywa siê przez nos, a wydech – przez usta.;Codzienna troska o fizycznoœæ, opieraj¹ca siê na trzech g³ównych filarach: w³aœciwej diecie, odpowiedniej iloœci snu i ruchu.
6.23.2025 15:27:55;Akceptujê;nauczycielem;21 lat i wiêcej;Szko³a Podstawowa im. œw. Miko³aja w Mierzynie;Obie odpowiedzi s¹ poprawne.;s¹ normalne i potrzebne, poniewa¿ realizuj¹ szereg wa¿nych funkcji.;Przyjêcie odpowiedniej postawy cia³a lub wykonanie prostych ruchów.;Wdech odbywa siê przez nos, a wydech – przez usta.;Optymistyczne nastawienie do codziennoœci i koncentrowanie siê na pozytywnych aspektach w³asnego ¿ycia.
6.23.2025 15:28:20;Akceptujê;nauczycielem;21 lat i wiêcej;I Liceum Ogólnokszta³c¹ce im M. Kopernika w ¯ywcu;Obie odpowiedzi s¹ poprawne.;mo¿na podzieliæ na dobre (pozytywne) i z³e (negatywne).;Przyjêcie odpowiedniej postawy cia³a lub wykonanie prostych ruchów.;Wdech odbywa siê przez nos, a wydech – przez usta.;Optymistyczne nastawienie do codziennoœci i koncentrowanie siê na pozytywnych aspektach w³asnego ¿ycia.
6.23.2025 15:29:15;Akceptujê;nauczycielem;21 lat i wiêcej;Szko³a Podstawowa im. œw. Miko³aja w Mierzynie;Obie odpowiedzi s¹ poprawne.;mo¿na podzieliæ na dobre (pozytywne) i z³e (negatywne).;Przyjêcie odpowiedniej postawy cia³a lub wykonanie prostych ruchów.;Wdech odbywa siê przez nos, a wydech – przez usta.;Optymistyczne nastawienie do codziennoœci i koncentrowanie siê na pozytywnych aspektach w³asnego ¿ycia.
6.23.2025 15:31:16;Akceptujê;pedagogiem;21 lat i wiêcej;Szko³a Podstawowa im. œw. Miko³aja w Mierzynie;To reakcje, które pojawiaj¹ siê w odpowiedzi na subiektywnie wa¿n¹ dla danej osoby sytuacjê.;mo¿na podzieliæ na dobre (pozytywne) i z³e (negatywne).;Przyjêcie odpowiedniej postawy cia³a lub wykonanie prostych ruchów.;Wdech odbywa siê przez nos, a wydech – przez usta.;Optymistyczne nastawienie do codziennoœci i koncentrowanie siê na pozytywnych aspektach w³asnego ¿ycia.
6.23.2025 15:32:25;Akceptujê;nauczycielem;6-10 lat;Szko³a Podstawowa im. œw. Miko³aja w Mierzynie;Obie odpowiedzi s¹ poprawne.;s¹ normalne i potrzebne, poniewa¿ realizuj¹ szereg wa¿nych funkcji.;Przyjêcie odpowiedniej postawy cia³a lub wykonanie prostych ruchów.;Wdech odbywa siê przez nos, a wydech – przez usta.;Codzienna troska o fizycznoœæ, opieraj¹ca siê na trzech g³ównych filarach: w³aœciwej diecie, odpowiedniej iloœci snu i ruchu.
6.23.2025 15:33:23;Akceptujê;nauczycielem;11-15 lat;Szko³a Podstawowa im. œw. Miko³aja w Mierzynie;Obie odpowiedzi s¹ poprawne.;s¹ normalne i potrzebne, poniewa¿ realizuj¹ szereg wa¿nych funkcji.;Przyjêcie odpowiedniej postawy cia³a lub wykonanie prostych ruchów.;Wdech odbywa siê przez nos, a wydech – przez usta.;Codzienna troska o fizycznoœæ, opieraj¹ca siê na trzech g³ównych filarach: w³aœciwej diecie, odpowiedniej iloœci snu i ruchu.
6.23.2025 15:35:34;Akceptujê;nauczycielem;21 lat i wiêcej;I Liceum Ogólnokszta³c¹ce im M. Kopernika w ¯ywcu;Obie odpowiedzi s¹ poprawne.;s¹ normalne i potrzebne, poniewa¿ realizuj¹ szereg wa¿nych funkcji.;Przyjêcie odpowiedniej postawy cia³a lub wykonanie prostych ruchów.;Wdech odbywa siê przez nos, a wydech – przez usta.;Optymistyczne nastawienie do codziennoœci i koncentrowanie siê na pozytywnych aspektach w³asnego ¿ycia.
6.23.2025 16:05:56;Akceptujê;nauczycielem;21 lat i wiêcej;Zespó³ Szkó³ Ponadpodstawowych nr 1 im. Kresowiaków w Bartoszycach;To reakcje, które pojawiaj¹ siê w odpowiedzi na subiektywnie wa¿n¹ dla danej osoby sytuacjê.;s¹ normalne i potrzebne, poniewa¿ realizuj¹ szereg wa¿nych funkcji.;Przyjêcie odpowiedniej postawy cia³a lub wykonanie prostych ruchów.;Wdech odbywa siê przez nos, a wydech – przez usta.;Codzienna troska o fizycznoœæ, opieraj¹ca siê na trzech g³ównych filarach: w³aœciwej diecie, odpowiedniej iloœci snu i ruchu.
6.23.2025 16:06:05;Akceptujê;nauczycielem;1-5 lat;Zespó³ Szkó³ Ponadpodstawowych nr 1 im. Kresowiaków w Bartoszycach;Obie odpowiedzi s¹ poprawne.;s¹ normalne i potrzebne, poniewa¿ realizuj¹ szereg wa¿nych funkcji.;Przyjêcie odpowiedniej postawy cia³a lub wykonanie prostych ruchów.;Wdech odbywa siê przez usta, a wydech – przez nos.;Codzienna troska o fizycznoœæ, opieraj¹ca siê na trzech g³ównych filarach: w³aœciwej diecie, odpowiedniej iloœci snu i ruchu.
6.23.2025 16:06:06;Akceptujê;pedagogiem;1-5 lat;Zespó³ Szkó³ Ponadpodstawowych nr 1 im. Kresowiaków w Bartoszycach;Uruchamiaj¹ ca³y zespó³ zmian w ciele, w sposobie myœlenia i zachowaniu cz³owieka.;mo¿na podzieliæ na dobre (pozytywne) i z³e (negatywne).;Przyjêcie odpowiedniej postawy cia³a lub wykonanie prostych ruchów.;Wdech odbywa siê przez usta, a wydech – przez nos.;Codzienna troska o fizycznoœæ, opieraj¹ca siê na trzech g³ównych filarach: w³aœciwej diecie, odpowiedniej iloœci snu i ruchu.
6.23.2025 16:06:26;Akceptujê;nauczycielem;21 lat i wiêcej;Zespó³ Szkó³ Ponadpodstawowych nr 1 im. Kresowiaków w Bartoszycach;Obie odpowiedzi s¹ poprawne.;s¹ normalne i potrzebne, poniewa¿ realizuj¹ szereg wa¿nych funkcji.;Przyjêcie odpowiedniej postawy cia³a lub wykonanie prostych ruchów.;Wdech odbywa siê przez usta, a wydech – przez nos.;Codzienna troska o fizycznoœæ, opieraj¹ca siê na trzech g³ównych filarach: w³aœciwej diecie, odpowiedniej iloœci snu i ruchu.
6.23.2025 16:06:48;Akceptujê;nauczycielem;21 lat i wiêcej;Zespó³ Szkó³ Ponadpodstawowych nr 1 im. Kresowiaków w Bartoszycach;Obie odpowiedzi s¹ poprawne.;s¹ normalne i potrzebne, poniewa¿ realizuj¹ szereg wa¿nych funkcji.;Zjedzenie czegoœ s³odkiego.;Wdech i wydech odbywaj¹ siê przez nos.;Codzienna troska o fizycznoœæ, opieraj¹ca siê na trzech g³ównych filarach: w³aœciwej diecie, odpowiedniej iloœci snu i ruchu.
6.23.2025 16:07:29;Akceptujê;nauczycielem;21 lat i wiêcej;Zespó³ Szkó³ Ponadpodstawowych nr 1 im. Kresowiaków w Bartoszycach;Obie odpowiedzi s¹ poprawne.;s¹ normalne i potrzebne, poniewa¿ realizuj¹ szereg wa¿nych funkcji.;Przyjêcie odpowiedniej postawy cia³a lub wykonanie prostych ruchów.;Wdech odbywa siê przez nos, a wydech – przez usta.;Codzienna troska o fizycznoœæ, opieraj¹ca siê na trzech g³ównych filarach: w³aœciwej diecie, odpowiedniej iloœci snu i ruchu.
6.23.2025 16:07:48;Akceptujê;dyrektorem/wicedyrektorem;21 lat i wiêcej;Zespó³ Szkó³ Ponadpodstawowych nr 1 im. Kresowiaków w Bartoszycach;Obie odpowiedzi s¹ poprawne.;mo¿na podzieliæ na dobre (pozytywne) i z³e (negatywne).;Przyjêcie odpowiedniej postawy cia³a lub wykonanie prostych ruchów.;Wdech odbywa siê przez nos, a wydech – przez usta.;Optymistyczne nastawienie do codziennoœci i koncentrowanie siê na pozytywnych aspektach w³asnego ¿ycia.
6.23.2025 16:08:07;Akceptujê;nauczycielem;16-20 lat;Zespó³ Szkó³ Ponadpodstawowych nr 1 im. Kresowiaków w Bartoszycach;Uruchamiaj¹ ca³y zespó³ zmian w ciele, w sposobie myœlenia i zachowaniu cz³owieka.;s¹ normalne i potrzebne, poniewa¿ realizuj¹ szereg wa¿nych funkcji.;Przyjêcie odpowiedniej postawy cia³a lub wykonanie prostych ruchów.;Wdech odbywa siê przez nos, a wydech – przez usta.;Codzienna troska o fizycznoœæ, opieraj¹ca siê na trzech g³ównych filarach: w³aœciwej diecie, odpowiedniej iloœci snu i ruchu.
6.23.2025 16:08:45;Akceptujê;wychowawc¹ w internacie, pedagogiem specjalnym;1-5 lat;Zespó³ Szkó³ Ponadpodstawowych nr 1 im. Kresowiaków w Bartoszycach;Obie odpowiedzi s¹ poprawne.;mo¿na podzieliæ na dobre (pozytywne) i z³e (negatywne).;Przyjêcie odpowiedniej postawy cia³a lub wykonanie prostych ruchów.;Wdech odbywa siê przez usta, a wydech – przez nos.;Codzienna troska o fizycznoœæ, opieraj¹ca siê na trzech g³ównych filarach: w³aœciwej diecie, odpowiedniej iloœci snu i ruchu.
6.23.2025 16:12:30;Akceptujê;psychologiem;16-20 lat;Zespó³ Szkó³ Ponadpodstawowych nr 1 im. Kresowiaków w Bartoszycach;Obie odpowiedzi s¹ poprawne.;s¹ normalne i potrzebne, poniewa¿ realizuj¹ szereg wa¿nych funkcji.;Przyjêcie odpowiedniej postawy cia³a lub wykonanie prostych ruchów.;Wdech odbywa siê przez nos, a wydech – przez usta.;Codzienna troska o fizycznoœæ, opieraj¹ca siê na trzech g³ównych filarach: w³aœciwej diecie, odpowiedniej iloœci snu i ruchu.
6.23.2025 16:14:19;Akceptujê;nauczycielem;16-20 lat;Zespó³ Szkó³ Ponadpodstawowych nr 1 im. Kresowiaków w Bartoszycach;Uruchamiaj¹ ca³y zespó³ zmian w ciele, w sposobie myœlenia i zachowaniu cz³owieka.;mo¿na podzieliæ na dobre (pozytywne) i z³e (negatywne).;Przyjêcie odpowiedniej postawy cia³a lub wykonanie prostych ruchów.;Wdech i wydech odbywaj¹ siê przez nos.;Optymistyczne nastawienie do codziennoœci i koncentrowanie siê na pozytywnych aspektach w³asnego ¿ycia.
6.23.2025 16:21:10;Akceptujê;nauczycielem;16-20 lat;Zespó³ Szkó³ Ponadpodstawowych nr 1 im. Kresowiaków w Bartoszycach;Obie odpowiedzi s¹ poprawne.;s¹ normalne i potrzebne, poniewa¿ realizuj¹ szereg wa¿nych funkcji.;Przyjêcie odpowiedniej postawy cia³a lub wykonanie prostych ruchów.;Wdech odbywa siê przez nos, a wydech – przez usta.;Codzienna troska o fizycznoœæ, opieraj¹ca siê na trzech g³ównych filarach: w³aœciwej diecie, odpowiedniej iloœci snu i ruchu.
6.23.2025 16:59:23;Akceptujê;nauczycielem;21 lat i wiêcej;Zespó³ Szkó³ Ponadpodstawowych nr 1 im. Kresowiaków w Bartoszycach;Obie odpowiedzi s¹ poprawne.;mo¿na podzieliæ na dobre (pozytywne) i z³e (negatywne).;Przyjêcie odpowiedniej postawy cia³a lub wykonanie prostych ruchów.;Wdech odbywa siê przez nos, a wydech – przez usta.;Codzienna troska o fizycznoœæ, opieraj¹ca siê na trzech g³ównych filarach: w³aœciwej diecie, odpowiedniej iloœci snu i ruchu.
6.25.2025 11:13:13;Akceptujê;dyrektorem/wicedyrektorem;21 lat i wiêcej;Szko³a Podstawowa im. œw. Miko³aja w Mierzynie;Obie odpowiedzi s¹ poprawne.;s¹ normalne i potrzebne, poniewa¿ realizuj¹ szereg wa¿nych funkcji.;Nie wiem;Wdech odbywa siê przez nos, a wydech – przez usta.;Codzienna troska o fizycznoœæ, opieraj¹ca siê na trzech g³ównych filarach: w³aœciwej diecie, odpowiedniej iloœci snu i ruchu.
8.25.2025 8:50:31;Akceptujê;nauczycielem;21 lat i wiêcej;Szko³a Podstawowa im. Jana Paw³a II w M³ynkowie;Obie odpowiedzi s¹ poprawne.;s¹ normalne i potrzebne, poniewa¿ realizuj¹ szereg wa¿nych funkcji.;Przyjêcie odpowiedniej postawy cia³a lub wykonanie prostych ruchów.;Wdech odbywa siê przez nos, a wydech – przez usta.;Optymistyczne nastawienie do codziennoœci i koncentrowanie siê na pozytywnych aspektach w³asnego ¿ycia.
8.25.2025 8:51:09;Akceptujê;nauczycielem;6-10 lat;Szko³a Podstawowa im. Jana Paw³a II w M³ynkowie;Uruchamiaj¹ ca³y zespó³ zmian w ciele, w sposobie myœlenia i zachowaniu cz³owieka.;s¹ normalne i potrzebne, poniewa¿ realizuj¹ szereg wa¿nych funkcji.;Przyjêcie odpowiedniej postawy cia³a lub wykonanie prostych ruchów.;Wdech i wydech odbywaj¹ siê przez nos.;Optymistyczne nastawienie do codziennoœci i koncentrowanie siê na pozytywnych aspektach w³asnego ¿ycia.
8.25.2025 8:53:34;Akceptujê;nauczycielem;21 lat i wiêcej;Szko³a Podstawowa im. Jana Paw³a II w M³ynkowie;Obie odpowiedzi s¹ poprawne.;mo¿na podzieliæ na dobre (pozytywne) i z³e (negatywne).;Przyjêcie odpowiedniej postawy cia³a lub wykonanie prostych ruchów.;Wdech odbywa siê przez nos, a wydech – przez usta.;Codzienna troska o fizycznoœæ, opieraj¹ca siê na trzech g³ównych filarach: w³aœciwej diecie, odpowiedniej iloœci snu i ruchu.
8.25.2025 8:58:23;Akceptujê;nauczycielem;21 lat i wiêcej;Szko³a Podstawowa im. Jana Paw³a II w M³ynkowie;Obie odpowiedzi s¹ poprawne.;s¹ normalne i potrzebne, poniewa¿ realizuj¹ szereg wa¿nych funkcji.;Przyjêcie odpowiedniej postawy cia³a lub wykonanie prostych ruchów.;Wdech odbywa siê przez nos, a wydech – przez usta.;Optymistyczne nastawienie do codziennoœci i koncentrowanie siê na pozytywnych aspektach w³asnego ¿ycia.
8.25.2025 8:59:01;Akceptujê;psychologiem;1-5 lat;Szko³a Podstawowa im. Jana Paw³a II w M³ynkowie;Obie odpowiedzi s¹ poprawne.;s¹ normalne i potrzebne, poniewa¿ realizuj¹ szereg wa¿nych funkcji.;Przyjêcie odpowiedniej postawy cia³a lub wykonanie prostych ruchów.;Wdech odbywa siê przez nos, a wydech – przez usta.;Codzienna troska o fizycznoœæ, opieraj¹ca siê na trzech g³ównych filarach: w³aœciwej diecie, odpowiedniej iloœci snu i ruchu.
8.25.2025 8:59:04;Akceptujê;nauczycielem;16-20 lat;Szko³a Podstawowa im. Jana Paw³a II w M³ynkowie;Obie odpowiedzi s¹ poprawne.;s¹ normalne i potrzebne, poniewa¿ realizuj¹ szereg wa¿nych funkcji.;Przyjêcie odpowiedniej postawy cia³a lub wykonanie prostych ruchów.;Wdech odbywa siê przez nos, a wydech – przez usta.;Codzienna troska o fizycznoœæ, opieraj¹ca siê na trzech g³ównych filarach: w³aœciwej diecie, odpowiedniej iloœci snu i ruchu.
8.25.2025 8:59:13;Akceptujê;dyrektorem/wicedyrektorem;21 lat i wiêcej;Szko³a Podstawowa im. Jana Paw³a II w M³ynkowie;Obie odpowiedzi s¹ poprawne.;s¹ normalne i potrzebne, poniewa¿ realizuj¹ szereg wa¿nych funkcji.;Przyjêcie odpowiedniej postawy cia³a lub wykonanie prostych ruchów.;Wdech i wydech odbywaj¹ siê przez nos.;Codzienna troska o fizycznoœæ, opieraj¹ca siê na trzech g³ównych filarach: w³aœciwej diecie, odpowiedniej iloœci snu i ruchu.
8.25.2025 8:59:23;Akceptujê;nauczycielem;21 lat i wiêcej;Szko³a Podstawowa im. Jana Paw³a II w M³ynkowie;Obie odpowiedzi s¹ poprawne.;s¹ normalne i potrzebne, poniewa¿ realizuj¹ szereg wa¿nych funkcji.;Przyjêcie odpowiedniej postawy cia³a lub wykonanie prostych ruchów.;Wdech odbywa siê przez nos, a wydech – przez usta.;Codzienna troska o fizycznoœæ, opieraj¹ca siê na trzech g³ównych filarach: w³aœciwej diecie, odpowiedniej iloœci snu i ruchu.
8.25.2025 9:00:20;Akceptujê;nauczycielem;6-10 lat;Szko³a Podstawowa im. Jana Paw³a II w M³ynkowie;To reakcje, które pojawiaj¹ siê w odpowiedzi na subiektywnie wa¿n¹ dla danej osoby sytuacjê.;mo¿na podzieliæ na dobre (pozytywne) i z³e (negatywne).;Przyjêcie odpowiedniej postawy cia³a lub wykonanie prostych ruchów.;Wdech odbywa siê przez nos, a wydech – przez usta.;Codzienna troska o fizycznoœæ, opieraj¹ca siê na trzech g³ównych filarach: w³aœciwej diecie, odpowiedniej iloœci snu i ruchu.
8.25.2025 9:00:49;Akceptujê;pedagogiem;mniej ni¿ rok;Szko³a Podstawowa im. Jana Paw³a II w M³ynkowie;Obie odpowiedzi s¹ poprawne.;s¹ normalne i potrzebne, poniewa¿ realizuj¹ szereg wa¿nych funkcji.;Przyjêcie odpowiedniej postawy cia³a lub wykonanie prostych ruchów.;Wdech odbywa siê przez nos, a wydech – przez usta.;Codzienna troska o fizycznoœæ, opieraj¹ca siê na trzech g³ównych filarach: w³aœciwej diecie, odpowiedniej iloœci snu i ruchu.
8.25.2025 9:01:08;Akceptujê;nauczycielem;21 lat i wiêcej;Szko³a Podstawowa im. Jana Paw³a II w M³ynkowie;Obie odpowiedzi s¹ poprawne.;s¹ normalne i potrzebne, poniewa¿ realizuj¹ szereg wa¿nych funkcji.;Przyjêcie odpowiedniej postawy cia³a lub wykonanie prostych ruchów.;Wdech odbywa siê przez usta, a wydech – przez nos.;Optymistyczne nastawienie do codziennoœci i koncentrowanie siê na pozytywnych aspektach w³asnego ¿ycia.
8.25.2025 9:03:32;Akceptujê;nauczycielem;21 lat i wiêcej;Szko³a Podstawowa im. Jana Paw³a II w M³ynkowie;Obie odpowiedzi s¹ poprawne.;mo¿na podzieliæ na dobre (pozytywne) i z³e (negatywne).;Przyjêcie odpowiedniej postawy cia³a lub wykonanie prostych ruchów.;Nie wiem;Optymistyczne nastawienie do codziennoœci i koncentrowanie siê na pozytywnych aspektach w³asnego ¿ycia.
8.25.2025 9:03:34;Akceptujê;nauczycielem;21 lat i wiêcej;Szko³a Podstawowa im. Jana Paw³a II w M³ynkowie;Obie odpowiedzi s¹ poprawne.;s¹ normalne i potrzebne, poniewa¿ realizuj¹ szereg wa¿nych funkcji.;Przyjêcie odpowiedniej postawy cia³a lub wykonanie prostych ruchów.;Wdech odbywa siê przez usta, a wydech – przez nos.;Codzienna troska o fizycznoœæ, opieraj¹ca siê na trzech g³ównych filarach: w³aœciwej diecie, odpowiedniej iloœci snu i ruchu.
8.25.2025 9:04:12;Akceptujê;nauczycielem;21 lat i wiêcej;Szko³a Podstawowa im. Jana Paw³a II w M³ynkowie;To reakcje, które pojawiaj¹ siê w odpowiedzi na subiektywnie wa¿n¹ dla danej osoby sytuacjê.;mo¿na podzieliæ na dobre (pozytywne) i z³e (negatywne).;Przyjêcie odpowiedniej postawy cia³a lub wykonanie prostych ruchów.;Wdech i wydech odbywaj¹ siê przez nos.;Codzienna troska o fizycznoœæ, opieraj¹ca siê na trzech g³ównych filarach: w³aœciwej diecie, odpowiedniej iloœci snu i ruchu.
8.25.2025 9:05:24;Akceptujê;nauczycielem;16-20 lat;Szko³a Podstawowa im. Jana Paw³a II w M³ynkowie;Obie odpowiedzi s¹ poprawne.;s¹ normalne i potrzebne, poniewa¿ realizuj¹ szereg wa¿nych funkcji.;Przyjêcie odpowiedniej postawy cia³a lub wykonanie prostych ruchów.;Wdech odbywa siê przez nos, a wydech – przez usta.;Codzienna troska o fizycznoœæ, opieraj¹ca siê na trzech g³ównych filarach: w³aœciwej diecie, odpowiedniej iloœci snu i ruchu.
8.25.2025 9:05:37;Akceptujê;nauczycielem;21 lat i wiêcej;Szko³a Podstawowa im. Jana Paw³a II w M³ynkowie;Obie odpowiedzi s¹ poprawne.;mo¿na podzieliæ na dobre (pozytywne) i z³e (negatywne).;Przyjêcie odpowiedniej postawy cia³a lub wykonanie prostych ruchów.;Wdech odbywa siê przez nos, a wydech – przez usta.;Optymistyczne nastawienie do codziennoœci i koncentrowanie siê na pozytywnych aspektach w³asnego ¿ycia.
8.25.2025 9:07:00;Akceptujê;nauczycielem;21 lat i wiêcej;Szko³a Podstawowa im. Jana Paw³a II w M³ynkowie;Obie odpowiedzi s¹ poprawne.;s¹ normalne i potrzebne, poniewa¿ realizuj¹ szereg wa¿nych funkcji.;Przyjêcie odpowiedniej postawy cia³a lub wykonanie prostych ruchów.;Wdech odbywa siê przez usta, a wydech – przez nos.;Codzienna troska o fizycznoœæ, opieraj¹ca siê na trzech g³ównych filarach: w³aœciwej diecie, odpowiedniej iloœci snu i ruchu.
8.25.2025 9:15:35;Akceptujê;nauczycielem;16-20 lat;Szko³a Podstawowa im. Jana Paw³a II w M³ynkowie;Obie odpowiedzi s¹ poprawne.;s¹ normalne i potrzebne, poniewa¿ realizuj¹ szereg wa¿nych funkcji.;Przyjêcie odpowiedniej postawy cia³a lub wykonanie prostych ruchów.;Wdech odbywa siê przez nos, a wydech – przez usta.;Codzienna troska o fizycznoœæ, opieraj¹ca siê na trzech g³ównych filarach: w³aœciwej diecie, odpowiedniej iloœci snu i ruchu.
8.27.2025 9:57:03;Akceptujê;nauczycielem;21 lat i wiêcej;Szko³a Podstawowa im. Wspólnej Europy w Zalesiu Górnym;Obie odpowiedzi s¹ poprawne.;s¹ normalne i potrzebne, poniewa¿ realizuj¹ szereg wa¿nych funkcji.;Przyjêcie odpowiedniej postawy cia³a lub wykonanie prostych ruchów.;Wdech i wydech odbywaj¹ siê przez nos.;Optymistyczne nastawienie do codziennoœci i koncentrowanie siê na pozytywnych aspektach w³asnego ¿ycia.
8.27.2025 9:58:06;Akceptujê;nauczycielem;6-10 lat;Szko³a Podstawowa im. Wspólnej Europy w Zalesiu Górnym;To reakcje, które pojawiaj¹ siê w odpowiedzi na subiektywnie wa¿n¹ dla danej osoby sytuacjê.;mo¿na podzieliæ na dobre (pozytywne) i z³e (negatywne).;Przyjêcie odpowiedniej postawy cia³a lub wykonanie prostych ruchów.;Wdech odbywa siê przez nos, a wydech – przez usta.;Optymistyczne nastawienie do codziennoœci i koncentrowanie siê na pozytywnych aspektach w³asnego ¿ycia.
8.27.2025 9:58:47;Akceptujê;nauczycielem;6-10 lat;Szko³a Podstawowa im. Wspólnej Europy w Zalesiu Górnym;Obie odpowiedzi s¹ poprawne.;s¹ normalne i potrzebne, poniewa¿ realizuj¹ szereg wa¿nych funkcji.;Nie wiem;Nie wiem;Codzienna troska o fizycznoœæ, opieraj¹ca siê na trzech g³ównych filarach: w³aœciwej diecie, odpowiedniej iloœci snu i ruchu.
8.27.2025 9:58:56;Akceptujê;nauczycielem;1-5 lat;Szko³a Podstawowa im. Wspólnej Europy w Zalesiu Górnym;Obie odpowiedzi s¹ poprawne.;s¹ normalne i potrzebne, poniewa¿ realizuj¹ szereg wa¿nych funkcji.;Przyjêcie odpowiedniej postawy cia³a lub wykonanie prostych ruchów.;Wdech odbywa siê przez nos, a wydech – przez usta.;Codzienna troska o fizycznoœæ, opieraj¹ca siê na trzech g³ównych filarach: w³aœciwej diecie, odpowiedniej iloœci snu i ruchu.
8.27.2025 9:58:57;Akceptujê;nauczycielem;1-5 lat;Szko³a Podstawowa im. Wspólnej Europy w Zalesiu Górnym;Obie odpowiedzi s¹ poprawne.;s¹ normalne i potrzebne, poniewa¿ realizuj¹ szereg wa¿nych funkcji.;Przyjêcie odpowiedniej postawy cia³a lub wykonanie prostych ruchów.;Wdech odbywa siê przez nos, a wydech – przez usta.;Codzienna troska o fizycznoœæ, opieraj¹ca siê na trzech g³ównych filarach: w³aœciwej diecie, odpowiedniej iloœci snu i ruchu.
8.27.2025 9:59:00;Akceptujê;nauczycielem;6-10 lat;Szko³a Podstawowa im. Wspólnej Europy w Zalesiu Górnym;Obie odpowiedzi s¹ poprawne.;s¹ normalne i potrzebne, poniewa¿ realizuj¹ szereg wa¿nych funkcji.;Przyjêcie odpowiedniej postawy cia³a lub wykonanie prostych ruchów.;Wdech odbywa siê przez nos, a wydech – przez usta.;Codzienna troska o fizycznoœæ, opieraj¹ca siê na trzech g³ównych filarach: w³aœciwej diecie, odpowiedniej iloœci snu i ruchu.
8.27.2025 9:59:49;Akceptujê;nauczycielem;21 lat i wiêcej;Szko³a Podstawowa im. Wspólnej Europy w Zalesiu Górnym;Obie odpowiedzi s¹ poprawne.;s¹ normalne i potrzebne, poniewa¿ realizuj¹ szereg wa¿nych funkcji.;Przyjêcie odpowiedniej postawy cia³a lub wykonanie prostych ruchów.;Wdech odbywa siê przez nos, a wydech – przez usta.;Codzienna troska o fizycznoœæ, opieraj¹ca siê na trzech g³ównych filarach: w³aœciwej diecie, odpowiedniej iloœci snu i ruchu.
8.27.2025 10:00:01;Akceptujê;nauczycielem;11-15 lat;Szko³a Podstawowa im. Wspólnej Europy w Zalesiu Górnym;Obie odpowiedzi s¹ poprawne.;s¹ normalne i potrzebne, poniewa¿ realizuj¹ szereg wa¿nych funkcji.;Przyjêcie odpowiedniej postawy cia³a lub wykonanie prostych ruchów.;Wdech odbywa siê przez nos, a wydech – przez usta.;Codzienna troska o fizycznoœæ, opieraj¹ca siê na trzech g³ównych filarach: w³aœciwej diecie, odpowiedniej iloœci snu i ruchu.
8.27.2025 10:00:08;Akceptujê;psychologiem;1-5 lat;Szko³a Podstawowa im. Wspólnej Europy w Zalesiu Górnym;Obie odpowiedzi s¹ poprawne.;s¹ normalne i potrzebne, poniewa¿ realizuj¹ szereg wa¿nych funkcji.;Przyjêcie odpowiedniej postawy cia³a lub wykonanie prostych ruchów.;Wdech odbywa siê przez nos, a wydech – przez usta.;Optymistyczne nastawienie do codziennoœci i koncentrowanie siê na pozytywnych aspektach w³asnego ¿ycia.
8.27.2025 10:00:28;Akceptujê;nauczycielem;11-15 lat;Szko³a Podstawowa im. Wspólnej Europy w Zalesiu Górnym;Obie odpowiedzi s¹ poprawne.;s¹ normalne i potrzebne, poniewa¿ realizuj¹ szereg wa¿nych funkcji.;Przyjêcie odpowiedniej postawy cia³a lub wykonanie prostych ruchów.;Wdech odbywa siê przez nos, a wydech – przez usta.;Codzienna troska o fizycznoœæ, opieraj¹ca siê na trzech g³ównych filarach: w³aœciwej diecie, odpowiedniej iloœci snu i ruchu.
8.27.2025 10:00:34;Akceptujê;nauczycielem;6-10 lat;Szko³a Podstawowa im. Wspólnej Europy w Zalesiu Górnym;Obie odpowiedzi s¹ poprawne.;s¹ normalne i potrzebne, poniewa¿ realizuj¹ szereg wa¿nych funkcji.;Przyjêcie odpowiedniej postawy cia³a lub wykonanie prostych ruchów.;Wdech odbywa siê przez nos, a wydech – przez usta.;Codzienna troska o fizycznoœæ, opieraj¹ca siê na trzech g³ównych filarach: w³aœciwej diecie, odpowiedniej iloœci snu i ruchu.
8.27.2025 10:01:03;Akceptujê;nauczycielem;11-15 lat;Szko³a Podstawowa im. Wspólnej Europy w Zalesiu Górnym;Obie odpowiedzi s¹ poprawne.;mo¿na podzieliæ na dobre (pozytywne) i z³e (negatywne).;Przyjêcie odpowiedniej postawy cia³a lub wykonanie prostych ruchów.;Wdech odbywa siê przez nos, a wydech – przez usta.;Optymistyczne nastawienie do codziennoœci i koncentrowanie siê na pozytywnych aspektach w³asnego ¿ycia.
8.27.2025 10:02:01;Akceptujê;nauczycielem;11-15 lat;Szko³a Podstawowa im. Wspólnej Europy w Zalesiu Górnym;Obie odpowiedzi s¹ poprawne.;mo¿na podzieliæ na dobre (pozytywne) i z³e (negatywne).;Przyjêcie odpowiedniej postawy cia³a lub wykonanie prostych ruchów.;Wdech i wydech odbywaj¹ siê przez nos.;Codzienna troska o fizycznoœæ, opieraj¹ca siê na trzech g³ównych filarach: w³aœciwej diecie, odpowiedniej iloœci snu i ruchu.
8.27.2025 10:02:28;Akceptujê;nauczycielem;21 lat i wiêcej;Szko³a Podstawowa im. Wspólnej Europy w Zalesiu Górnym;Obie odpowiedzi s¹ poprawne.;mo¿na podzieliæ na dobre (pozytywne) i z³e (negatywne).;Przyjêcie odpowiedniej postawy cia³a lub wykonanie prostych ruchów.;Wdech odbywa siê przez nos, a wydech – przez usta.;Optymistyczne nastawienie do codziennoœci i koncentrowanie siê na pozytywnych aspektach w³asnego ¿ycia.
8.27.2025 10:02:40;Akceptujê;pedagogiem;21 lat i wiêcej;Szko³a Podstawowa im. Wspólnej Europy w Zalesiu Górnym;Obie odpowiedzi s¹ poprawne.;s¹ normalne i potrzebne, poniewa¿ realizuj¹ szereg wa¿nych funkcji.;Przyjêcie odpowiedniej postawy cia³a lub wykonanie prostych ruchów.;Wdech odbywa siê przez nos, a wydech – przez usta.;Codzienna troska o fizycznoœæ, opieraj¹ca siê na trzech g³ównych filarach: w³aœciwej diecie, odpowiedniej iloœci snu i ruchu.
8.27.2025 10:02:51;Akceptujê;nauczycielem;21 lat i wiêcej;Szko³a Podstawowa im. Wspólnej Europy w Zalesiu Górnym;Obie odpowiedzi s¹ poprawne.;s¹ normalne i potrzebne, poniewa¿ realizuj¹ szereg wa¿nych funkcji.;Przyjêcie odpowiedniej postawy cia³a lub wykonanie prostych ruchów.;Wdech odbywa siê przez nos, a wydech – przez usta.;Codzienna troska o fizycznoœæ, opieraj¹ca siê na trzech g³ównych filarach: w³aœciwej diecie, odpowiedniej iloœci snu i ruchu.
8.27.2025 10:02:56;Akceptujê;nauczycielem;16-20 lat;Szko³a Podstawowa im. Wspólnej Europy w Zalesiu Górnym;Obie odpowiedzi s¹ poprawne.;s¹ normalne i potrzebne, poniewa¿ realizuj¹ szereg wa¿nych funkcji.;Przyjêcie odpowiedniej postawy cia³a lub wykonanie prostych ruchów.;Wdech odbywa siê przez nos, a wydech – przez usta.;Optymistyczne nastawienie do codziennoœci i koncentrowanie siê na pozytywnych aspektach w³asnego ¿ycia.
8.27.2025 10:03:04;Akceptujê;nauczycielem;21 lat i wiêcej;Szko³a Podstawowa im. Wspólnej Europy w Zalesiu Górnym;Obie odpowiedzi s¹ poprawne.;s¹ normalne i potrzebne, poniewa¿ realizuj¹ szereg wa¿nych funkcji.;Zjedzenie czegoœ s³odkiego.;Wdech odbywa siê przez nos, a wydech – przez usta.;Codzienna troska o fizycznoœæ, opieraj¹ca siê na trzech g³ównych filarach: w³aœciwej diecie, odpowiedniej iloœci snu i ruchu.
8.27.2025 10:03:12;Akceptujê;nauczycielem;6-10 lat;Szko³a Podstawowa im. Wspólnej Europy w Zalesiu Górnym;Obie odpowiedzi s¹ poprawne.;s¹ normalne i potrzebne, poniewa¿ realizuj¹ szereg wa¿nych funkcji.;Przyjêcie odpowiedniej postawy cia³a lub wykonanie prostych ruchów.;Wdech odbywa siê przez nos, a wydech – przez usta.;Codzienna troska o fizycznoœæ, opieraj¹ca siê na trzech g³ównych filarach: w³aœciwej diecie, odpowiedniej iloœci snu i ruchu.
8.27.2025 10:03:22;Akceptujê;nauczycielem;21 lat i wiêcej;Szko³a Podstawowa im. Wspólnej Europy w Zalesiu Górnym;Obie odpowiedzi s¹ poprawne.;mo¿na podzieliæ na dobre (pozytywne) i z³e (negatywne).;Przyjêcie odpowiedniej postawy cia³a lub wykonanie prostych ruchów.;Wdech i wydech odbywaj¹ siê przez nos.;Codzienna troska o fizycznoœæ, opieraj¹ca siê na trzech g³ównych filarach: w³aœciwej diecie, odpowiedniej iloœci snu i ruchu.
8.27.2025 10:03:58;Akceptujê;nauczycielem;21 lat i wiêcej;Szko³a Podstawowa im. Wspólnej Europy w Zalesiu Górnym;Obie odpowiedzi s¹ poprawne.;s¹ normalne i potrzebne, poniewa¿ realizuj¹ szereg wa¿nych funkcji.;Przyjêcie odpowiedniej postawy cia³a lub wykonanie prostych ruchów.;Wdech odbywa siê przez nos, a wydech – przez usta.;Codzienna troska o fizycznoœæ, opieraj¹ca siê na trzech g³ównych filarach: w³aœciwej diecie, odpowiedniej iloœci snu i ruchu.
8.27.2025 10:04:27;Akceptujê;nauczycielem;21 lat i wiêcej;Szko³a Podstawowa im. Wspólnej Europy w Zalesiu Górnym;Obie odpowiedzi s¹ poprawne.;mo¿na podzieliæ na dobre (pozytywne) i z³e (negatywne).;Przyjêcie odpowiedniej postawy cia³a lub wykonanie prostych ruchów.;Nie wiem;Codzienna troska o fizycznoœæ, opieraj¹ca siê na trzech g³ównych filarach: w³aœciwej diecie, odpowiedniej iloœci snu i ruchu.
8.27.2025 10:04:59;Akceptujê;nauczycielem;21 lat i wiêcej;Szko³a Podstawowa im. Wspólnej Europy w Zalesiu Górnym;Obie odpowiedzi s¹ poprawne.;s¹ normalne i potrzebne, poniewa¿ realizuj¹ szereg wa¿nych funkcji.;Przyjêcie odpowiedniej postawy cia³a lub wykonanie prostych ruchów.;Wdech i wydech odbywaj¹ siê przez nos.;Optymistyczne nastawienie do codziennoœci i koncentrowanie siê na pozytywnych aspektach w³asnego ¿ycia.
8.27.2025 10:05:02;Akceptujê;nauczycielem;mniej ni¿ rok;Szko³a Podstawowa im. Wspólnej Europy w Zalesiu Górnym;Obie odpowiedzi s¹ poprawne.;s¹ normalne i potrzebne, poniewa¿ realizuj¹ szereg wa¿nych funkcji.;Przyjêcie odpowiedniej postawy cia³a lub wykonanie prostych ruchów.;Wdech odbywa siê przez nos, a wydech – przez usta.;Codzienna troska o fizycznoœæ, opieraj¹ca siê na trzech g³ównych filarach: w³aœciwej diecie, odpowiedniej iloœci snu i ruchu.
8.27.2025 10:05:03;Akceptujê;nauczycielem;11-15 lat;Szko³a Podstawowa im. Wspólnej Europy w Zalesiu Górnym;Obie odpowiedzi s¹ poprawne.;s¹ normalne i potrzebne, poniewa¿ realizuj¹ szereg wa¿nych funkcji.;Przyjêcie odpowiedniej postawy cia³a lub wykonanie prostych ruchów.;Wdech odbywa siê przez nos, a wydech – przez usta.;Optymistyczne nastawienie do codziennoœci i koncentrowanie siê na pozytywnych aspektach w³asnego ¿ycia.
8.27.2025 10:05:17;Akceptujê;nauczycielem;21 lat i wiêcej;Szko³a Podstawowa im. Wspólnej Europy w Zalesiu Górnym;Obie odpowiedzi s¹ poprawne.;s¹ normalne i potrzebne, poniewa¿ realizuj¹ szereg wa¿nych funkcji.;Przyjêcie odpowiedniej postawy cia³a lub wykonanie prostych ruchów.;Wdech odbywa siê przez nos, a wydech – przez usta.;Codzienna troska o fizycznoœæ, opieraj¹ca siê na trzech g³ównych filarach: w³aœciwej diecie, odpowiedniej iloœci snu i ruchu.
8.27.2025 10:05:32;Akceptujê;dyrektorem/wicedyrektorem;21 lat i wiêcej;Szko³a Podstawowa im. Wspólnej Europy w Zalesiu Górnym;To reakcje, które pojawiaj¹ siê w odpowiedzi na subiektywnie wa¿n¹ dla danej osoby sytuacjê.;mo¿na podzieliæ na dobre (pozytywne) i z³e (negatywne).;Nie wiem;Nie wiem;Optymistyczne nastawienie do codziennoœci i koncentrowanie siê na pozytywnych aspektach w³asnego ¿ycia.
8.27.2025 10:06:01;Akceptujê;nauczycielem;11-15 lat;Szko³a Podstawowa im. Wspólnej Europy w Zalesiu Górnym;Obie odpowiedzi s¹ poprawne.;s¹ normalne i potrzebne, poniewa¿ realizuj¹ szereg wa¿nych funkcji.;Przyjêcie odpowiedniej postawy cia³a lub wykonanie prostych ruchów.;Wdech odbywa siê przez nos, a wydech – przez usta.;Codzienna troska o fizycznoœæ, opieraj¹ca siê na trzech g³ównych filarach: w³aœciwej diecie, odpowiedniej iloœci snu i ruchu.
8.27.2025 10:06:05;Akceptujê;nauczycielem;1-5 lat;Szko³a Podstawowa im. Wspólnej Europy w Zalesiu Górnym;Obie odpowiedzi s¹ poprawne.;s¹ normalne i potrzebne, poniewa¿ realizuj¹ szereg wa¿nych funkcji.;Przyjêcie odpowiedniej postawy cia³a lub wykonanie prostych ruchów.;Wdech odbywa siê przez nos, a wydech – przez usta.;Optymistyczne nastawienie do codziennoœci i koncentrowanie siê na pozytywnych aspektach w³asnego ¿ycia.
8.27.2025 10:06:06;Akceptujê;nauczycielem;1-5 lat;Szko³a Podstawowa im. Wspólnej Europy w Zalesiu Górnym;To reakcje, które pojawiaj¹ siê w odpowiedzi na subiektywnie wa¿n¹ dla danej osoby sytuacjê.;s¹ normalne i potrzebne, poniewa¿ realizuj¹ szereg wa¿nych funkcji.;Przyjêcie odpowiedniej postawy cia³a lub wykonanie prostych ruchów.;Nie wiem;Codzienna troska o fizycznoœæ, opieraj¹ca siê na trzech g³ównych filarach: w³aœciwej diecie, odpowiedniej iloœci snu i ruchu.
8.27.2025 10:06:07;Akceptujê;nauczycielem;21 lat i wiêcej;Szko³a Podstawowa im. Wspólnej Europy w Zalesiu Górnym;Obie odpowiedzi s¹ poprawne.;s¹ normalne i potrzebne, poniewa¿ realizuj¹ szereg wa¿nych funkcji.;Przyjêcie odpowiedniej postawy cia³a lub wykonanie prostych ruchów.;Wdech odbywa siê przez nos, a wydech – przez usta.;Codzienna troska o fizycznoœæ, opieraj¹ca siê na trzech g³ównych filarach: w³aœciwej diecie, odpowiedniej iloœci snu i ruchu.
8.27.2025 10:06:18;Akceptujê;nauczycielem;1-5 lat;Szko³a Podstawowa im. Wspólnej Europy w Zalesiu Górnym;Obie odpowiedzi s¹ poprawne.;mo¿na podzieliæ na dobre (pozytywne) i z³e (negatywne).;Przyjêcie odpowiedniej postawy cia³a lub wykonanie prostych ruchów.;Wdech odbywa siê przez nos, a wydech – przez usta.;Codzienna troska o fizycznoœæ, opieraj¹ca siê na trzech g³ównych filarach: w³aœciwej diecie, odpowiedniej iloœci snu i ruchu.
8.27.2025 10:06:20;Akceptujê;nauczycielem;1-5 lat;Szko³a Podstawowa im. Wspólnej Europy w Zalesiu Górnym;Obie odpowiedzi s¹ poprawne.;mo¿na podzieliæ na dobre (pozytywne) i z³e (negatywne).;Przyjêcie odpowiedniej postawy cia³a lub wykonanie prostych ruchów.;Wdech odbywa siê przez nos, a wydech – przez usta.;Optymistyczne nastawienie do codziennoœci i koncentrowanie siê na pozytywnych aspektach w³asnego ¿ycia.
8.27.2025 10:06:23;Akceptujê;nauczycielem;6-10 lat;Szko³a Podstawowa im. Wspólnej Europy w Zalesiu Górnym;To reakcje, które pojawiaj¹ siê w odpowiedzi na subiektywnie wa¿n¹ dla danej osoby sytuacjê.;s¹ normalne i potrzebne, poniewa¿ realizuj¹ szereg wa¿nych funkcji.;Przyjêcie odpowiedniej postawy cia³a lub wykonanie prostych ruchów.;Wdech odbywa siê przez nos, a wydech – przez usta.;Codzienna troska o fizycznoœæ, opieraj¹ca siê na trzech g³ównych filarach: w³aœciwej diecie, odpowiedniej iloœci snu i ruchu.
8.27.2025 10:06:31;Akceptujê;nauczycielem;6-10 lat;Szko³a Podstawowa im. Wspólnej Europy w Zalesiu Górnym;Obie odpowiedzi s¹ poprawne.;s¹ normalne i potrzebne, poniewa¿ realizuj¹ szereg wa¿nych funkcji.;Przyjêcie odpowiedniej postawy cia³a lub wykonanie prostych ruchów.;Wdech odbywa siê przez nos, a wydech – przez usta.;Codzienna troska o fizycznoœæ, opieraj¹ca siê na trzech g³ównych filarach: w³aœciwej diecie, odpowiedniej iloœci snu i ruchu.
8.27.2025 10:07:05;Akceptujê;nauczycielem;21 lat i wiêcej;Szko³a Podstawowa im. Wspólnej Europy w Zalesiu Górnym;Obie odpowiedzi s¹ poprawne.;s¹ normalne i potrzebne, poniewa¿ realizuj¹ szereg wa¿nych funkcji.;Przyjêcie odpowiedniej postawy cia³a lub wykonanie prostych ruchów.;Wdech odbywa siê przez usta, a wydech – przez nos.;Optymistyczne nastawienie do codziennoœci i koncentrowanie siê na pozytywnych aspektach w³asnego ¿ycia.
8.27.2025 10:07:10;Akceptujê;pedagogiem;21 lat i wiêcej;Szko³a Podstawowa im. Wspólnej Europy w Zalesiu Górnym;Obie odpowiedzi s¹ poprawne.;s¹ normalne i potrzebne, poniewa¿ realizuj¹ szereg wa¿nych funkcji.;Przyjêcie odpowiedniej postawy cia³a lub wykonanie prostych ruchów.;Wdech odbywa siê przez nos, a wydech – przez usta.;Codzienna troska o fizycznoœæ, opieraj¹ca siê na trzech g³ównych filarach: w³aœciwej diecie, odpowiedniej iloœci snu i ruchu.
8.27.2025 10:07:26;Akceptujê;nauczycielem;6-10 lat;Szko³a Podstawowa im. Wspólnej Europy w Zalesiu Górnym;Obie odpowiedzi s¹ poprawne.;s¹ normalne i potrzebne, poniewa¿ realizuj¹ szereg wa¿nych funkcji.;Przyjêcie odpowiedniej postawy cia³a lub wykonanie prostych ruchów.;Wdech odbywa siê przez nos, a wydech – przez usta.;Codzienna troska o fizycznoœæ, opieraj¹ca siê na trzech g³ównych filarach: w³aœciwej diecie, odpowiedniej iloœci snu i ruchu.
8.27.2025 10:07:45;Akceptujê;nauczycielem;16-20 lat;Szko³a Podstawowa im. Wspólnej Europy w Zalesiu Górnym;Obie odpowiedzi s¹ poprawne.;s¹ normalne i potrzebne, poniewa¿ realizuj¹ szereg wa¿nych funkcji.;Przyjêcie odpowiedniej postawy cia³a lub wykonanie prostych ruchów.;Wdech odbywa siê przez nos, a wydech – przez usta.;Optymistyczne nastawienie do codziennoœci i koncentrowanie siê na pozytywnych aspektach w³asnego ¿ycia.
8.27.2025 10:07:51;Akceptujê;nauczycielem;21 lat i wiêcej;Szko³a Podstawowa im. Wspólnej Europy w Zalesiu Górnym;To reakcje, które pojawiaj¹ siê w odpowiedzi na subiektywnie wa¿n¹ dla danej osoby sytuacjê.;mo¿na podzieliæ na dobre (pozytywne) i z³e (negatywne).;Nie wiem;Wdech odbywa siê przez nos, a wydech – przez usta.;Codzienna troska o fizycznoœæ, opieraj¹ca siê na trzech g³ównych filarach: w³aœciwej diecie, odpowiedniej iloœci snu i ruchu.
8.27.2025 10:08:25;Akceptujê;nauczycielem;21 lat i wiêcej;Szko³a Podstawowa im. Wspólnej Europy w Zalesiu Górnym;Obie odpowiedzi s¹ poprawne.;s¹ normalne i potrzebne, poniewa¿ realizuj¹ szereg wa¿nych funkcji.;Przyjêcie odpowiedniej postawy cia³a lub wykonanie prostych ruchów.;Wdech odbywa siê przez nos, a wydech – przez usta.;Codzienna troska o fizycznoœæ, opieraj¹ca siê na trzech g³ównych filarach: w³aœciwej diecie, odpowiedniej iloœci snu i ruchu.
8.27.2025 10:08:30;Akceptujê;nauczycielem;1-5 lat;Szko³a Podstawowa im. Wspólnej Europy w Zalesiu Górnym;Obie odpowiedzi s¹ poprawne.;s¹ normalne i potrzebne, poniewa¿ realizuj¹ szereg wa¿nych funkcji.;Przyjêcie odpowiedniej postawy cia³a lub wykonanie prostych ruchów.;Wdech odbywa siê przez nos, a wydech – przez usta.;Codzienna troska o fizycznoœæ, opieraj¹ca siê na trzech g³ównych filarach: w³aœciwej diecie, odpowiedniej iloœci snu i ruchu.
8.27.2025 10:09:08;Akceptujê;nauczycielem;11-15 lat;Szko³a Podstawowa im. Wspólnej Europy w Zalesiu Górnym;To reakcje, które pojawiaj¹ siê w odpowiedzi na subiektywnie wa¿n¹ dla danej osoby sytuacjê.;s¹ normalne i potrzebne, poniewa¿ realizuj¹ szereg wa¿nych funkcji.;Przyjêcie odpowiedniej postawy cia³a lub wykonanie prostych ruchów.;Wdech odbywa siê przez nos, a wydech – przez usta.;Codzienna troska o fizycznoœæ, opieraj¹ca siê na trzech g³ównych filarach: w³aœciwej diecie, odpowiedniej iloœci snu i ruchu.
8.27.2025 10:09:16;Akceptujê;nauczycielem;11-15 lat;Szko³a Podstawowa im. Wspólnej Europy w Zalesiu Górnym;Obie odpowiedzi s¹ poprawne.;s¹ normalne i potrzebne, poniewa¿ realizuj¹ szereg wa¿nych funkcji.;Przyjêcie odpowiedniej postawy cia³a lub wykonanie prostych ruchów.;Wdech odbywa siê przez nos, a wydech – przez usta.;Codzienna troska o fizycznoœæ, opieraj¹ca siê na trzech g³ównych filarach: w³aœciwej diecie, odpowiedniej iloœci snu i ruchu.
8.27.2025 10:10:11;Akceptujê;nauczycielem;1-5 lat;Szko³a Podstawowa im. Wspólnej Europy w Zalesiu Górnym;Obie odpowiedzi s¹ poprawne.;s¹ normalne i potrzebne, poniewa¿ realizuj¹ szereg wa¿nych funkcji.;Przyjêcie odpowiedniej postawy cia³a lub wykonanie prostych ruchów.;Wdech odbywa siê przez nos, a wydech – przez usta.;Codzienna troska o fizycznoœæ, opieraj¹ca siê na trzech g³ównych filarach: w³aœciwej diecie, odpowiedniej iloœci snu i ruchu.
8.27.2025 10:10:25;Akceptujê;nauczycielem;21 lat i wiêcej;Szko³a Podstawowa im. Wspólnej Europy w Zalesiu Górnym;Obie odpowiedzi s¹ poprawne.;s¹ normalne i potrzebne, poniewa¿ realizuj¹ szereg wa¿nych funkcji.;Przyjêcie odpowiedniej postawy cia³a lub wykonanie prostych ruchów.;Wdech odbywa siê przez usta, a wydech – przez nos.;Optymistyczne nastawienie do codziennoœci i koncentrowanie siê na pozytywnych aspektach w³asnego ¿ycia.
8.27.2025 10:10:43;Akceptujê;pedagogiem;21 lat i wiêcej;Szko³a Podstawowa im. Wspólnej Europy w Zalesiu Górnym;Obie odpowiedzi s¹ poprawne.;s¹ normalne i potrzebne, poniewa¿ realizuj¹ szereg wa¿nych funkcji.;Przyjêcie odpowiedniej postawy cia³a lub wykonanie prostych ruchów.;Wdech odbywa siê przez nos, a wydech – przez usta.;Codzienna troska o fizycznoœæ, opieraj¹ca siê na trzech g³ównych filarach: w³aœciwej diecie, odpowiedniej iloœci snu i ruchu.
8.27.2025 10:11:50;Akceptujê;nauczycielem;1-5 lat;Szko³a Podstawowa im. Wspólnej Europy w Zalesiu Górnym;Obie odpowiedzi s¹ poprawne.;s¹ normalne i potrzebne, poniewa¿ realizuj¹ szereg wa¿nych funkcji.;Przyjêcie odpowiedniej postawy cia³a lub wykonanie prostych ruchów.;Wdech odbywa siê przez nos, a wydech – przez usta.;Codzienna troska o fizycznoœæ, opieraj¹ca siê na trzech g³ównych filarach: w³aœciwej diecie, odpowiedniej iloœci snu i ruchu.
8.27.2025 10:12:25;Akceptujê;nauczycielem;11-15 lat;Szko³a Podstawowa im. Wspólnej Europy w Zalesiu Górnym;Obie odpowiedzi s¹ poprawne.;s¹ normalne i potrzebne, poniewa¿ realizuj¹ szereg wa¿nych funkcji.;Przyjêcie odpowiedniej postawy cia³a lub wykonanie prostych ruchów.;Wdech odbywa siê przez nos, a wydech – przez usta.;Codzienna troska o fizycznoœæ, opieraj¹ca siê na trzech g³ównych filarach: w³aœciwej diecie, odpowiedniej iloœci snu i ruchu.
8.27.2025 10:12:30;Akceptujê;nauczycielem;21 lat i wiêcej;Szko³a Podstawowa im. Wspólnej Europy w Zalesiu Górnym;Obie odpowiedzi s¹ poprawne.;s¹ normalne i potrzebne, poniewa¿ realizuj¹ szereg wa¿nych funkcji.;Przyjêcie odpowiedniej postawy cia³a lub wykonanie prostych ruchów.;Wdech odbywa siê przez nos, a wydech – przez usta.;Optymistyczne nastawienie do codziennoœci i koncentrowanie siê na pozytywnych aspektach w³asnego ¿ycia.
8.27.2025 10:13:44;Akceptujê;nauczycielem;21 lat i wiêcej;Szko³a Podstawowa im. Wspólnej Europy w Zalesiu Górnym;To reakcje, które pojawiaj¹ siê w odpowiedzi na subiektywnie wa¿n¹ dla danej osoby sytuacjê.;s¹ normalne i potrzebne, poniewa¿ realizuj¹ szereg wa¿nych funkcji.;Przyjêcie odpowiedniej postawy cia³a lub wykonanie prostych ruchów.;Wdech i wydech odbywaj¹ siê przez nos.;Codzienna troska o fizycznoœæ, opieraj¹ca siê na trzech g³ównych filarach: w³aœciwej diecie, odpowiedniej iloœci snu i ruchu.
8.27.2025 10:14:46;Akceptujê;nauczycielem;11-15 lat;Szko³a Podstawowa im. Wspólnej Europy w Zalesiu Górnym;Obie odpowiedzi s¹ poprawne.;s¹ normalne i potrzebne, poniewa¿ realizuj¹ szereg wa¿nych funkcji.;Przyjêcie odpowiedniej postawy cia³a lub wykonanie prostych ruchów.;Wdech odbywa siê przez nos, a wydech – przez usta.;Codzienna troska o fizycznoœæ, opieraj¹ca siê na trzech g³ównych filarach: w³aœciwej diecie, odpowiedniej iloœci snu i ruchu.
8.27.2025 10:15:31;Akceptujê;nauczycielem;6-10 lat;Szko³a Podstawowa im. Wspólnej Europy w Zalesiu Górnym;Obie odpowiedzi s¹ poprawne.;s¹ normalne i potrzebne, poniewa¿ realizuj¹ szereg wa¿nych funkcji.;Przyjêcie odpowiedniej postawy cia³a lub wykonanie prostych ruchów.;Wdech odbywa siê przez nos, a wydech – przez usta.;Optymistyczne nastawienie do codziennoœci i koncentrowanie siê na pozytywnych aspektach w³asnego ¿ycia.
8.27.2025 10:16:07;Akceptujê;nauczycielem;16-20 lat;Szko³a Podstawowa im. Wspólnej Europy w Zalesiu Górnym;Obie odpowiedzi s¹ poprawne.;mo¿na podzieliæ na dobre (pozytywne) i z³e (negatywne).;Przyjêcie odpowiedniej postawy cia³a lub wykonanie prostych ruchów.;Wdech odbywa siê przez nos, a wydech – przez usta.;Optymistyczne nastawienie do codziennoœci i koncentrowanie siê na pozytywnych aspektach w³asnego ¿ycia.
8.27.2025 10:17:36;Akceptujê;nauczycielem;21 lat i wiêcej;Szko³a Podstawowa im. Wspólnej Europy w Zalesiu Górnym;Obie odpowiedzi s¹ poprawne.;mo¿na podzieliæ na dobre (pozytywne) i z³e (negatywne).;Przyjêcie odpowiedniej postawy cia³a lub wykonanie prostych ruchów.;Wdech odbywa siê przez nos, a wydech – przez usta.;Optymistyczne nastawienie do codziennoœci i koncentrowanie siê na pozytywnych aspektach w³asnego ¿ycia.
8.27.2025 10:24:59;Akceptujê;nauczycielem;6-10 lat;Szko³a Podstawowa im. Wspólnej Europy w Zalesiu Górnym;Obie odpowiedzi s¹ poprawne.;mo¿na podzieliæ na dobre (pozytywne) i z³e (negatywne).;Przyjêcie odpowiedniej postawy cia³a lub wykonanie prostych ruchów.;Wdech odbywa siê przez nos, a wydech – przez usta.;Nie wiem
8.27.2025 10:27:39;Akceptujê;nauczycielem;21 lat i wiêcej;Szko³a Podstawowa im. Wspólnej Europy w Zalesiu Górnym;Obie odpowiedzi s¹ poprawne.;mo¿na podzieliæ na dobre (pozytywne) i z³e (negatywne).;Przyjêcie odpowiedniej postawy cia³a lub wykonanie prostych ruchów.;Wdech odbywa siê przez nos, a wydech – przez usta.;Optymistyczne nastawienie do codziennoœci i koncentrowanie siê na pozytywnych aspektach w³asnego ¿ycia.
8.27.2025 10:32:38;Akceptujê;psychologiem;1-5 lat;Szko³a Podstawowa im. Wspólnej Europy w Zalesiu Górnym;Obie odpowiedzi s¹ poprawne.;s¹ normalne i potrzebne, poniewa¿ realizuj¹ szereg wa¿nych funkcji.;Przyjêcie odpowiedniej postawy cia³a lub wykonanie prostych ruchów.;Wdech odbywa siê przez nos, a wydech – przez usta.;Optymistyczne nastawienie do codziennoœci i koncentrowanie siê na pozytywnych aspektach w³asnego ¿ycia.
8.27.2025 10:34:56;Akceptujê;nauczycielem;21 lat i wiêcej;Szko³a Podstawowa im. Wspólnej Europy w Zalesiu Górnym;Obie odpowiedzi s¹ poprawne.;mo¿na podzieliæ na dobre (pozytywne) i z³e (negatywne).;Przyjêcie odpowiedniej postawy cia³a lub wykonanie prostych ruchów.;Wdech odbywa siê przez nos, a wydech – przez usta.;Optymistyczne nastawienie do codziennoœci i koncentrowanie siê na pozytywnych aspektach w³asnego ¿ycia.
8.27.2025 10:54:01;Akceptujê;nauczycielem;21 lat i wiêcej;Szko³a Podstawowa im. Wspólnej Europy w Zalesiu Górnym;Uruchamiaj¹ ca³y zespó³ zmian w ciele, w sposobie myœlenia i zachowaniu cz³owieka.;s¹ normalne i potrzebne, poniewa¿ realizuj¹ szereg wa¿nych funkcji.;Przyjêcie odpowiedniej postawy cia³a lub wykonanie prostych ruchów.;Wdech odbywa siê przez nos, a wydech – przez usta.;Optymistyczne nastawienie do codziennoœci i koncentrowanie siê na pozytywnych aspektach w³asnego ¿ycia.
8.27.2025 11:19:34;Akceptujê;pedagogiem;11-15 lat;Szko³a Podstawowa im. Wspólnej Europy w Zalesiu Górnym;Obie odpowiedzi s¹ poprawne.;mo¿na podzieliæ na dobre (pozytywne) i z³e (negatywne).;Przyjêcie odpowiedniej postawy cia³a lub wykonanie prostych ruchów.;Wdech odbywa siê przez nos, a wydech – przez usta.;Optymistyczne nastawienie do codziennoœci i koncentrowanie siê na pozytywnych aspektach w³asnego ¿ycia.
8.27.2025 13:15:36;Akceptujê;nauczycielem;1-5 lat;Szko³a Podstawowa im. Wspólnej Europy w Zalesiu Górnym;Obie odpowiedzi s¹ poprawne.;s¹ normalne i potrzebne, poniewa¿ realizuj¹ szereg wa¿nych funkcji.;Przyjêcie odpowiedniej postawy cia³a lub wykonanie prostych ruchów.;Wdech odbywa siê przez nos, a wydech – przez usta.;Codzienna troska o fizycznoœæ, opieraj¹ca siê na trzech g³ównych filarach: w³aœciwej diecie, odpowiedniej iloœci snu i ruchu.
9.8.2025 15:43:43;Akceptujê;psychologiem;11-15 lat;Szko³a Podstawowa nr 6 im Ludwika Waryñskiego w S³upsku;Uruchamiaj¹ ca³y zespó³ zmian w ciele, w sposobie myœlenia i zachowaniu cz³owieka.;s¹ normalne i potrzebne, poniewa¿ realizuj¹ szereg wa¿nych funkcji.;Przyjêcie odpowiedniej postawy cia³a lub wykonanie prostych ruchów.;Wdech odbywa siê przez nos, a wydech – przez usta.;Codzienna troska o fizycznoœæ, opieraj¹ca siê na trzech g³ównych filarach: w³aœciwej diecie, odpowiedniej iloœci snu i ruchu.
9.8.2025 15:44:18;Akceptujê;nauczycielem;21 lat i wiêcej;Szko³a Podstawowa nr 6 im Ludwika Waryñskiego w S³upsku;Obie odpowiedzi s¹ poprawne.;s¹ normalne i potrzebne, poniewa¿ realizuj¹ szereg wa¿nych funkcji.;Przyjêcie odpowiedniej postawy cia³a lub wykonanie prostych ruchów.;Wdech odbywa siê przez nos, a wydech – przez usta.;Codzienna troska o fizycznoœæ, opieraj¹ca siê na trzech g³ównych filarach: w³aœciwej diecie, odpowiedniej iloœci snu i ruchu.
9.8.2025 15:44:45;Akceptujê;nauczycielem;21 lat i wiêcej;Szko³a Podstawowa nr 6 im Ludwika Waryñskiego w S³upsku;Obie odpowiedzi s¹ poprawne.;s¹ normalne i potrzebne, poniewa¿ realizuj¹ szereg wa¿nych funkcji.;Przyjêcie odpowiedniej postawy cia³a lub wykonanie prostych ruchów.;Wdech odbywa siê przez nos, a wydech – przez usta.;Codzienna troska o fizycznoœæ, opieraj¹ca siê na trzech g³ównych filarach: w³aœciwej diecie, odpowiedniej iloœci snu i ruchu.
9.8.2025 15:44:47;Akceptujê;nauczycielem;16-20 lat;Szko³a Podstawowa nr 6 im Ludwika Waryñskiego w S³upsku;Obie odpowiedzi s¹ poprawne.;mo¿na podzieliæ na dobre (pozytywne) i z³e (negatywne).;Przyjêcie odpowiedniej postawy cia³a lub wykonanie prostych ruchów.;Wdech odbywa siê przez nos, a wydech – przez usta.;Codzienna troska o fizycznoœæ, opieraj¹ca siê na trzech g³ównych filarach: w³aœciwej diecie, odpowiedniej iloœci snu i ruchu.
9.8.2025 15:44:52;Akceptujê;pielêgniark¹;21 lat i wiêcej;Szko³a Podstawowa nr 6 im Ludwika Waryñskiego w S³upsku;Obie odpowiedzi s¹ poprawne.;s¹ normalne i potrzebne, poniewa¿ realizuj¹ szereg wa¿nych funkcji.;Przyjêcie odpowiedniej postawy cia³a lub wykonanie prostych ruchów.;Wdech odbywa siê przez nos, a wydech – przez usta.;Optymistyczne nastawienie do codziennoœci i koncentrowanie siê na pozytywnych aspektach w³asnego ¿ycia.
9.8.2025 15:45:31;Akceptujê;nauczycielem;21 lat i wiêcej;Szko³a Podstawowa nr 6 im Ludwika Waryñskiego w S³upsku;Obie odpowiedzi s¹ poprawne.;s¹ normalne i potrzebne, poniewa¿ realizuj¹ szereg wa¿nych funkcji.;Przyjêcie odpowiedniej postawy cia³a lub wykonanie prostych ruchów.;Wdech odbywa siê przez nos, a wydech – przez usta.;Codzienna troska o fizycznoœæ, opieraj¹ca siê na trzech g³ównych filarach: w³aœciwej diecie, odpowiedniej iloœci snu i ruchu.
9.8.2025 15:45:35;Akceptujê;pedagogiem;11-15 lat;Szko³a Podstawowa nr 6 im Ludwika Waryñskiego w S³upsku;Obie odpowiedzi s¹ poprawne.;s¹ normalne i potrzebne, poniewa¿ realizuj¹ szereg wa¿nych funkcji.;Przyjêcie odpowiedniej postawy cia³a lub wykonanie prostych ruchów.;Wdech odbywa siê przez nos, a wydech – przez usta.;Codzienna troska o fizycznoœæ, opieraj¹ca siê na trzech g³ównych filarach: w³aœciwej diecie, odpowiedniej iloœci snu i ruchu.
9.8.2025 15:46:05;Akceptujê;nauczycielem;21 lat i wiêcej;Szko³a Podstawowa nr 6 im Ludwika Waryñskiego w S³upsku;Obie odpowiedzi s¹ poprawne.;mo¿na podzieliæ na dobre (pozytywne) i z³e (negatywne).;Przyjêcie odpowiedniej postawy cia³a lub wykonanie prostych ruchów.;Wdech odbywa siê przez nos, a wydech – przez usta.;Optymistyczne nastawienie do codziennoœci i koncentrowanie siê na pozytywnych aspektach w³asnego ¿ycia.
9.8.2025 15:46:17;Akceptujê;nauczycielem;21 lat i wiêcej;Szko³a Podstawowa nr 6 im Ludwika Waryñskiego w S³upsku;Obie odpowiedzi s¹ poprawne.;s¹ normalne i potrzebne, poniewa¿ realizuj¹ szereg wa¿nych funkcji.;Przyjêcie odpowiedniej postawy cia³a lub wykonanie prostych ruchów.;Wdech odbywa siê przez nos, a wydech – przez usta.;Codzienna troska o fizycznoœæ, opieraj¹ca siê na trzech g³ównych filarach: w³aœciwej diecie, odpowiedniej iloœci snu i ruchu.
9.8.2025 15:48:30;Akceptujê;nauczycielem;11-15 lat;Szko³a Podstawowa nr 6 im Ludwika Waryñskiego w S³upsku;Obie odpowiedzi s¹ poprawne.;s¹ normalne i potrzebne, poniewa¿ realizuj¹ szereg wa¿nych funkcji.;Przyjêcie odpowiedniej postawy cia³a lub wykonanie prostych ruchów.;Wdech odbywa siê przez nos, a wydech – przez usta.;Codzienna troska o fizycznoœæ, opieraj¹ca siê na trzech g³ównych filarach: w³aœciwej diecie, odpowiedniej iloœci snu i ruchu.
9.8.2025 15:49:01;Akceptujê;nauczycielem;16-20 lat;Szko³a Podstawowa nr 6 im Ludwika Waryñskiego w S³upsku;Obie odpowiedzi s¹ poprawne.;s¹ normalne i potrzebne, poniewa¿ realizuj¹ szereg wa¿nych funkcji.;Przyjêcie odpowiedniej postawy cia³a lub wykonanie prostych ruchów.;Wdech odbywa siê przez nos, a wydech – przez usta.;Nie wiem
9.8.2025 15:50:10;Akceptujê;nauczycielem;16-20 lat;Szko³a Podstawowa nr 6 im Ludwika Waryñskiego w S³upsku;Obie odpowiedzi s¹ poprawne.;s¹ normalne i potrzebne, poniewa¿ realizuj¹ szereg wa¿nych funkcji.;Przyjêcie odpowiedniej postawy cia³a lub wykonanie prostych ruchów.;Wdech odbywa siê przez nos, a wydech – przez usta.;Optymistyczne nastawienie do codziennoœci i koncentrowanie siê na pozytywnych aspektach w³asnego ¿ycia.
9.8.2025 15:52:29;Akceptujê;nauczycielem;16-20 lat;Szko³a Podstawowa nr 6 im Ludwika Waryñskiego w S³upsku;Obie odpowiedzi s¹ poprawne.;s¹ normalne i potrzebne, poniewa¿ realizuj¹ szereg wa¿nych funkcji.;Przyjêcie odpowiedniej postawy cia³a lub wykonanie prostych ruchów.;Wdech odbywa siê przez nos, a wydech – przez usta.;Codzienna troska o fizycznoœæ, opieraj¹ca siê na trzech g³ównych filarach: w³aœciwej diecie, odpowiedniej iloœci snu i ruchu.
9.8.2025 15:52:35;Akceptujê;nauczycielem;21 lat i wiêcej;Szko³a Podstawowa nr 6 im Ludwika Waryñskiego w S³upsku;Obie odpowiedzi s¹ poprawne.;s¹ normalne i potrzebne, poniewa¿ realizuj¹ szereg wa¿nych funkcji.;Przyjêcie odpowiedniej postawy cia³a lub wykonanie prostych ruchów.;Wdech odbywa siê przez nos, a wydech – przez usta.;Codzienna troska o fizycznoœæ, opieraj¹ca siê na trzech g³ównych filarach: w³aœciwej diecie, odpowiedniej iloœci snu i ruchu.
9.8.2025 16:02:00;Akceptujê;nauczycielem;6-10 lat;Szko³a Podstawowa nr 6 im Ludwika Waryñskiego w S³upsku;Obie odpowiedzi s¹ poprawne.;s¹ normalne i potrzebne, poniewa¿ realizuj¹ szereg wa¿nych funkcji.;Przyjêcie odpowiedniej postawy cia³a lub wykonanie prostych ruchów.;Wdech odbywa siê przez usta, a wydech – przez nos.;Codzienna troska o fizycznoœæ, opieraj¹ca siê na trzech g³ównych filarach: w³aœciwej diecie, odpowiedniej iloœci snu i ruchu.
9.8.2025 16:36:03;Akceptujê;dyrektorem/wicedyrektorem;21 lat i wiêcej;Szko³a Podstawowa nr 6 im Ludwika Waryñskiego w S³upsku;Uruchamiaj¹ ca³y zespó³ zmian w ciele, w sposobie myœlenia i zachowaniu cz³owieka.;s¹ normalne i potrzebne, poniewa¿ realizuj¹ szereg wa¿nych funkcji.;Przyjêcie odpowiedniej postawy cia³a lub wykonanie prostych ruchów.;Wdech odbywa siê przez nos, a wydech – przez usta.;Codzienna troska o fizycznoœæ, opieraj¹ca siê na trzech g³ównych filarach: w³aœciwej diecie, odpowiedniej iloœci snu i ruchu.
9.8.2025 16:37:09;Akceptujê;nauczycielem;21 lat i wiêcej;Szko³a Podstawowa nr 6 im Ludwika Waryñskiego w S³upsku;Obie odpowiedzi s¹ poprawne.;mo¿na podzieliæ na dobre (pozytywne) i z³e (negatywne).;Przyjêcie odpowiedniej postawy cia³a lub wykonanie prostych ruchów.;Wdech odbywa siê przez nos, a wydech – przez usta.;Codzienna troska o fizycznoœæ, opieraj¹ca siê na trzech g³ównych filarach: w³aœciwej diecie, odpowiedniej iloœci snu i ruchu.
9.8.2025 16:44:20;Akceptujê;nauczycielem;21 lat i wiêcej;Szko³a Podstawowa nr 6 im Ludwika Waryñskiego w S³upsku;Obie odpowiedzi s¹ poprawne.;s¹ normalne i potrzebne, poniewa¿ realizuj¹ szereg wa¿nych funkcji.;Przyjêcie odpowiedniej postawy cia³a lub wykonanie prostych ruchów.;Wdech odbywa siê przez nos, a wydech – przez usta.;Optymistyczne nastawienie do codziennoœci i koncentrowanie siê na pozytywnych aspektach w³asnego ¿ycia.
9.8.2025 18:14:29;Akceptujê;nauczycielem;21 lat i wiêcej;Szko³a Podstawowa nr 6 im Ludwika Waryñskiego w S³upsku;Uruchamiaj¹ ca³y zespó³ zmian w ciele, w sposobie myœlenia i zachowaniu cz³owieka.;s¹ normalne i potrzebne, poniewa¿ realizuj¹ szereg wa¿nych funkcji.;Przyjêcie odpowiedniej postawy cia³a lub wykonanie prostych ruchów.;Wdech odbywa siê przez usta, a wydech – przez nos.;Codzienna troska o fizycznoœæ, opieraj¹ca siê na trzech g³ównych filarach: w³aœciwej diecie, odpowiedniej iloœci snu i ruchu.
9.8.2025 18:18:26;Akceptujê;nauczycielem;16-20 lat;Szko³a Podstawowa nr 6 im Ludwika Waryñskiego w S³upsku;Obie odpowiedzi s¹ poprawne.;s¹ abstrakcyjnym, metafizycznym doœwiadczeniem.;Przyjêcie odpowiedniej postawy cia³a lub wykonanie prostych ruchów.;Wdech odbywa siê przez nos, a wydech – przez usta.;Codzienna troska o fizycznoœæ, opieraj¹ca siê na trzech g³ównych filarach: w³aœciwej diecie, odpowiedniej iloœci snu i ruchu.
9.17.2025 15:54:26;Akceptujê;nauczycielem;21 lat i wiêcej;Szko³a Podstawowa im. Marii Konopnickiej w Przystajni;Obie odpowiedzi s¹ poprawne.;s¹ normalne i potrzebne, poniewa¿ realizuj¹ szereg wa¿nych funkcji.;Przyjêcie odpowiedniej postawy cia³a lub wykonanie prostych ruchów.;Wdech odbywa siê przez nos, a wydech – przez usta.;Optymistyczne nastawienie do codziennoœci i koncentrowanie siê na pozytywnych aspektach w³asnego ¿ycia.
9.17.2025 15:55:07;Akceptujê;nauczycielem;6-10 lat;Szko³a Podstawowa im. Marii Konopnickiej w Przystajni;Obie odpowiedzi s¹ poprawne.;s¹ normalne i potrzebne, poniewa¿ realizuj¹ szereg wa¿nych funkcji.;Przyjêcie odpowiedniej postawy cia³a lub wykonanie prostych ruchów.;Wdech odbywa siê przez nos, a wydech – przez usta.;Codzienna troska o fizycznoœæ, opieraj¹ca siê na trzech g³ównych filarach: w³aœciwej diecie, odpowiedniej iloœci snu i ruchu.
9.17.2025 15:55:35;Akceptujê;nauczycielem;6-10 lat;Szko³a Podstawowa im. Marii Konopnickiej w Przystajni;Obie odpowiedzi s¹ poprawne.;s¹ normalne i potrzebne, poniewa¿ realizuj¹ szereg wa¿nych funkcji.;Przyjêcie odpowiedniej postawy cia³a lub wykonanie prostych ruchów.;Wdech odbywa siê przez nos, a wydech – przez usta.;Codzienna troska o fizycznoœæ, opieraj¹ca siê na trzech g³ównych filarach: w³aœciwej diecie, odpowiedniej iloœci snu i ruchu.
9.17.2025 15:55:41;Akceptujê;nauczycielem;11-15 lat;Szko³a Podstawowa im. Marii Konopnickiej w Przystajni;Obie odpowiedzi s¹ poprawne.;s¹ normalne i potrzebne, poniewa¿ realizuj¹ szereg wa¿nych funkcji.;Przyjêcie odpowiedniej postawy cia³a lub wykonanie prostych ruchów.;Wdech odbywa siê przez nos, a wydech – przez usta.;Codzienna troska o fizycznoœæ, opieraj¹ca siê na trzech g³ównych filarach: w³aœciwej diecie, odpowiedniej iloœci snu i ruchu.
9.17.2025 15:55:52;Akceptujê;nauczycielem;21 lat i wiêcej;Szko³a Podstawowa im. Marii Konopnickiej w Przystajni;To reakcje, które pojawiaj¹ siê w odpowiedzi na subiektywnie wa¿n¹ dla danej osoby sytuacjê.;mo¿na podzieliæ na dobre (pozytywne) i z³e (negatywne).;Przyjêcie odpowiedniej postawy cia³a lub wykonanie prostych ruchów.;Wdech odbywa siê przez nos, a wydech – przez usta.;Optymistyczne nastawienie do codziennoœci i koncentrowanie siê na pozytywnych aspektach w³asnego ¿ycia.
9.17.2025 15:55:53;Akceptujê;nauczycielem;11-15 lat;Szko³a Podstawowa im. Marii Konopnickiej w Przystajni;Obie odpowiedzi s¹ poprawne.;mo¿na podzieliæ na dobre (pozytywne) i z³e (negatywne).;Przyjêcie odpowiedniej postawy cia³a lub wykonanie prostych ruchów.;Wdech odbywa siê przez nos, a wydech – przez usta.;Codzienna troska o fizycznoœæ, opieraj¹ca siê na trzech g³ównych filarach: w³aœciwej diecie, odpowiedniej iloœci snu i ruchu.
9.17.2025 15:55:58;Akceptujê;nauczycielem;16-20 lat;Szko³a Podstawowa im. Marii Konopnickiej w Przystajni;Obie odpowiedzi s¹ poprawne.;s¹ normalne i potrzebne, poniewa¿ realizuj¹ szereg wa¿nych funkcji.;Przyjêcie odpowiedniej postawy cia³a lub wykonanie prostych ruchów.;Wdech odbywa siê przez nos, a wydech – przez usta.;Optymistyczne nastawienie do codziennoœci i koncentrowanie siê na pozytywnych aspektach w³asnego ¿ycia.
9.17.2025 15:55:58;Akceptujê;nauczycielem;1-5 lat;Szko³a Podstawowa im. Marii Konopnickiej w Przystajni;Obie odpowiedzi s¹ poprawne.;mo¿na podzieliæ na dobre (pozytywne) i z³e (negatywne).;Przyjêcie odpowiedniej postawy cia³a lub wykonanie prostych ruchów.;Wdech odbywa siê przez nos, a wydech – przez usta.;Codzienna troska o fizycznoœæ, opieraj¹ca siê na trzech g³ównych filarach: w³aœciwej diecie, odpowiedniej iloœci snu i ruchu.
9.17.2025 15:56:02;Akceptujê;nauczycielem;21 lat i wiêcej;Szko³a Podstawowa im. Marii Konopnickiej w Przystajni;Obie odpowiedzi s¹ poprawne.;s¹ normalne i potrzebne, poniewa¿ realizuj¹ szereg wa¿nych funkcji.;Nie wiem;Wdech odbywa siê przez nos, a wydech – przez usta.;Optymistyczne nastawienie do codziennoœci i koncentrowanie siê na pozytywnych aspektach w³asnego ¿ycia.
9.17.2025 15:56:10;Akceptujê;nauczycielem;16-20 lat;Szko³a Podstawowa im. Marii Konopnickiej w Przystajni;Uruchamiaj¹ ca³y zespó³ zmian w ciele, w sposobie myœlenia i zachowaniu cz³owieka.;mo¿na podzieliæ na dobre (pozytywne) i z³e (negatywne).;Przyjêcie odpowiedniej postawy cia³a lub wykonanie prostych ruchów.;Wdech odbywa siê przez nos, a wydech – przez usta.;Optymistyczne nastawienie do codziennoœci i koncentrowanie siê na pozytywnych aspektach w³asnego ¿ycia.
9.17.2025 15:56:21;Akceptujê;nauczycielem;21 lat i wiêcej;Szko³a Podstawowa im. Marii Konopnickiej w Przystajni;Obie odpowiedzi s¹ poprawne.;mo¿na podzieliæ na dobre (pozytywne) i z³e (negatywne).;Przyjêcie odpowiedniej postawy cia³a lub wykonanie prostych ruchów.;Wdech odbywa siê przez nos, a wydech – przez usta.;Optymistyczne nastawienie do codziennoœci i koncentrowanie siê na pozytywnych aspektach w³asnego ¿ycia.
9.17.2025 15:56:21;Akceptujê;nauczycielem;mniej ni¿ rok;Szko³a Podstawowa im. Marii Konopnickiej w Przystajni;Obie odpowiedzi s¹ poprawne.;s¹ normalne i potrzebne, poniewa¿ realizuj¹ szereg wa¿nych funkcji.;Przyjêcie odpowiedniej postawy cia³a lub wykonanie prostych ruchów.;Wdech odbywa siê przez nos, a wydech – przez usta.;Optymistyczne nastawienie do codziennoœci i koncentrowanie siê na pozytywnych aspektach w³asnego ¿ycia.
9.17.2025 15:56:26;Akceptujê;nauczycielem;21 lat i wiêcej;Szko³a Podstawowa im. Marii Konopnickiej w Przystajni;Obie odpowiedzi s¹ poprawne.;s¹ normalne i potrzebne, poniewa¿ realizuj¹ szereg wa¿nych funkcji.;Przyjêcie odpowiedniej postawy cia³a lub wykonanie prostych ruchów.;Wdech odbywa siê przez nos, a wydech – przez usta.;Optymistyczne nastawienie do codziennoœci i koncentrowanie siê na pozytywnych aspektach w³asnego ¿ycia.
9.17.2025 15:56:46;Akceptujê;nauczycielem;16-20 lat;Szko³a Podstawowa im. Marii Konopnickiej w Przystajni;Obie odpowiedzi s¹ poprawne.;s¹ normalne i potrzebne, poniewa¿ realizuj¹ szereg wa¿nych funkcji.;Przyjêcie odpowiedniej postawy cia³a lub wykonanie prostych ruchów.;Wdech odbywa siê przez nos, a wydech – przez usta.;Codzienna troska o fizycznoœæ, opieraj¹ca siê na trzech g³ównych filarach: w³aœciwej diecie, odpowiedniej iloœci snu i ruchu.
9.17.2025 15:57:07;Akceptujê;pedagogiem;1-5 lat;Szko³a Podstawowa im. Marii Konopnickiej w Przystajni;Obie odpowiedzi s¹ poprawne.;s¹ normalne i potrzebne, poniewa¿ realizuj¹ szereg wa¿nych funkcji.;Przyjêcie odpowiedniej postawy cia³a lub wykonanie prostych ruchów.;Wdech odbywa siê przez nos, a wydech – przez usta.;Codzienna troska o fizycznoœæ, opieraj¹ca siê na trzech g³ównych filarach: w³aœciwej diecie, odpowiedniej iloœci snu i ruchu.
9.17.2025 15:57:20;Akceptujê;nauczycielem;21 lat i wiêcej;Szko³a Podstawowa im. Marii Konopnickiej w Przystajni;Obie odpowiedzi s¹ poprawne.;mo¿na podzieliæ na dobre (pozytywne) i z³e (negatywne).;Nie wiem;Wdech odbywa siê przez nos, a wydech – przez usta.;Nie wiem
9.17.2025 15:57:28;Akceptujê;nauczycielem;21 lat i wiêcej;Szko³a Podstawowa im. Marii Konopnickiej w Przystajni;Obie odpowiedzi s¹ poprawne.;s¹ normalne i potrzebne, poniewa¿ realizuj¹ szereg wa¿nych funkcji.;Przyjêcie odpowiedniej postawy cia³a lub wykonanie prostych ruchów.;Wdech odbywa siê przez nos, a wydech – przez usta.;Optymistyczne nastawienie do codziennoœci i koncentrowanie siê na pozytywnych aspektach w³asnego ¿ycia.
9.17.2025 15:57:46;Akceptujê;nauczycielem;21 lat i wiêcej;Szko³a Podstawowa im. Marii Konopnickiej w Przystajni;To reakcje, które pojawiaj¹ siê w odpowiedzi na subiektywnie wa¿n¹ dla danej osoby sytuacjê.;s¹ normalne i potrzebne, poniewa¿ realizuj¹ szereg wa¿nych funkcji.;Przyjêcie odpowiedniej postawy cia³a lub wykonanie prostych ruchów.;Wdech odbywa siê przez nos, a wydech – przez usta.;Optymistyczne nastawienie do codziennoœci i koncentrowanie siê na pozytywnych aspektach w³asnego ¿ycia.
9.17.2025 15:58:30;Akceptujê;pedagogiem;16-20 lat;Szko³a Podstawowa im. Marii Konopnickiej w Przystajni;Obie odpowiedzi s¹ poprawne.;mo¿na podzieliæ na dobre (pozytywne) i z³e (negatywne).;Przyjêcie odpowiedniej postawy cia³a lub wykonanie prostych ruchów.;Wdech odbywa siê przez nos, a wydech – przez usta.;Codzienna troska o fizycznoœæ, opieraj¹ca siê na trzech g³ównych filarach: w³aœciwej diecie, odpowiedniej iloœci snu i ruchu.
9.17.2025 15:58:39;Akceptujê;nauczycielem;16-20 lat;Szko³a Podstawowa im. Marii Konopnickiej w Przystajni;Obie odpowiedzi s¹ poprawne.;mo¿na podzieliæ na dobre (pozytywne) i z³e (negatywne).;Przyjêcie odpowiedniej postawy cia³a lub wykonanie prostych ruchów.;Wdech odbywa siê przez nos, a wydech – przez usta.;Codzienna troska o fizycznoœæ, opieraj¹ca siê na trzech g³ównych filarach: w³aœciwej diecie, odpowiedniej iloœci snu i ruchu.
9.17.2025 15:59:21;Akceptujê;nauczycielem;21 lat i wiêcej;Szko³a Podstawowa im. Marii Konopnickiej w Przystajni;Obie odpowiedzi s¹ poprawne.;s¹ normalne i potrzebne, poniewa¿ realizuj¹ szereg wa¿nych funkcji.;Przyjêcie odpowiedniej postawy cia³a lub wykonanie prostych ruchów.;Wdech odbywa siê przez nos, a wydech – przez usta.;Optymistyczne nastawienie do codziennoœci i koncentrowanie siê na pozytywnych aspektach w³asnego ¿ycia.
9.17.2025 16:01:01;Akceptujê;nauczycielem;16-20 lat;Szko³a Podstawowa im. Marii Konopnickiej w Przystajni;Obie odpowiedzi s¹ poprawne.;mo¿na podzieliæ na dobre (pozytywne) i z³e (negatywne).;Przyjêcie odpowiedniej postawy cia³a lub wykonanie prostych ruchów.;Wdech odbywa siê przez nos, a wydech – przez usta.;Codzienna troska o fizycznoœæ, opieraj¹ca siê na trzech g³ównych filarach: w³aœciwej diecie, odpowiedniej iloœci snu i ruchu.
9.17.2025 16:01:39;Akceptujê;nauczycielem;21 lat i wiêcej;Szko³a Podstawowa im. Marii Konopnickiej w Przystajni;Obie odpowiedzi s¹ poprawne.;s¹ normalne i potrzebne, poniewa¿ realizuj¹ szereg wa¿nych funkcji.;Przyjêcie odpowiedniej postawy cia³a lub wykonanie prostych ruchów.;Wdech i wydech odbywaj¹ siê przez nos.;Codzienna troska o fizycznoœæ, opieraj¹ca siê na trzech g³ównych filarach: w³aœciwej diecie, odpowiedniej iloœci snu i ruchu.
9.17.2025 16:04:43;Akceptujê;nauczycielem;21 lat i wiêcej;Szko³a Podstawowa im. Marii Konopnickiej w Przystajni;Obie odpowiedzi s¹ poprawne.;s¹ normalne i potrzebne, poniewa¿ realizuj¹ szereg wa¿nych funkcji.;Przyjêcie odpowiedniej postawy cia³a lub wykonanie prostych ruchów.;Wdech odbywa siê przez nos, a wydech – przez usta.;Codzienna troska o fizycznoœæ, opieraj¹ca siê na trzech g³ównych filarach: w³aœciwej diecie, odpowiedniej iloœci snu i ruchu.
9.17.2025 16:08:49;Akceptujê;nauczycielem;16-20 lat;Szko³a Podstawowa im. Marii Konopnickiej w Przystajni;Obie odpowiedzi s¹ poprawne.;s¹ normalne i potrzebne, poniewa¿ realizuj¹ szereg wa¿nych funkcji.;Zjedzenie czegoœ s³odkiego.;Wdech odbywa siê przez nos, a wydech – przez usta.;Codzienna troska o fizycznoœæ, opieraj¹ca siê na trzech g³ównych filarach: w³aœciwej diecie, odpowiedniej iloœci snu i ruchu.
9.17.2025 16:29:57;Akceptujê;nauczycielem;21 lat i wiêcej;Szko³a Podstawowa im. Marii Konopnickiej w Przystajni;Obie odpowiedzi s¹ poprawne.;s¹ normalne i potrzebne, poniewa¿ realizuj¹ szereg wa¿nych funkcji.;Przyjêcie odpowiedniej postawy cia³a lub wykonanie prostych ruchów.;Wdech odbywa siê przez nos, a wydech – przez usta.;Codzienna troska o fizycznoœæ, opieraj¹ca siê na trzech g³ównych filarach: w³aœciwej diecie, odpowiedniej iloœci snu i ruchu.
9.23.2025 15:34:38;Akceptujê;nauczycielem;21 lat i wiêcej;Zespó³ Szkó³ w Szczurowej;Obie odpowiedzi s¹ poprawne.;s¹ normalne i potrzebne, poniewa¿ realizuj¹ szereg wa¿nych funkcji.;Przyjêcie odpowiedniej postawy cia³a lub wykonanie prostych ruchów.;Wdech odbywa siê przez nos, a wydech – przez usta.;Optymistyczne nastawienie do codziennoœci i koncentrowanie siê na pozytywnych aspektach w³asnego ¿ycia.
9.23.2025 15:34:43;Akceptujê;nauczycielem;21 lat i wiêcej;Zespó³ Szkó³ w Szczurowej;Obie odpowiedzi s¹ poprawne.;s¹ normalne i potrzebne, poniewa¿ realizuj¹ szereg wa¿nych funkcji.;Przyjêcie odpowiedniej postawy cia³a lub wykonanie prostych ruchów.;Wdech odbywa siê przez nos, a wydech – przez usta.;Optymistyczne nastawienie do codziennoœci i koncentrowanie siê na pozytywnych aspektach w³asnego ¿ycia.
9.23.2025 15:34:45;Akceptujê;nauczycielem;21 lat i wiêcej;Zespó³ Szkó³ w Szczurowej;Obie odpowiedzi s¹ poprawne.;s¹ normalne i potrzebne, poniewa¿ realizuj¹ szereg wa¿nych funkcji.;Przyjêcie odpowiedniej postawy cia³a lub wykonanie prostych ruchów.;Wdech odbywa siê przez nos, a wydech – przez usta.;Codzienna troska o fizycznoœæ, opieraj¹ca siê na trzech g³ównych filarach: w³aœciwej diecie, odpowiedniej iloœci snu i ruchu.
9.23.2025 15:36:54;Akceptujê;nauczycielem;16-20 lat;Zespó³ Szkó³ w Szczurowej;Obie odpowiedzi s¹ poprawne.;mo¿na podzieliæ na dobre (pozytywne) i z³e (negatywne).;Przyjêcie odpowiedniej postawy cia³a lub wykonanie prostych ruchów.;Wdech odbywa siê przez nos, a wydech – przez usta.;Optymistyczne nastawienie do codziennoœci i koncentrowanie siê na pozytywnych aspektach w³asnego ¿ycia.
9.23.2025 15:38:38;Akceptujê;nauczycielem;21 lat i wiêcej;Zespó³ Szkó³ w Szczurowej;Obie odpowiedzi s¹ poprawne.;s¹ normalne i potrzebne, poniewa¿ realizuj¹ szereg wa¿nych funkcji.;Przyjêcie odpowiedniej postawy cia³a lub wykonanie prostych ruchów.;Wdech odbywa siê przez nos, a wydech – przez usta.;Optymistyczne nastawienie do codziennoœci i koncentrowanie siê na pozytywnych aspektach w³asnego ¿ycia.
9.23.2025 15:39:18;Akceptujê;nauczycielem;6-10 lat;Zespó³ Szkó³ w Szczurowej;Uruchamiaj¹ ca³y zespó³ zmian w ciele, w sposobie myœlenia i zachowaniu cz³owieka.;mo¿na podzieliæ na dobre (pozytywne) i z³e (negatywne).;Przyjêcie odpowiedniej postawy cia³a lub wykonanie prostych ruchów.;Wdech odbywa siê przez nos, a wydech – przez usta.;Optymistyczne nastawienie do codziennoœci i koncentrowanie siê na pozytywnych aspektach w³asnego ¿ycia.
9.23.2025 15:46:56;Akceptujê;nauczycielem;1-5 lat;Zespó³ Szkó³ w Szczurowej;Obie odpowiedzi s¹ poprawne.;s¹ normalne i potrzebne, poniewa¿ realizuj¹ szereg wa¿nych funkcji.;Przyjêcie odpowiedniej postawy cia³a lub wykonanie prostych ruchów.;Wdech odbywa siê przez nos, a wydech – przez usta.;Optymistyczne nastawienie do codziennoœci i koncentrowanie siê na pozytywnych aspektach w³asnego ¿ycia.
9.23.2025 16:08:25;Akceptujê;nauczycielem;21 lat i wiêcej;Zespó³ Szkó³ w Szczurowej;Obie odpowiedzi s¹ poprawne.;mo¿na podzieliæ na dobre (pozytywne) i z³e (negatywne).;Zjedzenie czegoœ s³odkiego.;Wdech odbywa siê przez nos, a wydech – przez usta.;Codzienna troska o fizycznoœæ, opieraj¹ca siê na trzech g³ównych filarach: w³aœciwej diecie, odpowiedniej iloœci snu i ruchu.
9.23.2025 16:08:32;Akceptujê;pedagogiem;11-15 lat;Zespó³ Szkó³ w Szczurowej;Obie odpowiedzi s¹ poprawne.;s¹ normalne i potrzebne, poniewa¿ realizuj¹ szereg wa¿nych funkcji.;Przyjêcie odpowiedniej postawy cia³a lub wykonanie prostych ruchów.;Wdech odbywa siê przez nos, a wydech – przez usta.;Codzienna troska o fizycznoœæ, opieraj¹ca siê na trzech g³ównych filarach: w³aœciwej diecie, odpowiedniej iloœci snu i ruchu.
9.23.2025 16:16:59;Akceptujê;nauczycielem;16-20 lat;Zespó³ Szkó³ w Szczurowej;Obie odpowiedzi s¹ poprawne.;s¹ normalne i potrzebne, poniewa¿ realizuj¹ szereg wa¿nych funkcji.;Przyjêcie odpowiedniej postawy cia³a lub wykonanie prostych ruchów.;Wdech odbywa siê przez nos, a wydech – przez usta.;Codzienna troska o fizycznoœæ, opieraj¹ca siê na trzech g³ównych filarach: w³aœciwej diecie, odpowiedniej iloœci snu i ruchu.
9.23.2025 16:20:26;Akceptujê;nauczycielem;21 lat i wiêcej;Zespó³ Szkó³ w Szczurowej;Obie odpowiedzi s¹ poprawne.;s¹ normalne i potrzebne, poniewa¿ realizuj¹ szereg wa¿nych funkcji.;Przyjêcie odpowiedniej postawy cia³a lub wykonanie prostych ruchów.;Wdech odbywa siê przez usta, a wydech – przez nos.;Codzienna troska o fizycznoœæ, opieraj¹ca siê na trzech g³ównych filarach: w³aœciwej diecie, odpowiedniej iloœci snu i ruchu.
9.23.2025 16:21:45;Akceptujê;nauczycielem;1-5 lat;Zespó³ Szkó³ w Szczurowej;Obie odpowiedzi s¹ poprawne.;mo¿na podzieliæ na dobre (pozytywne) i z³e (negatywne).;Przyjêcie odpowiedniej postawy cia³a lub wykonanie prostych ruchów.;Wdech i wydech odbywaj¹ siê przez nos.;Codzienna troska o fizycznoœæ, opieraj¹ca siê na trzech g³ównych filarach: w³aœciwej diecie, odpowiedniej iloœci snu i ruchu.
9.23.2025 16:24:39;Akceptujê;psychologiem;mniej ni¿ rok;Zespó³ Szkó³ w Szczurowej;Obie odpowiedzi s¹ poprawne.;s¹ normalne i potrzebne, poniewa¿ realizuj¹ szereg wa¿nych funkcji.;Przyjêcie odpowiedniej postawy cia³a lub wykonanie prostych ruchów.;Wdech i wydech odbywaj¹ siê przez nos.;Codzienna troska o fizycznoœæ, opieraj¹ca siê na trzech g³ównych filarach: w³aœciwej diecie, odpowiedniej iloœci snu i ruchu.
9.23.2025 16:37:03;Akceptujê;nauczycielem;21 lat i wiêcej;Zespó³ Szkó³ w Szczurowej;Obie odpowiedzi s¹ poprawne.;s¹ normalne i potrzebne, poniewa¿ realizuj¹ szereg wa¿nych funkcji.;Przyjêcie odpowiedniej postawy cia³a lub wykonanie prostych ruchów.;Wdech odbywa siê przez nos, a wydech – przez usta.;Codzienna troska o fizycznoœæ, opieraj¹ca siê na trzech g³ównych filarach: w³aœciwej diecie, odpowiedniej iloœci snu i ruchu.
9.23.2025 16:50:18;Akceptujê;nauczycielem;mniej ni¿ rok;Zespó³ Szkó³ w Szczurowej;Obie odpowiedzi s¹ poprawne.;s¹ normalne i potrzebne, poniewa¿ realizuj¹ szereg wa¿nych funkcji.;Przyjêcie odpowiedniej postawy cia³a lub wykonanie prostych ruchów.;Wdech odbywa siê przez nos, a wydech – przez usta.;Optymistyczne nastawienie do codziennoœci i koncentrowanie siê na pozytywnych aspektach w³asnego ¿ycia.
9.23.2025 16:53:46;Akceptujê;nauczycielem;mniej ni¿ rok;Zespó³ Szkó³ w Szczurowej;Uruchamiaj¹ ca³y zespó³ zmian w ciele, w sposobie myœlenia i zachowaniu cz³owieka.;s¹ normalne i potrzebne, poniewa¿ realizuj¹ szereg wa¿nych funkcji.;Przyjêcie odpowiedniej postawy cia³a lub wykonanie prostych ruchów.;Wdech odbywa siê przez nos, a wydech – przez usta.;Codzienna troska o fizycznoœæ, opieraj¹ca siê na trzech g³ównych filarach: w³aœciwej diecie, odpowiedniej iloœci snu i ruchu.
9.23.2025 17:10:07;Akceptujê;nauczycielem;16-20 lat;Zespó³ Szkó³ w Szczurowej;Obie odpowiedzi s¹ poprawne.;s¹ normalne i potrzebne, poniewa¿ realizuj¹ szereg wa¿nych funkcji.;Zjedzenie czegoœ s³odkiego.;Wdech odbywa siê przez nos, a wydech – przez usta.;Codzienna troska o fizycznoœæ, opieraj¹ca siê na trzech g³ównych filarach: w³aœciwej diecie, odpowiedniej iloœci snu i ruchu.
9.23.2025 17:49:06;Akceptujê;nauczycielem;21 lat i wiêcej;Zespó³ Szkó³ w Szczurowej;To reakcje, które pojawiaj¹ siê w odpowiedzi na subiektywnie wa¿n¹ dla danej osoby sytuacjê.;s¹ normalne i potrzebne, poniewa¿ realizuj¹ szereg wa¿nych funkcji.;Przyjêcie odpowiedniej postawy cia³a lub wykonanie prostych ruchów.;Nie wiem;Nie wiem
9.23.2025 17:54:52;Akceptujê;nauczycielem;21 lat i wiêcej;Zespó³ Szkó³ w Szczurowej;To reakcje, które pojawiaj¹ siê w odpowiedzi na subiektywnie wa¿n¹ dla danej osoby sytuacjê.;s¹ normalne i potrzebne, poniewa¿ realizuj¹ szereg wa¿nych funkcji.;Przyjêcie odpowiedniej postawy cia³a lub wykonanie prostych ruchów.;Nie wiem;Optymistyczne nastawienie do codziennoœci i koncentrowanie siê na pozytywnych aspektach w³asnego ¿ycia.
9.29.2025 9:08:46;Akceptujê;Wychowawca ;1-5 lat;Zespó³ Placówek Oœwiatowych w Leœnicy;Obie odpowiedzi s¹ poprawne.;s¹ normalne i potrzebne, poniewa¿ realizuj¹ szereg wa¿nych funkcji.;Przyjêcie odpowiedniej postawy cia³a lub wykonanie prostych ruchów.;Wdech odbywa siê przez usta, a wydech – przez nos.;Codzienna troska o fizycznoœæ, opieraj¹ca siê na trzech g³ównych filarach: w³aœciwej diecie, odpowiedniej iloœci snu i ruchu.
9.29.2025 9:19:24;Akceptujê;psychologiem;6-10 lat;Zespó³ Placówek Oœwiatowych w Leœnicy;Obie odpowiedzi s¹ poprawne.;s¹ normalne i potrzebne, poniewa¿ realizuj¹ szereg wa¿nych funkcji.;Przyjêcie odpowiedniej postawy cia³a lub wykonanie prostych ruchów.;Wdech odbywa siê przez usta, a wydech – przez nos.;Optymistyczne nastawienie do codziennoœci i koncentrowanie siê na pozytywnych aspektach w³asnego ¿ycia.
9.29.2025 9:19:56;Akceptujê;wychowawca w internacie;21 lat i wiêcej;Zespó³ Placówek Oœwiatowych w Leœnicy;Obie odpowiedzi s¹ poprawne.;s¹ normalne i potrzebne, poniewa¿ realizuj¹ szereg wa¿nych funkcji.;Przyjêcie odpowiedniej postawy cia³a lub wykonanie prostych ruchów.;Wdech odbywa siê przez nos, a wydech – przez usta.;Codzienna troska o fizycznoœæ, opieraj¹ca siê na trzech g³ównych filarach: w³aœciwej diecie, odpowiedniej iloœci snu i ruchu.
9.29.2025 9:26:49;Akceptujê;dyrektorem/wicedyrektorem;16-20 lat;Zespó³ Placówek Oœwiatowych w Leœnicy;Obie odpowiedzi s¹ poprawne.;mo¿na podzieliæ na dobre (pozytywne) i z³e (negatywne).;Przyjêcie odpowiedniej postawy cia³a lub wykonanie prostych ruchów.;Wdech odbywa siê przez nos, a wydech – przez usta.;Codzienna troska o fizycznoœæ, opieraj¹ca siê na trzech g³ównych filarach: w³aœciwej diecie, odpowiedniej iloœci snu i ruchu.
9.29.2025 9:33:02;Akceptujê;kierownikiem;11-15 lat;Zespó³ Placówek Oœwiatowych w Leœnicy;Obie odpowiedzi s¹ poprawne.;s¹ normalne i potrzebne, poniewa¿ realizuj¹ szereg wa¿nych funkcji.;Przyjêcie odpowiedniej postawy cia³a lub wykonanie prostych ruchów.;Wdech odbywa siê przez nos, a wydech – przez usta.;Codzienna troska o fizycznoœæ, opieraj¹ca siê na trzech g³ównych filarach: w³aœciwej diecie, odpowiedniej iloœci snu i ruchu.
9.29.2025 9:43:27;Akceptujê;nauczycielem;11-15 lat;Zespó³ Placówek Oœwiatowych w Leœnicy;Obie odpowiedzi s¹ poprawne.;s¹ normalne i potrzebne, poniewa¿ realizuj¹ szereg wa¿nych funkcji.;Odreagowanie emocji w k³ótni z inn¹ osob¹.;Wdech odbywa siê przez nos, a wydech – przez usta.;Codzienna troska o fizycznoœæ, opieraj¹ca siê na trzech g³ównych filarach: w³aœciwej diecie, odpowiedniej iloœci snu i ruchu.
9.29.2025 9:46:58;Akceptujê;dyrektorem/wicedyrektorem;16-20 lat;Zespó³ Placówek Oœwiatowych w Leœnicy;Obie odpowiedzi s¹ poprawne.;mo¿na podzieliæ na dobre (pozytywne) i z³e (negatywne).;Przyjêcie odpowiedniej postawy cia³a lub wykonanie prostych ruchów.;Wdech odbywa siê przez nos, a wydech – przez usta.;Codzienna troska o fizycznoœæ, opieraj¹ca siê na trzech g³ównych filarach: w³aœciwej diecie, odpowiedniej iloœci snu i ruchu.
9.29.2025 11:39:32;Akceptujê;nauczycielem;21 lat i wiêcej;Zespó³ Placówek Oœwiatowych w Leœnicy;Obie odpowiedzi s¹ poprawne.;s¹ normalne i potrzebne, poniewa¿ realizuj¹ szereg wa¿nych funkcji.;Przyjêcie odpowiedniej postawy cia³a lub wykonanie prostych ruchów.;Wdech odbywa siê przez nos, a wydech – przez usta.;Codzienna troska o fizycznoœæ, opieraj¹ca siê na trzech g³ównych filarach: w³aœciwej diecie, odpowiedniej iloœci snu i ruchu.
9.29.2025 11:44:09;Akceptujê;nauczycielem;21 lat i wiêcej;Zespó³ Placówek Oœwiatowych w Leœnicy;Obie odpowiedzi s¹ poprawne.;mo¿na podzieliæ na dobre (pozytywne) i z³e (negatywne).;Przyjêcie odpowiedniej postawy cia³a lub wykonanie prostych ruchów.;Wdech odbywa siê przez nos, a wydech – przez usta.;Codzienna troska o fizycznoœæ, opieraj¹ca siê na trzech g³ównych filarach: w³aœciwej diecie, odpowiedniej iloœci snu i ruchu.
10.2.2025 15:04:28;Akceptujê;pedagogiem;21 lat i wiêcej;Zespó³ Szkó³ Agroprzedsiêbiorczoœci im. M. Kopernika w Rzeszowie;Obie odpowiedzi s¹ poprawne.;s¹ normalne i potrzebne, poniewa¿ realizuj¹ szereg wa¿nych funkcji.;Przyjêcie odpowiedniej postawy cia³a lub wykonanie prostych ruchów.;Wdech odbywa siê przez usta, a wydech – przez nos.;Codzienna troska o fizycznoœæ, opieraj¹ca siê na trzech g³ównych filarach: w³aœciwej diecie, odpowiedniej iloœci snu i ruchu.
10.2.2025 15:05:36;Akceptujê;nauczycielem;21 lat i wiêcej;Zespó³ Szkó³ Agroprzedsiêbiorczoœci im. M. Kopernika w Rzeszowie;Obie odpowiedzi s¹ poprawne.;s¹ normalne i potrzebne, poniewa¿ realizuj¹ szereg wa¿nych funkcji.;Przyjêcie odpowiedniej postawy cia³a lub wykonanie prostych ruchów.;Wdech odbywa siê przez nos, a wydech – przez usta.;Codzienna troska o fizycznoœæ, opieraj¹ca siê na trzech g³ównych filarach: w³aœciwej diecie, odpowiedniej iloœci snu i ruchu.
10.2.2025 15:05:51;Akceptujê;nauczycielem;16-20 lat;Zespó³ Szkó³ Agroprzedsiêbiorczoœci im. M. Kopernika w Rzeszowie;Obie odpowiedzi s¹ poprawne.;s¹ normalne i potrzebne, poniewa¿ realizuj¹ szereg wa¿nych funkcji.;Przyjêcie odpowiedniej postawy cia³a lub wykonanie prostych ruchów.;Wdech odbywa siê przez nos, a wydech – przez usta.;Optymistyczne nastawienie do codziennoœci i koncentrowanie siê na pozytywnych aspektach w³asnego ¿ycia.
10.2.2025 15:09:05;Akceptujê;Terapeut¹ rewalidacyjnym ;6-10 lat;Zespó³ Szkó³ Agroprzedsiêbiorczoœci im. M. Kopernika w Rzeszowie;Uruchamiaj¹ ca³y zespó³ zmian w ciele, w sposobie myœlenia i zachowaniu cz³owieka.;s¹ normalne i potrzebne, poniewa¿ realizuj¹ szereg wa¿nych funkcji.;Przyjêcie odpowiedniej postawy cia³a lub wykonanie prostych ruchów.;Wdech odbywa siê przez nos, a wydech – przez usta.;Nie wiem
10.2.2025 15:11:21;Akceptujê;nauczycielem;21 lat i wiêcej;Zespó³ Szkó³ Agroprzedsiêbiorczoœci im. M. Kopernika w Rzeszowie;To reakcje, które pojawiaj¹ siê w odpowiedzi na subiektywnie wa¿n¹ dla danej osoby sytuacjê.;s¹ normalne i potrzebne, poniewa¿ realizuj¹ szereg wa¿nych funkcji.;Przyjêcie odpowiedniej postawy cia³a lub wykonanie prostych ruchów.;Wdech odbywa siê przez nos, a wydech – przez usta.;Nie wiem
10.2.2025 15:11:31;Akceptujê;nauczycielem;1-5 lat;Zespó³ Szkó³ Agroprzedsiêbiorczoœci im. M. Kopernika w Rzeszowie;Uruchamiaj¹ ca³y zespó³ zmian w ciele, w sposobie myœlenia i zachowaniu cz³owieka.;mo¿na podzieliæ na dobre (pozytywne) i z³e (negatywne).;Przyjêcie odpowiedniej postawy cia³a lub wykonanie prostych ruchów.;Wdech i wydech odbywaj¹ siê przez nos.;Optymistyczne nastawienie do codziennoœci i koncentrowanie siê na pozytywnych aspektach w³asnego ¿ycia.
10.2.2025 15:12:15;Akceptujê;nauczycielem;16-20 lat;Zespó³ Szkó³ Agroprzedsiêbiorczoœci im. M. Kopernika w Rzeszowie;Obie odpowiedzi s¹ poprawne.;s¹ normalne i potrzebne, poniewa¿ realizuj¹ szereg wa¿nych funkcji.;Przyjêcie odpowiedniej postawy cia³a lub wykonanie prostych ruchów.;Wdech odbywa siê przez nos, a wydech – przez usta.;Codzienna troska o fizycznoœæ, opieraj¹ca siê na trzech g³ównych filarach: w³aœciwej diecie, odpowiedniej iloœci snu i ruchu.
10.2.2025 15:14:33;Akceptujê;nauczycielem;21 lat i wiêcej;Zespó³ Szkó³ Agroprzedsiêbiorczoœci im. M. Kopernika w Rzeszowie;Obie odpowiedzi s¹ poprawne.;mo¿na podzieliæ na dobre (pozytywne) i z³e (negatywne).;Zjedzenie czegoœ s³odkiego.;Wdech odbywa siê przez nos, a wydech – przez usta.;Optymistyczne nastawienie do codziennoœci i koncentrowanie siê na pozytywnych aspektach w³asnego ¿ycia.
10.2.2025 15:21:09;Akceptujê;nauczycielem;1-5 lat;Zespó³ Szkó³ Agroprzedsiêbiorczoœci im. M. Kopernika w Rzeszowie;To reakcje, które pojawiaj¹ siê w odpowiedzi na subiektywnie wa¿n¹ dla danej osoby sytuacjê.;s¹ normalne i potrzebne, poniewa¿ realizuj¹ szereg wa¿nych funkcji.;Przyjêcie odpowiedniej postawy cia³a lub wykonanie prostych ruchów.;Wdech odbywa siê przez nos, a wydech – przez usta.;Codzienna troska o fizycznoœæ, opieraj¹ca siê na trzech g³ównych filarach: w³aœciwej diecie, odpowiedniej iloœci snu i ruchu.
10.2.2025 15:22:05;Akceptujê;nauczycielem;21 lat i wiêcej;Zespó³ Szkó³ Agroprzedsiêbiorczoœci im. M. Kopernika w Rzeszowie;Obie odpowiedzi s¹ poprawne.;s¹ normalne i potrzebne, poniewa¿ realizuj¹ szereg wa¿nych funkcji.;Przyjêcie odpowiedniej postawy cia³a lub wykonanie prostych ruchów.;Wdech odbywa siê przez nos, a wydech – przez usta.;Optymistyczne nastawienie do codziennoœci i koncentrowanie siê na pozytywnych aspektach w³asnego ¿ycia.
10.2.2025 15:24:31;Akceptujê;nauczycielem;1-5 lat;Zespó³ Szkó³ Agroprzedsiêbiorczoœci im. M. Kopernika w Rzeszowie;Uruchamiaj¹ ca³y zespó³ zmian w ciele, w sposobie myœlenia i zachowaniu cz³owieka.;s¹ abstrakcyjnym, metafizycznym doœwiadczeniem.;Zjedzenie czegoœ s³odkiego.;Wdech odbywa siê przez nos, a wydech – przez usta.;Optymistyczne nastawienie do codziennoœci i koncentrowanie siê na pozytywnych aspektach w³asnego ¿ycia.
10.2.2025 15:29:19;Akceptujê;nauczycielem;16-20 lat;Zespó³ Szkó³ Agroprzedsiêbiorczoœci im. M. Kopernika w Rzeszowie;Obie odpowiedzi s¹ poprawne.;s¹ normalne i potrzebne, poniewa¿ realizuj¹ szereg wa¿nych funkcji.;Przyjêcie odpowiedniej postawy cia³a lub wykonanie prostych ruchów.;Wdech odbywa siê przez nos, a wydech – przez usta.;Optymistyczne nastawienie do codziennoœci i koncentrowanie siê na pozytywnych aspektach w³asnego ¿ycia.
10.2.2025 15:32:35;Akceptujê;nauczycielem;21 lat i wiêcej;Zespó³ Szkó³ Agroprzedsiêbiorczoœci im. M. Kopernika w Rzeszowie;Obie odpowiedzi s¹ poprawne.;s¹ normalne i potrzebne, poniewa¿ realizuj¹ szereg wa¿nych funkcji.;Przyjêcie odpowiedniej postawy cia³a lub wykonanie prostych ruchów.;Wdech odbywa siê przez nos, a wydech – przez usta.;Codzienna troska o fizycznoœæ, opieraj¹ca siê na trzech g³ównych filarach: w³aœciwej diecie, odpowiedniej iloœci snu i ruchu.
10.2.2025 15:35:08;Akceptujê;nauczycielem;21 lat i wiêcej;Zespó³ Szkó³ Agroprzedsiêbiorczoœci im. M. Kopernika w Rzeszowie;Obie odpowiedzi s¹ poprawne.;s¹ normalne i potrzebne, poniewa¿ realizuj¹ szereg wa¿nych funkcji.;Przyjêcie odpowiedniej postawy cia³a lub wykonanie prostych ruchów.;Wdech odbywa siê przez nos, a wydech – przez usta.;Codzienna troska o fizycznoœæ, opieraj¹ca siê na trzech g³ównych filarach: w³aœciwej diecie, odpowiedniej iloœci snu i ruchu.
10.2.2025 15:53:13;Akceptujê;nauczycielem;mniej ni¿ rok;Zespó³ Szkó³ Agroprzedsiêbiorczoœci im. M. Kopernika w Rzeszowie;Obie odpowiedzi s¹ poprawne.;s¹ normalne i potrzebne, poniewa¿ realizuj¹ szereg wa¿nych funkcji.;Nie wiem;Wdech odbywa siê przez nos, a wydech – przez usta.;Codzienna troska o fizycznoœæ, opieraj¹ca siê na trzech g³ównych filarach: w³aœciwej diecie, odpowiedniej iloœci snu i ruchu.
10.2.2025 16:28:13;Akceptujê;nauczycielem;16-20 lat;Zespó³ Szkó³ Agroprzedsiêbiorczoœci im. M. Kopernika w Rzeszowie;Obie odpowiedzi s¹ poprawne.;s¹ normalne i potrzebne, poniewa¿ realizuj¹ szereg wa¿nych funkcji.;Przyjêcie odpowiedniej postawy cia³a lub wykonanie prostych ruchów.;Wdech odbywa siê przez nos, a wydech – przez usta.;Codzienna troska o fizycznoœæ, opieraj¹ca siê na trzech g³ównych filarach: w³aœciwej diecie, odpowiedniej iloœci snu i ruchu.
10.2.2025 16:32:54;Akceptujê;nauczycielem;1-5 lat;Zespó³ Szkó³ Agroprzedsiêbiorczoœci im. M. Kopernika w Rzeszowie;Obie odpowiedzi s¹ poprawne.;s¹ normalne i potrzebne, poniewa¿ realizuj¹ szereg wa¿nych funkcji.;Przyjêcie odpowiedniej postawy cia³a lub wykonanie prostych ruchów.;Wdech odbywa siê przez usta, a wydech – przez nos.;Codzienna troska o fizycznoœæ, opieraj¹ca siê na trzech g³ównych filarach: w³aœciwej diecie, odpowiedniej iloœci snu i ruchu.
10.2.2025 16:36:32;Akceptujê;dyrektorem/wicedyrektorem;21 lat i wiêcej;Zespó³ Szkó³ Agroprzedsiêbiorczoœci im. M. Kopernika w Rzeszowie;Obie odpowiedzi s¹ poprawne.;mo¿na podzieliæ na dobre (pozytywne) i z³e (negatywne).;Przyjêcie odpowiedniej postawy cia³a lub wykonanie prostych ruchów.;Wdech odbywa siê przez usta, a wydech – przez nos.;Codzienna troska o fizycznoœæ, opieraj¹ca siê na trzech g³ównych filarach: w³aœciwej diecie, odpowiedniej iloœci snu i ruchu.
10.2.2025 17:22:29;Akceptujê;nauczycielem;11-15 lat;Zespó³ Szkó³ Agroprzedsiêbiorczoœci im. M. Kopernika w Rzeszowie;To reakcje, które pojawiaj¹ siê w odpowiedzi na subiektywnie wa¿n¹ dla danej osoby sytuacjê.;mo¿na podzieliæ na dobre (pozytywne) i z³e (negatywne).;Zjedzenie czegoœ s³odkiego.;Wdech odbywa siê przez nos, a wydech – przez usta.;Codzienna troska o fizycznoœæ, opieraj¹ca siê na trzech g³ównych filarach: w³aœciwej diecie, odpowiedniej iloœci snu i ruchu.
10.2.2025 17:52:37;Akceptujê;nauczycielem;21 lat i wiêcej;Zespó³ Szkó³ Agroprzedsiêbiorczoœci im. M. Kopernika w Rzeszowie;Obie odpowiedzi s¹ poprawne.;s¹ normalne i potrzebne, poniewa¿ realizuj¹ szereg wa¿nych funkcji.;Przyjêcie odpowiedniej postawy cia³a lub wykonanie prostych ruchów.;Wdech odbywa siê przez nos, a wydech – przez usta.;Codzienna troska o fizycznoœæ, opieraj¹ca siê na trzech g³ównych filarach: w³aœciwej diecie, odpowiedniej iloœci snu i ruchu.
10.8.2025 15:29:53;Akceptujê;nauczycielem;21 lat i wiêcej;Zespó³ Szkó³ im. Armii Krajowej w Brañsku;Uruchamiaj¹ ca³y zespó³ zmian w ciele, w sposobie myœlenia i zachowaniu cz³owieka.;mo¿na podzieliæ na dobre (pozytywne) i z³e (negatywne).;Przyjêcie odpowiedniej postawy cia³a lub wykonanie prostych ruchów.;Wdech odbywa siê przez nos, a wydech – przez usta.;Optymistyczne nastawienie do codziennoœci i koncentrowanie siê na pozytywnych aspektach w³asnego ¿ycia.
10.8.2025 15:32:11;Akceptujê;nauczycielem;21 lat i wiêcej;Zespó³ Szkó³ im. Armii Krajowej w Brañsku;To reakcje, które pojawiaj¹ siê w odpowiedzi na subiektywnie wa¿n¹ dla danej osoby sytuacjê.;s¹ normalne i potrzebne, poniewa¿ realizuj¹ szereg wa¿nych funkcji.;Przyjêcie odpowiedniej postawy cia³a lub wykonanie prostych ruchów.;Wdech odbywa siê przez nos, a wydech – przez usta.;Nie wiem
10.8.2025 15:33:10;Akceptujê;nauczycielem;21 lat i wiêcej;Zespó³ Szkó³ im. Armii Krajowej w Brañsku;Obie odpowiedzi s¹ poprawne.;s¹ normalne i potrzebne, poniewa¿ realizuj¹ szereg wa¿nych funkcji.;Przyjêcie odpowiedniej postawy cia³a lub wykonanie prostych ruchów.;Wdech odbywa siê przez nos, a wydech – przez usta.;Optymistyczne nastawienie do codziennoœci i koncentrowanie siê na pozytywnych aspektach w³asnego ¿ycia.
10.8.2025 15:35:40;Akceptujê;pedagogiem;1-5 lat;Zespó³ Szkó³ im. Armii Krajowej w Brañsku;Uruchamiaj¹ ca³y zespó³ zmian w ciele, w sposobie myœlenia i zachowaniu cz³owieka.;s¹ normalne i potrzebne, poniewa¿ realizuj¹ szereg wa¿nych funkcji.;Przyjêcie odpowiedniej postawy cia³a lub wykonanie prostych ruchów.;Nie wiem;Codzienna troska o fizycznoœæ, opieraj¹ca siê na trzech g³ównych filarach: w³aœciwej diecie, odpowiedniej iloœci snu i ruchu.
10.8.2025 15:36:00;Akceptujê;nauczycielem;16-20 lat;Szko³a Podstawowa im. Janusza Korczaka w Gostomi;Obie odpowiedzi s¹ poprawne.;s¹ normalne i potrzebne, poniewa¿ realizuj¹ szereg wa¿nych funkcji.;Przyjêcie odpowiedniej postawy cia³a lub wykonanie prostych ruchów.;Wdech i wydech odbywaj¹ siê przez nos.;Optymistyczne nastawienie do codziennoœci i koncentrowanie siê na pozytywnych aspektach w³asnego ¿ycia.
10.8.2025 15:36:09;Akceptujê;nauczycielem;11-15 lat;Szko³a Podstawowa im. Janusza Korczaka w Gostomi;Obie odpowiedzi s¹ poprawne.;s¹ normalne i potrzebne, poniewa¿ realizuj¹ szereg wa¿nych funkcji.;Przyjêcie odpowiedniej postawy cia³a lub wykonanie prostych ruchów.;Wdech odbywa siê przez nos, a wydech – przez usta.;¯adna z powy¿szych.
10.8.2025 15:37:20;Akceptujê;nauczycielem;6-10 lat;Szko³a Podstawowa im. Janusza Korczaka w Gostomi;Obie odpowiedzi s¹ poprawne.;mo¿na podzieliæ na dobre (pozytywne) i z³e (negatywne).;Przyjêcie odpowiedniej postawy cia³a lub wykonanie prostych ruchów.;Wdech odbywa siê przez nos, a wydech – przez usta.;Codzienna troska o fizycznoœæ, opieraj¹ca siê na trzech g³ównych filarach: w³aœciwej diecie, odpowiedniej iloœci snu i ruchu.
10.8.2025 15:37:21;Akceptujê;nauczycielem;11-15 lat;Zespó³ Szkó³ im. Armii Krajowej w Brañsku;Obie odpowiedzi s¹ poprawne.;mo¿na podzieliæ na dobre (pozytywne) i z³e (negatywne).;Przyjêcie odpowiedniej postawy cia³a lub wykonanie prostych ruchów.;Wdech odbywa siê przez nos, a wydech – przez usta.;Codzienna troska o fizycznoœæ, opieraj¹ca siê na trzech g³ównych filarach: w³aœciwej diecie, odpowiedniej iloœci snu i ruchu.
10.8.2025 15:37:36;Akceptujê;pedagogiem;21 lat i wiêcej;Szko³a Podstawowa im. Janusza Korczaka w Gostomi;Obie odpowiedzi s¹ poprawne.;s¹ normalne i potrzebne, poniewa¿ realizuj¹ szereg wa¿nych funkcji.;Przyjêcie odpowiedniej postawy cia³a lub wykonanie prostych ruchów.;Wdech i wydech odbywaj¹ siê przez nos.;Codzienna troska o fizycznoœæ, opieraj¹ca siê na trzech g³ównych filarach: w³aœciwej diecie, odpowiedniej iloœci snu i ruchu.
10.8.2025 15:39:03;Akceptujê;nauczycielem;21 lat i wiêcej;Szko³a Podstawowa im. Janusza Korczaka w Gostomi;Obie odpowiedzi s¹ poprawne.;mo¿na podzieliæ na dobre (pozytywne) i z³e (negatywne).;Przyjêcie odpowiedniej postawy cia³a lub wykonanie prostych ruchów.;Nie wiem;Optymistyczne nastawienie do codziennoœci i koncentrowanie siê na pozytywnych aspektach w³asnego ¿ycia.
10.8.2025 15:39:44;Akceptujê;psychologiem;1-5 lat;Szko³a Podstawowa im. Janusza Korczaka w Gostomi;Obie odpowiedzi s¹ poprawne.;s¹ normalne i potrzebne, poniewa¿ realizuj¹ szereg wa¿nych funkcji.;Przyjêcie odpowiedniej postawy cia³a lub wykonanie prostych ruchów.;Wdech odbywa siê przez nos, a wydech – przez usta.;Codzienna troska o fizycznoœæ, opieraj¹ca siê na trzech g³ównych filarach: w³aœciwej diecie, odpowiedniej iloœci snu i ruchu.
10.8.2025 15:39:48;Akceptujê;dyrektorem/wicedyrektorem;21 lat i wiêcej;Zespó³ Szkó³ im. Armii Krajowej w Brañsku;Obie odpowiedzi s¹ poprawne.;mo¿na podzieliæ na dobre (pozytywne) i z³e (negatywne).;Przyjêcie odpowiedniej postawy cia³a lub wykonanie prostych ruchów.;Wdech odbywa siê przez usta, a wydech – przez nos.;Optymistyczne nastawienie do codziennoœci i koncentrowanie siê na pozytywnych aspektach w³asnego ¿ycia.
10.8.2025 15:40:15;Akceptujê;nauczycielem;21 lat i wiêcej;Szko³a Podstawowa im. Janusza Korczaka w Gostomi;Obie odpowiedzi s¹ poprawne.;mo¿na podzieliæ na dobre (pozytywne) i z³e (negatywne).;Przyjêcie odpowiedniej postawy cia³a lub wykonanie prostych ruchów.;Wdech odbywa siê przez nos, a wydech – przez usta.;Codzienna troska o fizycznoœæ, opieraj¹ca siê na trzech g³ównych filarach: w³aœciwej diecie, odpowiedniej iloœci snu i ruchu.
10.8.2025 15:44:34;Akceptujê;nauczycielem;16-20 lat;Szko³a Podstawowa im. Janusza Korczaka w Gostomi;Obie odpowiedzi s¹ poprawne.;s¹ normalne i potrzebne, poniewa¿ realizuj¹ szereg wa¿nych funkcji.;Przyjêcie odpowiedniej postawy cia³a lub wykonanie prostych ruchów.;Wdech odbywa siê przez nos, a wydech – przez usta.;Codzienna troska o fizycznoœæ, opieraj¹ca siê na trzech g³ównych filarach: w³aœciwej diecie, odpowiedniej iloœci snu i ruchu.
10.8.2025 15:47:11;Akceptujê;nauczycielem;21 lat i wiêcej;Zespó³ Szkó³ im. Armii Krajowej w Brañsku;Obie odpowiedzi s¹ poprawne.;mo¿na podzieliæ na dobre (pozytywne) i z³e (negatywne).;Przyjêcie odpowiedniej postawy cia³a lub wykonanie prostych ruchów.;Wdech odbywa siê przez nos, a wydech – przez usta.;Codzienna troska o fizycznoœæ, opieraj¹ca siê na trzech g³ównych filarach: w³aœciwej diecie, odpowiedniej iloœci snu i ruchu.
10.8.2025 16:05:58;Akceptujê;nauczycielem;1-5 lat;Zespó³ Szkó³ im. Armii Krajowej w Brañsku;Uruchamiaj¹ ca³y zespó³ zmian w ciele, w sposobie myœlenia i zachowaniu cz³owieka.;s¹ normalne i potrzebne, poniewa¿ realizuj¹ szereg wa¿nych funkcji.;Przyjêcie odpowiedniej postawy cia³a lub wykonanie prostych ruchów.;Wdech odbywa siê przez nos, a wydech – przez usta.;Optymistyczne nastawienie do codziennoœci i koncentrowanie siê na pozytywnych aspektach w³asnego ¿ycia.
10.8.2025 16:14:27;Akceptujê;nauczycielem;16-20 lat;Zespó³ Szkó³ im. Armii Krajowej w Brañsku;Nie wiem;mo¿na podzieliæ na dobre (pozytywne) i z³e (negatywne).;Nie wiem;Nie wiem;Codzienna troska o fizycznoœæ, opieraj¹ca siê na trzech g³ównych filarach: w³aœciwej diecie, odpowiedniej iloœci snu i ruchu.
10.8.2025 16:18:43;Akceptujê;psychologiem;1-5 lat;Zespó³ Szkó³ im. Armii Krajowej w Brañsku;Obie odpowiedzi s¹ poprawne.;s¹ normalne i potrzebne, poniewa¿ realizuj¹ szereg wa¿nych funkcji.;Przyjêcie odpowiedniej postawy cia³a lub wykonanie prostych ruchów.;Wdech odbywa siê przez nos, a wydech – przez usta.;Codzienna troska o fizycznoœæ, opieraj¹ca siê na trzech g³ównych filarach: w³aœciwej diecie, odpowiedniej iloœci snu i ruchu.
10.8.2025 16:23:57;Akceptujê;nauczycielem;1-5 lat;Zespó³ Szkó³ im. Armii Krajowej w Brañsku;Obie odpowiedzi s¹ poprawne.;mo¿na podzieliæ na dobre (pozytywne) i z³e (negatywne).;Przyjêcie odpowiedniej postawy cia³a lub wykonanie prostych ruchów.;Wdech odbywa siê przez nos, a wydech – przez usta.;Codzienna troska o fizycznoœæ, opieraj¹ca siê na trzech g³ównych filarach: w³aœciwej diecie, odpowiedniej iloœci snu i ruchu.
10.8.2025 16:54:55;Akceptujê;nauczycielem;21 lat i wiêcej;Zespó³ Szkó³ im. Armii Krajowej w Brañsku;Uruchamiaj¹ ca³y zespó³ zmian w ciele, w sposobie myœlenia i zachowaniu cz³owieka.;mo¿na podzieliæ na dobre (pozytywne) i z³e (negatywne).;Zjedzenie czegoœ s³odkiego.;Wdech odbywa siê przez nos, a wydech – przez usta.;Optymistyczne nastawienie do codziennoœci i koncentrowanie siê na pozytywnych aspektach w³asnego ¿ycia.
10.8.2025 16:59:04;Akceptujê;nauczycielem;21 lat i wiêcej;Zespó³ Szkó³ im. Armii Krajowej w Brañsku;Obie odpowiedzi s¹ poprawne.;s¹ normalne i potrzebne, poniewa¿ realizuj¹ szereg wa¿nych funkcji.;Przyjêcie odpowiedniej postawy cia³a lub wykonanie prostych ruchów.;Wdech odbywa siê przez nos, a wydech – przez usta.;Codzienna troska o fizycznoœæ, opieraj¹ca siê na trzech g³ównych filarach: w³aœciwej diecie, odpowiedniej iloœci snu i ruchu.
10.8.2025 17:00:58;Akceptujê;nauczycielem;21 lat i wiêcej;Zespó³ Szkó³ im. Armii Krajowej w Brañsku;Obie odpowiedzi s¹ poprawne.;mo¿na podzieliæ na dobre (pozytywne) i z³e (negatywne).;Przyjêcie odpowiedniej postawy cia³a lub wykonanie prostych ruchów.;Wdech odbywa siê przez nos, a wydech – przez usta.;Optymistyczne nastawienie do codziennoœci i koncentrowanie siê na pozytywnych aspektach w³asnego ¿ycia.
10.8.2025 17:12:55;Akceptujê;nauczycielem;21 lat i wiêcej;Zespó³ Szkó³ im. Armii Krajowej w Brañsku;Obie odpowiedzi s¹ poprawne.;s¹ normalne i potrzebne, poniewa¿ realizuj¹ szereg wa¿nych funkcji.;Przyjêcie odpowiedniej postawy cia³a lub wykonanie prostych ruchów.;Wdech i wydech odbywaj¹ siê przez nos.;Codzienna troska o fizycznoœæ, opieraj¹ca siê na trzech g³ównych filarach: w³aœciwej diecie, odpowiedniej iloœci snu i ruchu.
10.8.2025 18:59:03;Akceptujê;nauczycielem;21 lat i wiêcej;Zespó³ Szkó³ im. Armii Krajowej w Brañsku;To reakcje, które pojawiaj¹ siê w odpowiedzi na subiektywnie wa¿n¹ dla danej osoby sytuacjê.;mo¿na podzieliæ na dobre (pozytywne) i z³e (negatywne).;Przyjêcie odpowiedniej postawy cia³a lub wykonanie prostych ruchów.;Wdech i wydech odbywaj¹ siê przez nos.;Optymistyczne nastawienie do codziennoœci i koncentrowanie siê na pozytywnych aspektach w³asnego ¿ycia.
10.15.2025 15:43:47;Akceptujê;nauczycielem;1-5 lat;Morska Szko³a Podstawowa im. Aleksandra Doby w Gdañsku;Obie odpowiedzi s¹ poprawne.;s¹ normalne i potrzebne, poniewa¿ realizuj¹ szereg wa¿nych funkcji.;Przyjêcie odpowiedniej postawy cia³a lub wykonanie prostych ruchów.;Wdech odbywa siê przez nos, a wydech – przez usta.;Codzienna troska o fizycznoœæ, opieraj¹ca siê na trzech g³ównych filarach: w³aœciwej diecie, odpowiedniej iloœci snu i ruchu.
10.15.2025 15:43:57;Akceptujê;nauczycielem;mniej ni¿ rok;Morska Szko³a Podstawowa im. Aleksandra Doby w Gdañsku;Obie odpowiedzi s¹ poprawne.;mo¿na podzieliæ na dobre (pozytywne) i z³e (negatywne).;Przyjêcie odpowiedniej postawy cia³a lub wykonanie prostych ruchów.;Wdech odbywa siê przez nos, a wydech – przez usta.;Optymistyczne nastawienie do codziennoœci i koncentrowanie siê na pozytywnych aspektach w³asnego ¿ycia.
10.15.2025 15:44:22;Akceptujê;psychologiem;6-10 lat;Morska Szko³a Podstawowa im. Aleksandra Doby w Gdañsku;Obie odpowiedzi s¹ poprawne.;s¹ normalne i potrzebne, poniewa¿ realizuj¹ szereg wa¿nych funkcji.;Przyjêcie odpowiedniej postawy cia³a lub wykonanie prostych ruchów.;Wdech odbywa siê przez nos, a wydech – przez usta.;Codzienna troska o fizycznoœæ, opieraj¹ca siê na trzech g³ównych filarach: w³aœciwej diecie, odpowiedniej iloœci snu i ruchu.
10.15.2025 15:44:32;Akceptujê;nauczycielem;1-5 lat;Morska Szko³a Podstawowa im. Aleksandra Doby w Gdañsku;Obie odpowiedzi s¹ poprawne.;s¹ normalne i potrzebne, poniewa¿ realizuj¹ szereg wa¿nych funkcji.;Nie wiem;Wdech odbywa siê przez nos, a wydech – przez usta.;Codzienna troska o fizycznoœæ, opieraj¹ca siê na trzech g³ównych filarach: w³aœciwej diecie, odpowiedniej iloœci snu i ruchu.
10.15.2025 15:44:57;Akceptujê;nauczycielem;1-5 lat;Morska Szko³a Podstawowa im. Aleksandra Doby w Gdañsku;Obie odpowiedzi s¹ poprawne.;s¹ normalne i potrzebne, poniewa¿ realizuj¹ szereg wa¿nych funkcji.;Przyjêcie odpowiedniej postawy cia³a lub wykonanie prostych ruchów.;Wdech odbywa siê przez nos, a wydech – przez usta.;Optymistyczne nastawienie do codziennoœci i koncentrowanie siê na pozytywnych aspektach w³asnego ¿ycia.
10.15.2025 15:45:10;Akceptujê;nauczycielem;1-5 lat;Morska Szko³a Podstawowa im. Aleksandra Doby w Gdañsku;Obie odpowiedzi s¹ poprawne.;s¹ normalne i potrzebne, poniewa¿ realizuj¹ szereg wa¿nych funkcji.;Przyjêcie odpowiedniej postawy cia³a lub wykonanie prostych ruchów.;Wdech odbywa siê przez nos, a wydech – przez usta.;Codzienna troska o fizycznoœæ, opieraj¹ca siê na trzech g³ównych filarach: w³aœciwej diecie, odpowiedniej iloœci snu i ruchu.
10.15.2025 15:45:16;Akceptujê;Nauczyciel wspó³organizuj¹cy kszta³cenie ;1-5 lat;Morska Szko³a Podstawowa im. Aleksandra Doby w Gdañsku;Obie odpowiedzi s¹ poprawne.;s¹ normalne i potrzebne, poniewa¿ realizuj¹ szereg wa¿nych funkcji.;Przyjêcie odpowiedniej postawy cia³a lub wykonanie prostych ruchów.;Wdech odbywa siê przez nos, a wydech – przez usta.;Optymistyczne nastawienie do codziennoœci i koncentrowanie siê na pozytywnych aspektach w³asnego ¿ycia.
10.15.2025 15:45:35;Akceptujê;nauczyciel wspó³organizuj¹cy kszta³cenie;11-15 lat;Morska Szko³a Podstawowa im. Aleksandra Doby w Gdañsku;Obie odpowiedzi s¹ poprawne.;mo¿na podzieliæ na dobre (pozytywne) i z³e (negatywne).;Nie wiem;Wdech odbywa siê przez nos, a wydech – przez usta.;Optymistyczne nastawienie do codziennoœci i koncentrowanie siê na pozytywnych aspektach w³asnego ¿ycia.
10.15.2025 15:46:08;Akceptujê;nauczycielem;11-15 lat;Morska Szko³a Podstawowa im. Aleksandra Doby w Gdañsku;To reakcje, które pojawiaj¹ siê w odpowiedzi na subiektywnie wa¿n¹ dla danej osoby sytuacjê.;mo¿na podzieliæ na dobre (pozytywne) i z³e (negatywne).;Przyjêcie odpowiedniej postawy cia³a lub wykonanie prostych ruchów.;Wdech odbywa siê przez nos, a wydech – przez usta.;Optymistyczne nastawienie do codziennoœci i koncentrowanie siê na pozytywnych aspektach w³asnego ¿ycia.
10.15.2025 15:46:15;Akceptujê;nauczycielem;1-5 lat;Morska Szko³a Podstawowa im. Aleksandra Doby w Gdañsku;Obie odpowiedzi s¹ poprawne.;s¹ normalne i potrzebne, poniewa¿ realizuj¹ szereg wa¿nych funkcji.;Nie wiem;Wdech odbywa siê przez nos, a wydech – przez usta.;Optymistyczne nastawienie do codziennoœci i koncentrowanie siê na pozytywnych aspektach w³asnego ¿ycia.
10.15.2025 15:46:43;Akceptujê;nauczycielem;6-10 lat;Morska Szko³a Podstawowa im. Aleksandra Doby w Gdañsku;Obie odpowiedzi s¹ poprawne.;s¹ normalne i potrzebne, poniewa¿ realizuj¹ szereg wa¿nych funkcji.;Nie wiem;Wdech i wydech odbywaj¹ siê przez nos.;Codzienna troska o fizycznoœæ, opieraj¹ca siê na trzech g³ównych filarach: w³aœciwej diecie, odpowiedniej iloœci snu i ruchu.
10.15.2025 15:47:10;Akceptujê;dyrektorem/wicedyrektorem;1-5 lat;Morska Szko³a Podstawowa im. Aleksandra Doby w Gdañsku;Obie odpowiedzi s¹ poprawne.;s¹ normalne i potrzebne, poniewa¿ realizuj¹ szereg wa¿nych funkcji.;Przyjêcie odpowiedniej postawy cia³a lub wykonanie prostych ruchów.;Wdech odbywa siê przez nos, a wydech – przez usta.;Codzienna troska o fizycznoœæ, opieraj¹ca siê na trzech g³ównych filarach: w³aœciwej diecie, odpowiedniej iloœci snu i ruchu.
10.15.2025 15:47:14;Akceptujê;nauczycielem;6-10 lat;Morska Szko³a Podstawowa im. Aleksandra Doby w Gdañsku;Obie odpowiedzi s¹ poprawne.;s¹ normalne i potrzebne, poniewa¿ realizuj¹ szereg wa¿nych funkcji.;Przyjêcie odpowiedniej postawy cia³a lub wykonanie prostych ruchów.;Wdech odbywa siê przez nos, a wydech – przez usta.;Codzienna troska o fizycznoœæ, opieraj¹ca siê na trzech g³ównych filarach: w³aœciwej diecie, odpowiedniej iloœci snu i ruchu.
10.15.2025 15:47:18;Akceptujê;nauczycielem;1-5 lat;Morska Szko³a Podstawowa im. Aleksandra Doby w Gdañsku;To reakcje, które pojawiaj¹ siê w odpowiedzi na subiektywnie wa¿n¹ dla danej osoby sytuacjê.;s¹ normalne i potrzebne, poniewa¿ realizuj¹ szereg wa¿nych funkcji.;Przyjêcie odpowiedniej postawy cia³a lub wykonanie prostych ruchów.;Wdech odbywa siê przez nos, a wydech – przez usta.;Codzienna troska o fizycznoœæ, opieraj¹ca siê na trzech g³ównych filarach: w³aœciwej diecie, odpowiedniej iloœci snu i ruchu.
10.15.2025 15:47:35;Akceptujê;nauczycielem;6-10 lat;Morska Szko³a Podstawowa im. Aleksandra Doby w Gdañsku;Obie odpowiedzi s¹ poprawne.;mo¿na podzieliæ na dobre (pozytywne) i z³e (negatywne).;Przyjêcie odpowiedniej postawy cia³a lub wykonanie prostych ruchów.;Wdech odbywa siê przez nos, a wydech – przez usta.;Optymistyczne nastawienie do codziennoœci i koncentrowanie siê na pozytywnych aspektach w³asnego ¿ycia.
10.15.2025 15:47:46;Akceptujê;psychologiem;16-20 lat;Morska Szko³a Podstawowa im. Aleksandra Doby w Gdañsku;Obie odpowiedzi s¹ poprawne.;s¹ normalne i potrzebne, poniewa¿ realizuj¹ szereg wa¿nych funkcji.;Przyjêcie odpowiedniej postawy cia³a lub wykonanie prostych ruchów.;Wdech i wydech odbywaj¹ siê przez nos.;Codzienna troska o fizycznoœæ, opieraj¹ca siê na trzech g³ównych filarach: w³aœciwej diecie, odpowiedniej iloœci snu i ruchu.
10.15.2025 15:53:19;Akceptujê;nauczycielem;1-5 lat;Morska Szko³a Podstawowa im. Aleksandra Doby w Gdañsku;Obie odpowiedzi s¹ poprawne.;s¹ normalne i potrzebne, poniewa¿ realizuj¹ szereg wa¿nych funkcji.;Zjedzenie czegoœ s³odkiego.;Wdech odbywa siê przez nos, a wydech – przez usta.;Optymistyczne nastawienie do codziennoœci i koncentrowanie siê na pozytywnych aspektach w³asnego ¿ycia.
10.15.2025 15:58:13;Akceptujê;nauczycielem;1-5 lat;Morska Szko³a Podstawowa im. Aleksandra Doby w Gdañsku;Obie odpowiedzi s¹ poprawne.;s¹ normalne i potrzebne, poniewa¿ realizuj¹ szereg wa¿nych funkcji.;Przyjêcie odpowiedniej postawy cia³a lub wykonanie prostych ruchów.;Wdech odbywa siê przez nos, a wydech – przez usta.;Codzienna troska o fizycznoœæ, opieraj¹ca siê na trzech g³ównych filarach: w³aœciwej diecie, odpowiedniej iloœci snu i ruchu.
10.15.2025 16:19:35;Akceptujê;psychologiem;16-20 lat;Morska Szko³a Podstawowa im. Aleksandra Doby w Gdañsku;Obie odpowiedzi s¹ poprawne.;s¹ normalne i potrzebne, poniewa¿ realizuj¹ szereg wa¿nych funkcji.;Przyjêcie odpowiedniej postawy cia³a lub wykonanie prostych ruchów.;Wdech i wydech odbywaj¹ siê przez nos.;Codzienna troska o fizycznoœæ, opieraj¹ca siê na trzech g³ównych filarach: w³aœciwej diecie, odpowiedniej iloœci snu i ruchu.
10.20.2025 15:00:23;Akceptujê;pedagogiem;6-10 lat;Zespó³ Szkó³ Zawodowych w Bogatyni;Obie odpowiedzi s¹ poprawne.;s¹ normalne i potrzebne, poniewa¿ realizuj¹ szereg wa¿nych funkcji.;Przyjêcie odpowiedniej postawy cia³a lub wykonanie prostych ruchów.;Wdech odbywa siê przez nos, a wydech – przez usta.;Codzienna troska o fizycznoœæ, opieraj¹ca siê na trzech g³ównych filarach: w³aœciwej diecie, odpowiedniej iloœci snu i ruchu.
10.20.2025 15:00:58;Akceptujê;nauczycielem;21 lat i wiêcej;Zespó³ Szkó³ Zawodowych w Bogatyni;Obie odpowiedzi s¹ poprawne.;s¹ normalne i potrzebne, poniewa¿ realizuj¹ szereg wa¿nych funkcji.;Przyjêcie odpowiedniej postawy cia³a lub wykonanie prostych ruchów.;Wdech odbywa siê przez nos, a wydech – przez usta.;Codzienna troska o fizycznoœæ, opieraj¹ca siê na trzech g³ównych filarach: w³aœciwej diecie, odpowiedniej iloœci snu i ruchu.
10.20.2025 15:03:46;Akceptujê;nauczycielem;11-15 lat;Zespó³ Szkó³ Zawodowych w Bogatyni;Obie odpowiedzi s¹ poprawne.;s¹ normalne i potrzebne, poniewa¿ realizuj¹ szereg wa¿nych funkcji.;Przyjêcie odpowiedniej postawy cia³a lub wykonanie prostych ruchów.;Wdech odbywa siê przez nos, a wydech – przez usta.;Codzienna troska o fizycznoœæ, opieraj¹ca siê na trzech g³ównych filarach: w³aœciwej diecie, odpowiedniej iloœci snu i ruchu.
10.20.2025 15:04:08;Akceptujê;psychologiem;11-15 lat;Zespó³ Szkó³ Zawodowych w Bogatyni;Obie odpowiedzi s¹ poprawne.;s¹ normalne i potrzebne, poniewa¿ realizuj¹ szereg wa¿nych funkcji.;Przyjêcie odpowiedniej postawy cia³a lub wykonanie prostych ruchów.;Wdech odbywa siê przez nos, a wydech – przez usta.;Codzienna troska o fizycznoœæ, opieraj¹ca siê na trzech g³ównych filarach: w³aœciwej diecie, odpowiedniej iloœci snu i ruchu.
10.20.2025 15:07:50;Akceptujê;nauczycielem;16-20 lat;Zespó³ Szkó³ Zawodowych w Bogatyni;Obie odpowiedzi s¹ poprawne.;Nie wiem;Przyjêcie odpowiedniej postawy cia³a lub wykonanie prostych ruchów.;Wdech odbywa siê przez nos, a wydech – przez usta.;Codzienna troska o fizycznoœæ, opieraj¹ca siê na trzech g³ównych filarach: w³aœciwej diecie, odpowiedniej iloœci snu i ruchu.
10.20.2025 15:08:20;Akceptujê;nauczycielem;11-15 lat;Zespó³ Szkó³ Zawodowych w Bogatyni;Obie odpowiedzi s¹ poprawne.;mo¿na podzieliæ na dobre (pozytywne) i z³e (negatywne).;Przyjêcie odpowiedniej postawy cia³a lub wykonanie prostych ruchów.;Wdech odbywa siê przez nos, a wydech – przez usta.;Codzienna troska o fizycznoœæ, opieraj¹ca siê na trzech g³ównych filarach: w³aœciwej diecie, odpowiedniej iloœci snu i ruchu.
10.20.2025 15:10:26;Akceptujê;nauczycielem;21 lat i wiêcej;Zespó³ Szkó³ Zawodowych w Bogatyni;Obie odpowiedzi s¹ poprawne.;s¹ normalne i potrzebne, poniewa¿ realizuj¹ szereg wa¿nych funkcji.;Zjedzenie czegoœ s³odkiego.;Wdech odbywa siê przez nos, a wydech – przez usta.;Optymistyczne nastawienie do codziennoœci i koncentrowanie siê na pozytywnych aspektach w³asnego ¿ycia.
10.20.2025 15:12:47;Akceptujê;dyrektorem/wicedyrektorem;21 lat i wiêcej;Zespó³ Szkó³ Zawodowych w Bogatyni;Uruchamiaj¹ ca³y zespó³ zmian w ciele, w sposobie myœlenia i zachowaniu cz³owieka.;s¹ normalne i potrzebne, poniewa¿ realizuj¹ szereg wa¿nych funkcji.;Przyjêcie odpowiedniej postawy cia³a lub wykonanie prostych ruchów.;Wdech i wydech odbywaj¹ siê przez nos.;Codzienna troska o fizycznoœæ, opieraj¹ca siê na trzech g³ównych filarach: w³aœciwej diecie, odpowiedniej iloœci snu i ruchu.
10.20.2025 15:23:39;Akceptujê;nauczycielem;21 lat i wiêcej;Zespó³ Szkó³ Zawodowych w Bogatyni;Obie odpowiedzi s¹ poprawne.;mo¿na podzieliæ na dobre (pozytywne) i z³e (negatywne).;Przyjêcie odpowiedniej postawy cia³a lub wykonanie prostych ruchów.;Wdech odbywa siê przez nos, a wydech – przez usta.;Optymistyczne nastawienie do codziennoœci i koncentrowanie siê na pozytywnych aspektach w³asnego ¿ycia.
10.20.2025 15:36:04;Akceptujê;nauczycielem;16-20 lat;Zespó³ Szkó³ Zawodowych w Bogatyni;Obie odpowiedzi s¹ poprawne.;s¹ normalne i potrzebne, poniewa¿ realizuj¹ szereg wa¿nych funkcji.;Nie wiem;Wdech odbywa siê przez nos, a wydech – przez usta.;Codzienna troska o fizycznoœæ, opieraj¹ca siê na trzech g³ównych filarach: w³aœciwej diecie, odpowiedniej iloœci snu i ruchu.
10.20.2025 15:50:49;Akceptujê;nauczycielem;21 lat i wiêcej;Zespó³ Szkó³ Przyrodniczych i Bran¿owych w G³ogowie;Obie odpowiedzi s¹ poprawne.;s¹ normalne i potrzebne, poniewa¿ realizuj¹ szereg wa¿nych funkcji.;Przyjêcie odpowiedniej postawy cia³a lub wykonanie prostych ruchów.;Wdech odbywa siê przez nos, a wydech – przez usta.;Codzienna troska o fizycznoœæ, opieraj¹ca siê na trzech g³ównych filarach: w³aœciwej diecie, odpowiedniej iloœci snu i ruchu.
10.20.2025 15:51:35;Akceptujê;nauczycielem;1-5 lat;Zespó³ Szkó³ Przyrodniczych i Bran¿owych w G³ogowie;Obie odpowiedzi s¹ poprawne.;mo¿na podzieliæ na dobre (pozytywne) i z³e (negatywne).;Przyjêcie odpowiedniej postawy cia³a lub wykonanie prostych ruchów.;Wdech odbywa siê przez usta, a wydech – przez nos.;Optymistyczne nastawienie do codziennoœci i koncentrowanie siê na pozytywnych aspektach w³asnego ¿ycia.
10.20.2025 15:52:05;Akceptujê;nauczycielem;16-20 lat;Zespó³ Szkó³ Przyrodniczych i Bran¿owych w G³ogowie;To reakcje, które pojawiaj¹ siê w odpowiedzi na subiektywnie wa¿n¹ dla danej osoby sytuacjê.;s¹ normalne i potrzebne, poniewa¿ realizuj¹ szereg wa¿nych funkcji.;Przyjêcie odpowiedniej postawy cia³a lub wykonanie prostych ruchów.;Wdech i wydech odbywaj¹ siê przez nos.;Codzienna troska o fizycznoœæ, opieraj¹ca siê na trzech g³ównych filarach: w³aœciwej diecie, odpowiedniej iloœci snu i ruchu.
10.20.2025 15:53:14;Akceptujê;nauczycielem;1-5 lat;Zespó³ Szkó³ Przyrodniczych i Bran¿owych w G³ogowie;Obie odpowiedzi s¹ poprawne.;s¹ normalne i potrzebne, poniewa¿ realizuj¹ szereg wa¿nych funkcji.;Przyjêcie odpowiedniej postawy cia³a lub wykonanie prostych ruchów.;Wdech odbywa siê przez nos, a wydech – przez usta.;Codzienna troska o fizycznoœæ, opieraj¹ca siê na trzech g³ównych filarach: w³aœciwej diecie, odpowiedniej iloœci snu i ruchu.
10.20.2025 15:53:47;Akceptujê;nauczycielem;21 lat i wiêcej;Zespó³ Szkó³ Przyrodniczych i Bran¿owych w G³ogowie;Obie odpowiedzi s¹ poprawne.;mo¿na podzieliæ na dobre (pozytywne) i z³e (negatywne).;Przyjêcie odpowiedniej postawy cia³a lub wykonanie prostych ruchów.;Wdech odbywa siê przez nos, a wydech – przez usta.;Codzienna troska o fizycznoœæ, opieraj¹ca siê na trzech g³ównych filarach: w³aœciwej diecie, odpowiedniej iloœci snu i ruchu.
10.20.2025 15:54:15;Akceptujê;nauczycielem;21 lat i wiêcej;Zespó³ Szkó³ Przyrodniczych i Bran¿owych w G³ogowie;To reakcje, które pojawiaj¹ siê w odpowiedzi na subiektywnie wa¿n¹ dla danej osoby sytuacjê.;s¹ normalne i potrzebne, poniewa¿ realizuj¹ szereg wa¿nych funkcji.;Przyjêcie odpowiedniej postawy cia³a lub wykonanie prostych ruchów.;Wdech odbywa siê przez nos, a wydech – przez usta.;Codzienna troska o fizycznoœæ, opieraj¹ca siê na trzech g³ównych filarach: w³aœciwej diecie, odpowiedniej iloœci snu i ruchu.
10.20.2025 15:54:26;Akceptujê;nauczycielem;21 lat i wiêcej;Zespó³ Szkó³ Przyrodniczych i Bran¿owych w G³ogowie;Obie odpowiedzi s¹ poprawne.;mo¿na podzieliæ na dobre (pozytywne) i z³e (negatywne).;Przyjêcie odpowiedniej postawy cia³a lub wykonanie prostych ruchów.;Wdech odbywa siê przez nos, a wydech – przez usta.;Codzienna troska o fizycznoœæ, opieraj¹ca siê na trzech g³ównych filarach: w³aœciwej diecie, odpowiedniej iloœci snu i ruchu.
10.20.2025 16:00:28;Akceptujê;nauczycielem;1-5 lat;Zespó³ Szkó³ Przyrodniczych i Bran¿owych w G³ogowie;Obie odpowiedzi s¹ poprawne.;s¹ normalne i potrzebne, poniewa¿ realizuj¹ szereg wa¿nych funkcji.;Przyjêcie odpowiedniej postawy cia³a lub wykonanie prostych ruchów.;Wdech odbywa siê przez nos, a wydech – przez usta.;Nie wiem
10.20.2025 16:07:28;Akceptujê;nauczycielem;6-10 lat;Zespó³ Szkó³ Przyrodniczych i Bran¿owych w G³ogowie;Obie odpowiedzi s¹ poprawne.;s¹ normalne i potrzebne, poniewa¿ realizuj¹ szereg wa¿nych funkcji.;Przyjêcie odpowiedniej postawy cia³a lub wykonanie prostych ruchów.;Nie wiem;Codzienna troska o fizycznoœæ, opieraj¹ca siê na trzech g³ównych filarach: w³aœciwej diecie, odpowiedniej iloœci snu i ruchu.
10.20.2025 16:10:20;Akceptujê;nauczycielem;6-10 lat;Zespó³ Szkó³ Przyrodniczych i Bran¿owych w G³ogowie;Uruchamiaj¹ ca³y zespó³ zmian w ciele, w sposobie myœlenia i zachowaniu cz³owieka.;mo¿na podzieliæ na dobre (pozytywne) i z³e (negatywne).;Przyjêcie odpowiedniej postawy cia³a lub wykonanie prostych ruchów.;Wdech odbywa siê przez usta, a wydech – przez nos.;Codzienna troska o fizycznoœæ, opieraj¹ca siê na trzech g³ównych filarach: w³aœciwej diecie, odpowiedniej iloœci snu i ruchu.
10.20.2025 16:24:51;Akceptujê;dyrektorem/wicedyrektorem;16-20 lat;Zespó³ Szkó³ Zawodowych w Bogatyni;To reakcje, które pojawiaj¹ siê w odpowiedzi na subiektywnie wa¿n¹ dla danej osoby sytuacjê.;s¹ normalne i potrzebne, poniewa¿ realizuj¹ szereg wa¿nych funkcji.;Przyjêcie odpowiedniej postawy cia³a lub wykonanie prostych ruchów.;Wdech odbywa siê przez usta, a wydech – przez nos.;Codzienna troska o fizycznoœæ, opieraj¹ca siê na trzech g³ównych filarach: w³aœciwej diecie, odpowiedniej iloœci snu i ruchu.
10.20.2025 17:01:40;Akceptujê;pedagogiem;1-5 lat;Zespó³ Szkó³ Przyrodniczych i Bran¿owych w G³ogowie;Obie odpowiedzi s¹ poprawne.;s¹ normalne i potrzebne, poniewa¿ realizuj¹ szereg wa¿nych funkcji.;Przyjêcie odpowiedniej postawy cia³a lub wykonanie prostych ruchów.;Wdech odbywa siê przez nos, a wydech – przez usta.;Codzienna troska o fizycznoœæ, opieraj¹ca siê na trzech g³ównych filarach: w³aœciwej diecie, odpowiedniej iloœci snu i ruchu.
10.20.2025 18:05:50;Akceptujê;nauczycielem;21 lat i wiêcej;Zespó³ Szkó³ Przyrodniczych i Bran¿owych w G³ogowie;Obie odpowiedzi s¹ poprawne.;s¹ normalne i potrzebne, poniewa¿ realizuj¹ szereg wa¿nych funkcji.;Przyjêcie odpowiedniej postawy cia³a lub wykonanie prostych ruchów.;Wdech odbywa siê przez nos, a wydech – przez usta.;Codzienna troska o fizycznoœæ, opieraj¹ca siê na trzech g³ównych filarach: w³aœciwej diecie, odpowiedniej iloœci snu i ruchu.
10.21.2025 14:57:26;Akceptujê;pedagogiem;1-5 lat;Zespó³ Szkó³ im. Stanis³awa Staszica w Miêtnem;Obie odpowiedzi s¹ poprawne.;s¹ normalne i potrzebne, poniewa¿ realizuj¹ szereg wa¿nych funkcji.;Przyjêcie odpowiedniej postawy cia³a lub wykonanie prostych ruchów.;Wdech i wydech odbywaj¹ siê przez nos.;Codzienna troska o fizycznoœæ, opieraj¹ca siê na trzech g³ównych filarach: w³aœciwej diecie, odpowiedniej iloœci snu i ruchu.
10.21.2025 14:57:31;Akceptujê;nauczycielem;21 lat i wiêcej;Zespó³ Szkó³ im. Stanis³awa Staszica w Miêtnem;Obie odpowiedzi s¹ poprawne.;s¹ normalne i potrzebne, poniewa¿ realizuj¹ szereg wa¿nych funkcji.;Przyjêcie odpowiedniej postawy cia³a lub wykonanie prostych ruchów.;Wdech odbywa siê przez nos, a wydech – przez usta.;Codzienna troska o fizycznoœæ, opieraj¹ca siê na trzech g³ównych filarach: w³aœciwej diecie, odpowiedniej iloœci snu i ruchu.
10.21.2025 14:57:52;Akceptujê;nauczycielem;21 lat i wiêcej;Zespó³ Szkó³ im. Stanis³awa Staszica w Miêtnem;Obie odpowiedzi s¹ poprawne.;s¹ normalne i potrzebne, poniewa¿ realizuj¹ szereg wa¿nych funkcji.;Przyjêcie odpowiedniej postawy cia³a lub wykonanie prostych ruchów.;Wdech odbywa siê przez nos, a wydech – przez usta.;Codzienna troska o fizycznoœæ, opieraj¹ca siê na trzech g³ównych filarach: w³aœciwej diecie, odpowiedniej iloœci snu i ruchu.
10.21.2025 14:59:23;Akceptujê;psychologiem;21 lat i wiêcej;Zespó³ Szkó³ im. Stanis³awa Staszica w Miêtnem;Obie odpowiedzi s¹ poprawne.;s¹ normalne i potrzebne, poniewa¿ realizuj¹ szereg wa¿nych funkcji.;Przyjêcie odpowiedniej postawy cia³a lub wykonanie prostych ruchów.;Wdech odbywa siê przez nos, a wydech – przez usta.;Codzienna troska o fizycznoœæ, opieraj¹ca siê na trzech g³ównych filarach: w³aœciwej diecie, odpowiedniej iloœci snu i ruchu.
10.21.2025 15:00:35;Akceptujê;nauczycielem;6-10 lat;Zespó³ Szkó³ im. Stanis³awa Staszica w Miêtnem;Obie odpowiedzi s¹ poprawne.;s¹ normalne i potrzebne, poniewa¿ realizuj¹ szereg wa¿nych funkcji.;Przyjêcie odpowiedniej postawy cia³a lub wykonanie prostych ruchów.;Wdech odbywa siê przez nos, a wydech – przez usta.;Codzienna troska o fizycznoœæ, opieraj¹ca siê na trzech g³ównych filarach: w³aœciwej diecie, odpowiedniej iloœci snu i ruchu.
10.21.2025 15:01:04;Akceptujê;nauczycielem;1-5 lat;Zespó³ Szkó³ im. Stanis³awa Staszica w Miêtnem;To reakcje, które pojawiaj¹ siê w odpowiedzi na subiektywnie wa¿n¹ dla danej osoby sytuacjê.;mo¿na podzieliæ na dobre (pozytywne) i z³e (negatywne).;Nie wiem;Wdech odbywa siê przez usta, a wydech – przez nos.;Optymistyczne nastawienie do codziennoœci i koncentrowanie siê na pozytywnych aspektach w³asnego ¿ycia.
10.21.2025 15:01:29;Akceptujê;nauczycielem;21 lat i wiêcej;Zespó³ Szkó³ im. Stanis³awa Staszica w Miêtnem;To reakcje, które pojawiaj¹ siê w odpowiedzi na subiektywnie wa¿n¹ dla danej osoby sytuacjê.;mo¿na podzieliæ na dobre (pozytywne) i z³e (negatywne).;Przyjêcie odpowiedniej postawy cia³a lub wykonanie prostych ruchów.;Wdech odbywa siê przez nos, a wydech – przez usta.;Codzienna troska o fizycznoœæ, opieraj¹ca siê na trzech g³ównych filarach: w³aœciwej diecie, odpowiedniej iloœci snu i ruchu.
10.21.2025 15:03:27;Akceptujê;nauczycielem;11-15 lat;Zespó³ Szkó³ im. Stanis³awa Staszica w Miêtnem;Obie odpowiedzi s¹ poprawne.;s¹ normalne i potrzebne, poniewa¿ realizuj¹ szereg wa¿nych funkcji.;Przyjêcie odpowiedniej postawy cia³a lub wykonanie prostych ruchów.;Wdech odbywa siê przez nos, a wydech – przez usta.;Optymistyczne nastawienie do codziennoœci i koncentrowanie siê na pozytywnych aspektach w³asnego ¿ycia.
10.21.2025 15:06:14;Akceptujê;nauczycielem;6-10 lat;Zespó³ Szkó³ im. Stanis³awa Staszica w Miêtnem;Obie odpowiedzi s¹ poprawne.;s¹ normalne i potrzebne, poniewa¿ realizuj¹ szereg wa¿nych funkcji.;Przyjêcie odpowiedniej postawy cia³a lub wykonanie prostych ruchów.;Wdech odbywa siê przez nos, a wydech – przez usta.;Codzienna troska o fizycznoœæ, opieraj¹ca siê na trzech g³ównych filarach: w³aœciwej diecie, odpowiedniej iloœci snu i ruchu.
10.21.2025 15:07:43;Akceptujê;nauczycielem;1-5 lat;Zespó³ Szkó³ im. Stanis³awa Staszica w Miêtnem;Obie odpowiedzi s¹ poprawne.;mo¿na podzieliæ na dobre (pozytywne) i z³e (negatywne).;Przyjêcie odpowiedniej postawy cia³a lub wykonanie prostych ruchów.;Wdech odbywa siê przez nos, a wydech – przez usta.;Codzienna troska o fizycznoœæ, opieraj¹ca siê na trzech g³ównych filarach: w³aœciwej diecie, odpowiedniej iloœci snu i ruchu.
10.21.2025 15:10:26;Akceptujê;nauczycielem;1-5 lat;Zespó³ Szkó³ im. Stanis³awa Staszica w Miêtnem;Obie odpowiedzi s¹ poprawne.;s¹ normalne i potrzebne, poniewa¿ realizuj¹ szereg wa¿nych funkcji.;Przyjêcie odpowiedniej postawy cia³a lub wykonanie prostych ruchów.;Wdech odbywa siê przez nos, a wydech – przez usta.;Codzienna troska o fizycznoœæ, opieraj¹ca siê na trzech g³ównych filarach: w³aœciwej diecie, odpowiedniej iloœci snu i ruchu.
10.21.2025 15:11:59;Akceptujê;nauczycielem;16-20 lat;Zespó³ Szkó³ im. Stanis³awa Staszica w Miêtnem;Obie odpowiedzi s¹ poprawne.;mo¿na podzieliæ na dobre (pozytywne) i z³e (negatywne).;Przyjêcie odpowiedniej postawy cia³a lub wykonanie prostych ruchów.;Wdech odbywa siê przez nos, a wydech – przez usta.;Optymistyczne nastawienie do codziennoœci i koncentrowanie siê na pozytywnych aspektach w³asnego ¿ycia.
10.21.2025 15:16:51;Akceptujê;nauczycielem;21 lat i wiêcej;Zespó³ Szkó³ im. Stanis³awa Staszica w Miêtnem;Obie odpowiedzi s¹ poprawne.;mo¿na podzieliæ na dobre (pozytywne) i z³e (negatywne).;Przyjêcie odpowiedniej postawy cia³a lub wykonanie prostych ruchów.;Wdech odbywa siê przez usta, a wydech – przez nos.;Optymistyczne nastawienie do codziennoœci i koncentrowanie siê na pozytywnych aspektach w³asnego ¿ycia.
10.21.2025 15:18:39;Akceptujê;nauczycielem;1-5 lat;Zespó³ Szkó³ im. Stanis³awa Staszica w Miêtnem;To reakcje, które pojawiaj¹ siê w odpowiedzi na subiektywnie wa¿n¹ dla danej osoby sytuacjê.;s¹ normalne i potrzebne, poniewa¿ realizuj¹ szereg wa¿nych funkcji.;Nie wiem;Nie wiem;Codzienna troska o fizycznoœæ, opieraj¹ca siê na trzech g³ównych filarach: w³aœciwej diecie, odpowiedniej iloœci snu i ruchu.
10.21.2025 15:19:37;Akceptujê;nauczycielem;21 lat i wiêcej;Zespó³ Szkó³ im. Stanis³awa Staszica w Miêtnem;Obie odpowiedzi s¹ poprawne.;s¹ normalne i potrzebne, poniewa¿ realizuj¹ szereg wa¿nych funkcji.;Nie wiem;Wdech odbywa siê przez nos, a wydech – przez usta.;Optymistyczne nastawienie do codziennoœci i koncentrowanie siê na pozytywnych aspektach w³asnego ¿ycia.
10.21.2025 15:20:05;Akceptujê;nauczycielem;21 lat i wiêcej;Zespó³ Szkó³ im. Stanis³awa Staszica w Miêtnem;Obie odpowiedzi s¹ poprawne.;s¹ normalne i potrzebne, poniewa¿ realizuj¹ szereg wa¿nych funkcji.;Przyjêcie odpowiedniej postawy cia³a lub wykonanie prostych ruchów.;Wdech odbywa siê przez nos, a wydech – przez usta.;Codzienna troska o fizycznoœæ, opieraj¹ca siê na trzech g³ównych filarach: w³aœciwej diecie, odpowiedniej iloœci snu i ruchu.
10.21.2025 15:20:12;Akceptujê;nauczycielem;21 lat i wiêcej;Zespó³ Szkó³ im. Stanis³awa Staszica w Miêtnem;To reakcje, które pojawiaj¹ siê w odpowiedzi na subiektywnie wa¿n¹ dla danej osoby sytuacjê.;mo¿na podzieliæ na dobre (pozytywne) i z³e (negatywne).;Przyjêcie odpowiedniej postawy cia³a lub wykonanie prostych ruchów.;Wdech odbywa siê przez nos, a wydech – przez usta.;Codzienna troska o fizycznoœæ, opieraj¹ca siê na trzech g³ównych filarach: w³aœciwej diecie, odpowiedniej iloœci snu i ruchu.
10.21.2025 15:21:47;Akceptujê;nauczycielem;1-5 lat;Zespó³ Szkó³ im. Stanis³awa Staszica w Miêtnem;Obie odpowiedzi s¹ poprawne.;mo¿na podzieliæ na dobre (pozytywne) i z³e (negatywne).;Przyjêcie odpowiedniej postawy cia³a lub wykonanie prostych ruchów.;Nie wiem;Nie wiem
10.21.2025 15:23:30;Akceptujê;nauczycielem;1-5 lat;Zespó³ Szkó³ im. Stanis³awa Staszica w Miêtnem;Obie odpowiedzi s¹ poprawne.;mo¿na podzieliæ na dobre (pozytywne) i z³e (negatywne).;Przyjêcie odpowiedniej postawy cia³a lub wykonanie prostych ruchów.;Wdech odbywa siê przez nos, a wydech – przez usta.;Optymistyczne nastawienie do codziennoœci i koncentrowanie siê na pozytywnych aspektach w³asnego ¿ycia.
10.21.2025 15:28:14;Akceptujê;nauczycielem;1-5 lat;Zespó³ Szkó³ im. Stanis³awa Staszica w Miêtnem;Obie odpowiedzi s¹ poprawne.;mo¿na podzieliæ na dobre (pozytywne) i z³e (negatywne).;Przyjêcie odpowiedniej postawy cia³a lub wykonanie prostych ruchów.;Wdech odbywa siê przez nos, a wydech – przez usta.;Optymistyczne nastawienie do codziennoœci i koncentrowanie siê na pozytywnych aspektach w³asnego ¿ycia.
10.21.2025 15:30:37;Akceptujê;nauczycielem;16-20 lat;Zespó³ Szkó³ im. Stanis³awa Staszica w Miêtnem;Obie odpowiedzi s¹ poprawne.;s¹ normalne i potrzebne, poniewa¿ realizuj¹ szereg wa¿nych funkcji.;Przyjêcie odpowiedniej postawy cia³a lub wykonanie prostych ruchów.;Wdech odbywa siê przez nos, a wydech – przez usta.;Codzienna troska o fizycznoœæ, opieraj¹ca siê na trzech g³ównych filarach: w³aœciwej diecie, odpowiedniej iloœci snu i ruchu.
10.21.2025 15:32:17;Akceptujê;nauczycielem;21 lat i wiêcej;Zespó³ Szkó³ im. Stanis³awa Staszica w Miêtnem;Obie odpowiedzi s¹ poprawne.;s¹ normalne i potrzebne, poniewa¿ realizuj¹ szereg wa¿nych funkcji.;Przyjêcie odpowiedniej postawy cia³a lub wykonanie prostych ruchów.;Wdech odbywa siê przez nos, a wydech – przez usta.;Optymistyczne nastawienie do codziennoœci i koncentrowanie siê na pozytywnych aspektach w³asnego ¿ycia.
10.21.2025 15:33:27;Akceptujê;nauczycielem;16-20 lat;Zespó³ Szkó³ im. Stanis³awa Staszica w Miêtnem;Obie odpowiedzi s¹ poprawne.;mo¿na podzieliæ na dobre (pozytywne) i z³e (negatywne).;Przyjêcie odpowiedniej postawy cia³a lub wykonanie prostych ruchów.;Wdech odbywa siê przez nos, a wydech – przez usta.;Optymistyczne nastawienie do codziennoœci i koncentrowanie siê na pozytywnych aspektach w³asnego ¿ycia.
10.21.2025 15:43:46;Akceptujê;dyrektorem/wicedyrektorem;21 lat i wiêcej;Zespó³ Szkó³ im. Stanis³awa Staszica w Miêtnem;Obie odpowiedzi s¹ poprawne.;mo¿na podzieliæ na dobre (pozytywne) i z³e (negatywne).;Nie wiem;Wdech odbywa siê przez nos, a wydech – przez usta.;Codzienna troska o fizycznoœæ, opieraj¹ca siê na trzech g³ównych filarach: w³aœciwej diecie, odpowiedniej iloœci snu i ruchu.
10.21.2025 15:44:14;Akceptujê;pedagogiem;21 lat i wiêcej;Zespó³ Szkó³ im. Stanis³awa Staszica w Miêtnem;Obie odpowiedzi s¹ poprawne.;s¹ normalne i potrzebne, poniewa¿ realizuj¹ szereg wa¿nych funkcji.;Przyjêcie odpowiedniej postawy cia³a lub wykonanie prostych ruchów.;Wdech odbywa siê przez nos, a wydech – przez usta.;Codzienna troska o fizycznoœæ, opieraj¹ca siê na trzech g³ównych filarach: w³aœciwej diecie, odpowiedniej iloœci snu i ruchu.
10.21.2025 15:48:32;Akceptujê;nauczycielem;1-5 lat;Zespó³ Szkó³ im. Stanis³awa Staszica w Miêtnem;Obie odpowiedzi s¹ poprawne.;s¹ normalne i potrzebne, poniewa¿ realizuj¹ szereg wa¿nych funkcji.;Przyjêcie odpowiedniej postawy cia³a lub wykonanie prostych ruchów.;Wdech odbywa siê przez usta, a wydech – przez nos.;Optymistyczne nastawienie do codziennoœci i koncentrowanie siê na pozytywnych aspektach w³asnego ¿ycia.
10.21.2025 15:59:29;Akceptujê;dyrektorem/wicedyrektorem;21 lat i wiêcej;Zespó³ Szkó³ im. Stanis³awa Staszica w Miêtnem;Obie odpowiedzi s¹ poprawne.;s¹ normalne i potrzebne, poniewa¿ realizuj¹ szereg wa¿nych funkcji.;Przyjêcie odpowiedniej postawy cia³a lub wykonanie prostych ruchów.;Wdech odbywa siê przez nos, a wydech – przez usta.;Optymistyczne nastawienie do codziennoœci i koncentrowanie siê na pozytywnych aspektach w³asnego ¿ycia.
10.21.2025 16:28:20;Akceptujê;nauczycielem;16-20 lat;Zespó³ Szkó³ im. Stanis³awa Staszica w Miêtnem;Obie odpowiedzi s¹ poprawne.;s¹ normalne i potrzebne, poniewa¿ realizuj¹ szereg wa¿nych funkcji.;Przyjêcie odpowiedniej postawy cia³a lub wykonanie prostych ruchów.;Wdech odbywa siê przez nos, a wydech – przez usta.;Codzienna troska o fizycznoœæ, opieraj¹ca siê na trzech g³ównych filarach: w³aœciwej diecie, odpowiedniej iloœci snu i ruchu.
10.21.2025 16:30:13;Akceptujê;nauczycielem;1-5 lat;Zespó³ Szkó³ im. Stanis³awa Staszica w Miêtnem;Uruchamiaj¹ ca³y zespó³ zmian w ciele, w sposobie myœlenia i zachowaniu cz³owieka.;mo¿na podzieliæ na dobre (pozytywne) i z³e (negatywne).;Przyjêcie odpowiedniej postawy cia³a lub wykonanie prostych ruchów.;Wdech odbywa siê przez nos, a wydech – przez usta.;Optymistyczne nastawienie do codziennoœci i koncentrowanie siê na pozytywnych aspektach w³asnego ¿ycia.
10.21.2025 16:32:32;Akceptujê;nauczycielem;21 lat i wiêcej;Zespó³ Szkó³ im. Stanis³awa Staszica w Miêtnem;Obie odpowiedzi s¹ poprawne.;mo¿na podzieliæ na dobre (pozytywne) i z³e (negatywne).;Przyjêcie odpowiedniej postawy cia³a lub wykonanie prostych ruchów.;Wdech odbywa siê przez nos, a wydech – przez usta.;Nie wiem
10.21.2025 16:33:46;Akceptujê;nauczycielem;21 lat i wiêcej;Zespó³ Szkó³ im. Stanis³awa Staszica w Miêtnem;Obie odpowiedzi s¹ poprawne.;s¹ normalne i potrzebne, poniewa¿ realizuj¹ szereg wa¿nych funkcji.;Przyjêcie odpowiedniej postawy cia³a lub wykonanie prostych ruchów.;Wdech i wydech odbywaj¹ siê przez nos.;Codzienna troska o fizycznoœæ, opieraj¹ca siê na trzech g³ównych filarach: w³aœciwej diecie, odpowiedniej iloœci snu i ruchu.
10.21.2025 16:36:07;Akceptujê;nauczycielem;1-5 lat;Zespó³ Szkó³ im. Stanis³awa Staszica w Miêtnem;Obie odpowiedzi s¹ poprawne.;s¹ normalne i potrzebne, poniewa¿ realizuj¹ szereg wa¿nych funkcji.;Przyjêcie odpowiedniej postawy cia³a lub wykonanie prostych ruchów.;Nie wiem;Codzienna troska o fizycznoœæ, opieraj¹ca siê na trzech g³ównych filarach: w³aœciwej diecie, odpowiedniej iloœci snu i ruchu.
10.23.2025 15:48:40;Akceptujê;pedagogiem;11-15 lat;Zespó³ Szkolno-Przedszkolny w Zawoni;Obie odpowiedzi s¹ poprawne.;mo¿na podzieliæ na dobre (pozytywne) i z³e (negatywne).;Przyjêcie odpowiedniej postawy cia³a lub wykonanie prostych ruchów.;Wdech odbywa siê przez nos, a wydech – przez usta.;Codzienna troska o fizycznoœæ, opieraj¹ca siê na trzech g³ównych filarach: w³aœciwej diecie, odpowiedniej iloœci snu i ruchu.
10.23.2025 15:48:44;Akceptujê;dyrektorem/wicedyrektorem;16-20 lat;Zespó³ Szkolno-Przedszkolny w Zawoni;Uruchamiaj¹ ca³y zespó³ zmian w ciele, w sposobie myœlenia i zachowaniu cz³owieka.;mo¿na podzieliæ na dobre (pozytywne) i z³e (negatywne).;Przyjêcie odpowiedniej postawy cia³a lub wykonanie prostych ruchów.;Wdech odbywa siê przez nos, a wydech – przez usta.;Codzienna troska o fizycznoœæ, opieraj¹ca siê na trzech g³ównych filarach: w³aœciwej diecie, odpowiedniej iloœci snu i ruchu.
10.23.2025 15:48:44;Akceptujê;nauczycielem;6-10 lat;Zespó³ Szkolno-Przedszkolny w Zawoni;Obie odpowiedzi s¹ poprawne.;s¹ normalne i potrzebne, poniewa¿ realizuj¹ szereg wa¿nych funkcji.;Przyjêcie odpowiedniej postawy cia³a lub wykonanie prostych ruchów.;Wdech odbywa siê przez nos, a wydech – przez usta.;Codzienna troska o fizycznoœæ, opieraj¹ca siê na trzech g³ównych filarach: w³aœciwej diecie, odpowiedniej iloœci snu i ruchu.
10.23.2025 15:48:52;Akceptujê;nauczycielem;11-15 lat;Zespó³ Szkolno-Przedszkolny w Zawoni;Obie odpowiedzi s¹ poprawne.;s¹ normalne i potrzebne, poniewa¿ realizuj¹ szereg wa¿nych funkcji.;Zjedzenie czegoœ s³odkiego.;Wdech odbywa siê przez nos, a wydech – przez usta.;Optymistyczne nastawienie do codziennoœci i koncentrowanie siê na pozytywnych aspektach w³asnego ¿ycia.
10.23.2025 15:48:54;Akceptujê;nauczycielem;1-5 lat;Zespó³ Szkolno-Przedszkolny w Zawoni;Obie odpowiedzi s¹ poprawne.;s¹ normalne i potrzebne, poniewa¿ realizuj¹ szereg wa¿nych funkcji.;Przyjêcie odpowiedniej postawy cia³a lub wykonanie prostych ruchów.;Wdech odbywa siê przez nos, a wydech – przez usta.;Codzienna troska o fizycznoœæ, opieraj¹ca siê na trzech g³ównych filarach: w³aœciwej diecie, odpowiedniej iloœci snu i ruchu.
10.23.2025 15:49:26;Akceptujê;nauczycielem;11-15 lat;Zespó³ Szkolno-Przedszkolny w Zawoni;Obie odpowiedzi s¹ poprawne.;mo¿na podzieliæ na dobre (pozytywne) i z³e (negatywne).;Przyjêcie odpowiedniej postawy cia³a lub wykonanie prostych ruchów.;Nie wiem;Optymistyczne nastawienie do codziennoœci i koncentrowanie siê na pozytywnych aspektach w³asnego ¿ycia.
10.23.2025 15:49:36;Akceptujê;nauczycielem;21 lat i wiêcej;Zespó³ Szkolno-Przedszkolny w Zawoni;Obie odpowiedzi s¹ poprawne.;mo¿na podzieliæ na dobre (pozytywne) i z³e (negatywne).;Przyjêcie odpowiedniej postawy cia³a lub wykonanie prostych ruchów.;Wdech odbywa siê przez usta, a wydech – przez nos.;Codzienna troska o fizycznoœæ, opieraj¹ca siê na trzech g³ównych filarach: w³aœciwej diecie, odpowiedniej iloœci snu i ruchu.
10.23.2025 15:49:37;Akceptujê;nauczycielem;21 lat i wiêcej;Zespó³ Szkolno-Przedszkolny w Zawoni;Uruchamiaj¹ ca³y zespó³ zmian w ciele, w sposobie myœlenia i zachowaniu cz³owieka.;mo¿na podzieliæ na dobre (pozytywne) i z³e (negatywne).;Przyjêcie odpowiedniej postawy cia³a lub wykonanie prostych ruchów.;Wdech odbywa siê przez nos, a wydech – przez usta.;Optymistyczne nastawienie do codziennoœci i koncentrowanie siê na pozytywnych aspektach w³asnego ¿ycia.
10.23.2025 15:50:07;Akceptujê;nauczycielem;21 lat i wiêcej;Zespó³ Szkolno-Przedszkolny w Zawoni;Obie odpowiedzi s¹ poprawne.;s¹ normalne i potrzebne, poniewa¿ realizuj¹ szereg wa¿nych funkcji.;Przyjêcie odpowiedniej postawy cia³a lub wykonanie prostych ruchów.;Wdech odbywa siê przez usta, a wydech – przez nos.;Optymistyczne nastawienie do codziennoœci i koncentrowanie siê na pozytywnych aspektach w³asnego ¿ycia.
10.23.2025 15:50:11;Akceptujê;nauczycielem;1-5 lat;Zespó³ Szkolno-Przedszkolny w Zawoni;Obie odpowiedzi s¹ poprawne.;s¹ normalne i potrzebne, poniewa¿ realizuj¹ szereg wa¿nych funkcji.;Przyjêcie odpowiedniej postawy cia³a lub wykonanie prostych ruchów.;Wdech odbywa siê przez nos, a wydech – przez usta.;Optymistyczne nastawienie do codziennoœci i koncentrowanie siê na pozytywnych aspektach w³asnego ¿ycia.
10.23.2025 15:50:42;Akceptujê;nauczycielem;21 lat i wiêcej;Zespó³ Szkolno-Przedszkolny w Zawoni;To reakcje, które pojawiaj¹ siê w odpowiedzi na subiektywnie wa¿n¹ dla danej osoby sytuacjê.;mo¿na podzieliæ na dobre (pozytywne) i z³e (negatywne).;Przyjêcie odpowiedniej postawy cia³a lub wykonanie prostych ruchów.;Wdech i wydech odbywaj¹ siê przez nos.;Optymistyczne nastawienie do codziennoœci i koncentrowanie siê na pozytywnych aspektach w³asnego ¿ycia.
10.23.2025 15:50:51;Akceptujê;nauczycielem;21 lat i wiêcej;Zespó³ Szkolno-Przedszkolny w Zawoni;To reakcje, które pojawiaj¹ siê w odpowiedzi na subiektywnie wa¿n¹ dla danej osoby sytuacjê.;mo¿na podzieliæ na dobre (pozytywne) i z³e (negatywne).;Nie wiem;Wdech odbywa siê przez usta, a wydech – przez nos.;Codzienna troska o fizycznoœæ, opieraj¹ca siê na trzech g³ównych filarach: w³aœciwej diecie, odpowiedniej iloœci snu i ruchu.
10.23.2025 15:52:01;Akceptujê;nauczycielem;1-5 lat;Zespó³ Szkolno-Przedszkolny w Zawoni;Obie odpowiedzi s¹ poprawne.;mo¿na podzieliæ na dobre (pozytywne) i z³e (negatywne).;Przyjêcie odpowiedniej postawy cia³a lub wykonanie prostych ruchów.;Wdech odbywa siê przez nos, a wydech – przez usta.;Codzienna troska o fizycznoœæ, opieraj¹ca siê na trzech g³ównych filarach: w³aœciwej diecie, odpowiedniej iloœci snu i ruchu.
10.23.2025 15:53:38;Akceptujê;dyrektorem/wicedyrektorem;21 lat i wiêcej;Zespó³ Szkolno-Przedszkolny w Zawoni;Obie odpowiedzi s¹ poprawne.;mo¿na podzieliæ na dobre (pozytywne) i z³e (negatywne).;Przyjêcie odpowiedniej postawy cia³a lub wykonanie prostych ruchów.;Wdech odbywa siê przez nos, a wydech – przez usta.;Optymistyczne nastawienie do codziennoœci i koncentrowanie siê na pozytywnych aspektach w³asnego ¿ycia.
10.23.2025 15:58:04;Akceptujê;nauczycielem;21 lat i wiêcej;Zespó³ Szkolno-Przedszkolny w Zawoni;To reakcje, które pojawiaj¹ siê w odpowiedzi na subiektywnie wa¿n¹ dla danej osoby sytuacjê.;mo¿na podzieliæ na dobre (pozytywne) i z³e (negatywne).;Przyjêcie odpowiedniej postawy cia³a lub wykonanie prostych ruchów.;Wdech i wydech odbywaj¹ siê przez nos.;Optymistyczne nastawienie do codziennoœci i koncentrowanie siê na pozytywnych aspektach w³asnego ¿ycia.
10.24.2025 7:43:44;Akceptujê;psychologiem;1-5 lat;Zespó³ Szkolno-Przedszkolny w Zawoni;Obie odpowiedzi s¹ poprawne.;s¹ normalne i potrzebne, poniewa¿ realizuj¹ szereg wa¿nych funkcji.;Przyjêcie odpowiedniej postawy cia³a lub wykonanie prostych ruchów.;Wdech odbywa siê przez nos, a wydech – przez usta.;Codzienna troska o fizycznoœæ, opieraj¹ca siê na trzech g³ównych filarach: w³aœciwej diecie, odpowiedniej iloœci snu i ruchu.
10.24.2025 9:43:43;Akceptujê;nauczycielem;1-5 lat;Zespó³ Szkolno-Przedszkolny w Zawoni;Obie odpowiedzi s¹ poprawne.;s¹ normalne i potrzebne, poniewa¿ realizuj¹ szereg wa¿nych funkcji.;Przyjêcie odpowiedniej postawy cia³a lub wykonanie prostych ruchów.;Wdech odbywa siê przez nos, a wydech – przez usta.;Codzienna troska o fizycznoœæ, opieraj¹ca siê na trzech g³ównych filarach: w³aœciwej diecie, odpowiedniej iloœci snu i ruchu.
10.24.2025 16:16:01;Akceptujê;nauczycielem;11-15 lat;Zespó³ Szkolno-Przedszkolny w Zawoni;Obie odpowiedzi s¹ poprawne.;s¹ normalne i potrzebne, poniewa¿ realizuj¹ szereg wa¿nych funkcji.;Przyjêcie odpowiedniej postawy cia³a lub wykonanie prostych ruchów.;Wdech odbywa siê przez nos, a wydech – przez usta.;Codzienna troska o fizycznoœæ, opieraj¹ca siê na trzech g³ównych filarach: w³aœciwej diecie, odpowiedniej iloœci snu i ruchu.
10.24.2025 19:56:16;Akceptujê;nauczycielem;11-15 lat;Zespó³ Szkolno-Przedszkolny w Zawoni;Obie odpowiedzi s¹ poprawne.;s¹ normalne i potrzebne, poniewa¿ realizuj¹ szereg wa¿nych funkcji.;Przyjêcie odpowiedniej postawy cia³a lub wykonanie prostych ruchów.;Wdech odbywa siê przez nos, a wydech – przez usta.;Optymistyczne nastawienie do codziennoœci i koncentrowanie siê na pozytywnych aspektach w³asnego ¿ycia.
10.24.2025 23:22:58;Akceptujê;nauczycielem;21 lat i wiêcej;Zespó³ Szkolno-Przedszkolny w Zawoni;Obie odpowiedzi s¹ poprawne.;s¹ normalne i potrzebne, poniewa¿ realizuj¹ szereg wa¿nych funkcji.;Przyjêcie odpowiedniej postawy cia³a lub wykonanie prostych ruchów.;Wdech odbywa siê przez nos, a wydech – przez usta.;Codzienna troska o fizycznoœæ, opieraj¹ca siê na trzech g³ównych filarach: w³aœciwej diecie, odpowiedniej iloœci snu i ruchu.
10.26.2025 19:36:56;Akceptujê;nauczycielem;11-15 lat;Zespó³ Szkolno-Przedszkolny w Zawoni;Obie odpowiedzi s¹ poprawne.;mo¿na podzieliæ na dobre (pozytywne) i z³e (negatywne).;Nie wiem;Wdech i wydech odbywaj¹ siê przez nos.;Codzienna troska o fizycznoœæ, opieraj¹ca siê na trzech g³ównych filarach: w³aœciwej diecie, odpowiedniej iloœci snu i ruchu.
10.28.2025 15:30:57;Akceptujê;nauczycielem;6-10 lat;Zespó³ Szkó³ Ekonomiczno-Handlowych im. Komisji Edukacji Narodowej w ¯ninie;Obie odpowiedzi s¹ poprawne.;s¹ normalne i potrzebne, poniewa¿ realizuj¹ szereg wa¿nych funkcji.;Przyjêcie odpowiedniej postawy cia³a lub wykonanie prostych ruchów.;Wdech odbywa siê przez nos, a wydech – przez usta.;Codzienna troska o fizycznoœæ, opieraj¹ca siê na trzech g³ównych filarach: w³aœciwej diecie, odpowiedniej iloœci snu i ruchu.
10.28.2025 15:32:18;Akceptujê;nauczycielem;1-5 lat;Zespó³ Szkó³ Ekonomiczno-Handlowych im. Komisji Edukacji Narodowej w ¯ninie;Obie odpowiedzi s¹ poprawne.;s¹ normalne i potrzebne, poniewa¿ realizuj¹ szereg wa¿nych funkcji.;Przyjêcie odpowiedniej postawy cia³a lub wykonanie prostych ruchów.;Wdech odbywa siê przez nos, a wydech – przez usta.;Codzienna troska o fizycznoœæ, opieraj¹ca siê na trzech g³ównych filarach: w³aœciwej diecie, odpowiedniej iloœci snu i ruchu.
10.28.2025 15:33:28;Akceptujê;nauczycielem;21 lat i wiêcej;Zespó³ Szkó³ Ekonomiczno-Handlowych im. Komisji Edukacji Narodowej w ¯ninie;Obie odpowiedzi s¹ poprawne.;s¹ normalne i potrzebne, poniewa¿ realizuj¹ szereg wa¿nych funkcji.;Przyjêcie odpowiedniej postawy cia³a lub wykonanie prostych ruchów.;Wdech odbywa siê przez nos, a wydech – przez usta.;Optymistyczne nastawienie do codziennoœci i koncentrowanie siê na pozytywnych aspektach w³asnego ¿ycia.
10.28.2025 15:34:34;Akceptujê;pedagogiem;21 lat i wiêcej;Zespó³ Szkó³ Ekonomiczno-Handlowych im. Komisji Edukacji Narodowej w ¯ninie;Obie odpowiedzi s¹ poprawne.;s¹ normalne i potrzebne, poniewa¿ realizuj¹ szereg wa¿nych funkcji.;Przyjêcie odpowiedniej postawy cia³a lub wykonanie prostych ruchów.;Wdech odbywa siê przez nos, a wydech – przez usta.;Codzienna troska o fizycznoœæ, opieraj¹ca siê na trzech g³ównych filarach: w³aœciwej diecie, odpowiedniej iloœci snu i ruchu.
10.28.2025 16:26:55;Akceptujê;psychologiem;16-20 lat;Zespó³ Szkó³ Ekonomiczno-Handlowych im. Komisji Edukacji Narodowej w ¯ninie;Obie odpowiedzi s¹ poprawne.;s¹ normalne i potrzebne, poniewa¿ realizuj¹ szereg wa¿nych funkcji.;Przyjêcie odpowiedniej postawy cia³a lub wykonanie prostych ruchów.;Wdech odbywa siê przez nos, a wydech – przez usta.;Codzienna troska o fizycznoœæ, opieraj¹ca siê na trzech g³ównych filarach: w³aœciwej diecie, odpowiedniej iloœci snu i ruchu.
11.3.2025 15:43:25;Akceptujê;nauczycielem;6-10 lat;Niepubliczna Szko³a Podstawowa Perpetum Mobile  w Bydgoszczy;Obie odpowiedzi s¹ poprawne.;s¹ normalne i potrzebne, poniewa¿ realizuj¹ szereg wa¿nych funkcji.;Przyjêcie odpowiedniej postawy cia³a lub wykonanie prostych ruchów.;Wdech odbywa siê przez nos, a wydech – przez usta.;Codzienna troska o fizycznoœæ, opieraj¹ca siê na trzech g³ównych filarach: w³aœciwej diecie, odpowiedniej iloœci snu i ruchu.
11.3.2025 15:43:49;Akceptujê;nauczycielem;1-5 lat;Niepubliczna Szko³a Podstawowa Perpetum Mobile  w Bydgoszczy;Obie odpowiedzi s¹ poprawne.;s¹ normalne i potrzebne, poniewa¿ realizuj¹ szereg wa¿nych funkcji.;Przyjêcie odpowiedniej postawy cia³a lub wykonanie prostych ruchów.;Wdech odbywa siê przez nos, a wydech – przez usta.;Codzienna troska o fizycznoœæ, opieraj¹ca siê na trzech g³ównych filarach: w³aœciwej diecie, odpowiedniej iloœci snu i ruchu.
11.3.2025 15:44:15;Akceptujê;nauczycielem;1-5 lat;Niepubliczna Szko³a Podstawowa Perpetum Mobile  w Bydgoszczy;Obie odpowiedzi s¹ poprawne.;s¹ normalne i potrzebne, poniewa¿ realizuj¹ szereg wa¿nych funkcji.;Przyjêcie odpowiedniej postawy cia³a lub wykonanie prostych ruchów.;Nie wiem;¯adna z powy¿szych.
11.3.2025 15:44:28;Akceptujê;nauczycielem;1-5 lat;Niepubliczna Szko³a Podstawowa Perpetum Mobile  w Bydgoszczy;Obie odpowiedzi s¹ poprawne.;s¹ normalne i potrzebne, poniewa¿ realizuj¹ szereg wa¿nych funkcji.;Przyjêcie odpowiedniej postawy cia³a lub wykonanie prostych ruchów.;Wdech odbywa siê przez nos, a wydech – przez usta.;Codzienna troska o fizycznoœæ, opieraj¹ca siê na trzech g³ównych filarach: w³aœciwej diecie, odpowiedniej iloœci snu i ruchu.
11.3.2025 15:44:30;Akceptujê;pedagogiem;mniej ni¿ rok;Niepubliczna Szko³a Podstawowa Perpetum Mobile  w Bydgoszczy;Obie odpowiedzi s¹ poprawne.;s¹ normalne i potrzebne, poniewa¿ realizuj¹ szereg wa¿nych funkcji.;Przyjêcie odpowiedniej postawy cia³a lub wykonanie prostych ruchów.;Wdech odbywa siê przez nos, a wydech – przez usta.;Codzienna troska o fizycznoœæ, opieraj¹ca siê na trzech g³ównych filarach: w³aœciwej diecie, odpowiedniej iloœci snu i ruchu.
11.3.2025 15:44:50;Akceptujê;psychologiem;1-5 lat;Niepubliczna Szko³a Podstawowa Perpetum Mobile  w Bydgoszczy;Obie odpowiedzi s¹ poprawne.;s¹ normalne i potrzebne, poniewa¿ realizuj¹ szereg wa¿nych funkcji.;Przyjêcie odpowiedniej postawy cia³a lub wykonanie prostych ruchów.;Wdech odbywa siê przez nos, a wydech – przez usta.;Codzienna troska o fizycznoœæ, opieraj¹ca siê na trzech g³ównych filarach: w³aœciwej diecie, odpowiedniej iloœci snu i ruchu.
11.3.2025 15:44:50;Akceptujê;nauczycielem;1-5 lat;Niepubliczna Szko³a Podstawowa Perpetum Mobile  w Bydgoszczy;Obie odpowiedzi s¹ poprawne.;s¹ normalne i potrzebne, poniewa¿ realizuj¹ szereg wa¿nych funkcji.;Przyjêcie odpowiedniej postawy cia³a lub wykonanie prostych ruchów.;Wdech i wydech odbywaj¹ siê przez nos.;Codzienna troska o fizycznoœæ, opieraj¹ca siê na trzech g³ównych filarach: w³aœciwej diecie, odpowiedniej iloœci snu i ruchu.
11.3.2025 15:45:57;Akceptujê;Ponoc nauczyciela ;mniej ni¿ rok;Niepubliczna Szko³a Podstawowa Perpetum Mobile  w Bydgoszczy;Obie odpowiedzi s¹ poprawne.;s¹ normalne i potrzebne, poniewa¿ realizuj¹ szereg wa¿nych funkcji.;Przyjêcie odpowiedniej postawy cia³a lub wykonanie prostych ruchów.;Wdech odbywa siê przez nos, a wydech – przez usta.;Optymistyczne nastawienie do codziennoœci i koncentrowanie siê na pozytywnych aspektach w³asnego ¿ycia.
11.3.2025 15:46:17;Akceptujê;nauczycielem;1-5 lat;Niepubliczna Szko³a Podstawowa Perpetum Mobile  w Bydgoszczy;Obie odpowiedzi s¹ poprawne.;s¹ normalne i potrzebne, poniewa¿ realizuj¹ szereg wa¿nych funkcji.;Przyjêcie odpowiedniej postawy cia³a lub wykonanie prostych ruchów.;Wdech odbywa siê przez nos, a wydech – przez usta.;Codzienna troska o fizycznoœæ, opieraj¹ca siê na trzech g³ównych filarach: w³aœciwej diecie, odpowiedniej iloœci snu i ruchu.
11.3.2025 15:46:29;Akceptujê;pomoc nauczyciela ;mniej ni¿ rok;Niepubliczna Szko³a Podstawowa Perpetum Mobile  w Bydgoszczy;To reakcje, które pojawiaj¹ siê w odpowiedzi na subiektywnie wa¿n¹ dla danej osoby sytuacjê.;s¹ normalne i potrzebne, poniewa¿ realizuj¹ szereg wa¿nych funkcji.;Przyjêcie odpowiedniej postawy cia³a lub wykonanie prostych ruchów.;Wdech odbywa siê przez nos, a wydech – przez usta.;Codzienna troska o fizycznoœæ, opieraj¹ca siê na trzech g³ównych filarach: w³aœciwej diecie, odpowiedniej iloœci snu i ruchu.
11.3.2025 15:46:48;Akceptujê;nauczycielem wspomagaj¹cym;1-5 lat;Niepubliczna Szko³a Podstawowa Perpetum Mobile  w Bydgoszczy;Obie odpowiedzi s¹ poprawne.;s¹ normalne i potrzebne, poniewa¿ realizuj¹ szereg wa¿nych funkcji.;Przyjêcie odpowiedniej postawy cia³a lub wykonanie prostych ruchów.;Wdech odbywa siê przez nos, a wydech – przez usta.;Codzienna troska o fizycznoœæ, opieraj¹ca siê na trzech g³ównych filarach: w³aœciwej diecie, odpowiedniej iloœci snu i ruchu.
11.3.2025 15:46:51;Akceptujê;nauczycielem;6-10 lat;Niepubliczna Szko³a Podstawowa Perpetum Mobile  w Bydgoszczy;Obie odpowiedzi s¹ poprawne.;s¹ normalne i potrzebne, poniewa¿ realizuj¹ szereg wa¿nych funkcji.;Odreagowanie emocji w k³ótni z inn¹ osob¹.;Wdech i wydech odbywaj¹ siê przez nos.;Codzienna troska o fizycznoœæ, opieraj¹ca siê na trzech g³ównych filarach: w³aœciwej diecie, odpowiedniej iloœci snu i ruchu.
11.3.2025 15:47:03;Akceptujê;nauczycielem wspó³organizuj¹cym;mniej ni¿ rok;Niepubliczna Szko³a Podstawowa Perpetum Mobile  w Bydgoszczy;Obie odpowiedzi s¹ poprawne.;mo¿na podzieliæ na dobre (pozytywne) i z³e (negatywne).;Przyjêcie odpowiedniej postawy cia³a lub wykonanie prostych ruchów.;Wdech odbywa siê przez nos, a wydech – przez usta.;Codzienna troska o fizycznoœæ, opieraj¹ca siê na trzech g³ównych filarach: w³aœciwej diecie, odpowiedniej iloœci snu i ruchu.
11.3.2025 15:47:33;Akceptujê;psychologiem;6-10 lat;Niepubliczna Szko³a Podstawowa Perpetum Mobile  w Bydgoszczy;Obie odpowiedzi s¹ poprawne.;s¹ normalne i potrzebne, poniewa¿ realizuj¹ szereg wa¿nych funkcji.;Przyjêcie odpowiedniej postawy cia³a lub wykonanie prostych ruchów.;Wdech odbywa siê przez nos, a wydech – przez usta.;Codzienna troska o fizycznoœæ, opieraj¹ca siê na trzech g³ównych filarach: w³aœciwej diecie, odpowiedniej iloœci snu i ruchu.
11.3.2025 15:51:24;Akceptujê;nauczycielem;21 lat i wiêcej;Niepubliczna Szko³a Podstawowa Perpetum Mobile  w Bydgoszczy;Obie odpowiedzi s¹ poprawne.;s¹ normalne i potrzebne, poniewa¿ realizuj¹ szereg wa¿nych funkcji.;Przyjêcie odpowiedniej postawy cia³a lub wykonanie prostych ruchów.;Wdech i wydech odbywaj¹ siê przez nos.;Optymistyczne nastawienie do codziennoœci i koncentrowanie siê na pozytywnych aspektach w³asnego ¿ycia.
11.3.2025 15:53:15;Akceptujê;jestem nauczycielem wspó³organizuj¹cym, rewalidatorem i terapeut¹ rêki w szkole Perpetuum Mobile. Poza tym, jestem muzykiem, instrumentalistk¹ :);1-5 lat;Niepubliczna Szko³a Podstawowa Perpetum Mobile  w Bydgoszczy;Obie odpowiedzi s¹ poprawne.;s¹ normalne i potrzebne, poniewa¿ realizuj¹ szereg wa¿nych funkcji.;Przyjêcie odpowiedniej postawy cia³a lub wykonanie prostych ruchów.;Wdech i wydech odbywaj¹ siê przez nos.;Codzienna troska o fizycznoœæ, opieraj¹ca siê na trzech g³ównych filarach: w³aœciwej diecie, odpowiedniej iloœci snu i ruchu.
11.3.2025 15:53:26;Akceptujê;nauczycielem;1-5 lat;Niepubliczna Szko³a Podstawowa Perpetum Mobile  w Bydgoszczy;Obie odpowiedzi s¹ poprawne.;s¹ normalne i potrzebne, poniewa¿ realizuj¹ szereg wa¿nych funkcji.;Przyjêcie odpowiedniej postawy cia³a lub wykonanie prostych ruchów.;Wdech odbywa siê przez nos, a wydech – przez usta.;Codzienna troska o fizycznoœæ, opieraj¹ca siê na trzech g³ównych filarach: w³aœciwej diecie, odpowiedniej iloœci snu i ruchu.
11.3.2025 15:56:16;Akceptujê;nauczycielem;11-15 lat;Niepubliczna Szko³a Podstawowa Perpetum Mobile  w Bydgoszczy;Obie odpowiedzi s¹ poprawne.;s¹ normalne i potrzebne, poniewa¿ realizuj¹ szereg wa¿nych funkcji.;Przyjêcie odpowiedniej postawy cia³a lub wykonanie prostych ruchów.;Wdech odbywa siê przez nos, a wydech – przez usta.;Codzienna troska o fizycznoœæ, opieraj¹ca siê na trzech g³ównych filarach: w³aœciwej diecie, odpowiedniej iloœci snu i ruchu.
11.3.2025 16:00:13;Akceptujê;dyrektorem/wicedyrektorem;1-5 lat;Niepubliczna Szko³a Podstawowa Perpetum Mobile  w Bydgoszczy;Obie odpowiedzi s¹ poprawne.;s¹ normalne i potrzebne, poniewa¿ realizuj¹ szereg wa¿nych funkcji.;Przyjêcie odpowiedniej postawy cia³a lub wykonanie prostych ruchów.;Wdech odbywa siê przez nos, a wydech – przez usta.;Codzienna troska o fizycznoœæ, opieraj¹ca siê na trzech g³ównych filarach: w³aœciwej diecie, odpowiedniej iloœci snu i ruchu.
11.3.2025 16:00:21;Akceptujê;nauczycielem;1-5 lat;Niepubliczna Szko³a Podstawowa Perpetum Mobile  w Bydgoszczy;Obie odpowiedzi s¹ poprawne.;s¹ normalne i potrzebne, poniewa¿ realizuj¹ szereg wa¿nych funkcji.;Przyjêcie odpowiedniej postawy cia³a lub wykonanie prostych ruchów.;Wdech odbywa siê przez nos, a wydech – przez usta.;Codzienna troska o fizycznoœæ, opieraj¹ca siê na trzech g³ównych filarach: w³aœciwej diecie, odpowiedniej iloœci snu i ruchu.
11.3.2025 16:07:56;Akceptujê;nauczycielem;1-5 lat;Niepubliczna Szko³a Podstawowa Perpetum Mobile  w Bydgoszczy;Obie odpowiedzi s¹ poprawne.;s¹ normalne i potrzebne, poniewa¿ realizuj¹ szereg wa¿nych funkcji.;Przyjêcie odpowiedniej postawy cia³a lub wykonanie prostych ruchów.;Wdech odbywa siê przez nos, a wydech – przez usta.;¯adna z powy¿szych.
11.3.2025 16:11:35;Akceptujê;psychologiem;1-5 lat;Niepubliczna Szko³a Podstawowa Perpetum Mobile  w Bydgoszczy;Obie odpowiedzi s¹ poprawne.;s¹ normalne i potrzebne, poniewa¿ realizuj¹ szereg wa¿nych funkcji.;Przyjêcie odpowiedniej postawy cia³a lub wykonanie prostych ruchów.;Wdech odbywa siê przez nos, a wydech – przez usta.;Codzienna troska o fizycznoœæ, opieraj¹ca siê na trzech g³ównych filarach: w³aœciwej diecie, odpowiedniej iloœci snu i ruchu.
11.3.2025 16:24:22;Akceptujê;nauczycielem;1-5 lat;Niepubliczna Szko³a Podstawowa Perpetum Mobile  w Bydgoszczy;Obie odpowiedzi s¹ poprawne.;s¹ normalne i potrzebne, poniewa¿ realizuj¹ szereg wa¿nych funkcji.;Przyjêcie odpowiedniej postawy cia³a lub wykonanie prostych ruchów.;Wdech odbywa siê przez nos, a wydech – przez usta.;Codzienna troska o fizycznoœæ, opieraj¹ca siê na trzech g³ównych filarach: w³aœciwej diecie, odpowiedniej iloœci snu i ruchu.
11.3.2025 16:34:39;Akceptujê;nauczycielem;16-20 lat;Niepubliczna Szko³a Podstawowa Perpetum Mobile  w Bydgoszczy;Obie odpowiedzi s¹ poprawne.;s¹ normalne i potrzebne, poniewa¿ realizuj¹ szereg wa¿nych funkcji.;Przyjêcie odpowiedniej postawy cia³a lub wykonanie prostych ruchów.;Wdech odbywa siê przez nos, a wydech – przez usta.;Codzienna troska o fizycznoœæ, opieraj¹ca siê na trzech g³ównych filarach: w³aœciwej diecie, odpowiedniej iloœci snu i ruchu.
11.3.2025 17:55:11;Akceptujê;nauczycielem;11-15 lat;Niepubliczna Szko³a Podstawowa Perpetum Mobile  w Bydgoszczy;Obie odpowiedzi s¹ poprawne.;mo¿na podzieliæ na dobre (pozytywne) i z³e (negatywne).;Przyjêcie odpowiedniej postawy cia³a lub wykonanie prostych ruchów.;Wdech i wydech odbywaj¹ siê przez nos.;Codzienna troska o fizycznoœæ, opieraj¹ca siê na trzech g³ównych filarach: w³aœciwej diecie, odpowiedniej iloœci snu i ruchu.
11.4.2025 15:29:28;Akceptujê;nauczycielem;21 lat i wiêcej;Specjalny Oœrodek Szkolno-Wychowawczy dla M³odzie¿y Niewidomej i S³abowidz¹cej w Chorzowie;Obie odpowiedzi s¹ poprawne.;mo¿na podzieliæ na dobre (pozytywne) i z³e (negatywne).;Przyjêcie odpowiedniej postawy cia³a lub wykonanie prostych ruchów.;Wdech odbywa siê przez nos, a wydech – przez usta.;Optymistyczne nastawienie do codziennoœci i koncentrowanie siê na pozytywnych aspektach w³asnego ¿ycia.
11.4.2025 15:29:36;Akceptujê;psychologiem;21 lat i wiêcej;Specjalny Oœrodek Szkolno-Wychowawczy dla M³odzie¿y Niewidomej i S³abowidz¹cej w Chorzowie;Uruchamiaj¹ ca³y zespó³ zmian w ciele, w sposobie myœlenia i zachowaniu cz³owieka.;s¹ normalne i potrzebne, poniewa¿ realizuj¹ szereg wa¿nych funkcji.;Przyjêcie odpowiedniej postawy cia³a lub wykonanie prostych ruchów.;Wdech odbywa siê przez nos, a wydech – przez usta.;Optymistyczne nastawienie do codziennoœci i koncentrowanie siê na pozytywnych aspektach w³asnego ¿ycia.
11.4.2025 15:31:08;Akceptujê;nauczycielem;21 lat i wiêcej;Specjalny Oœrodek Szkolno-Wychowawczy dla M³odzie¿y Niewidomej i S³abowidz¹cej w Chorzowie;Obie odpowiedzi s¹ poprawne.;s¹ normalne i potrzebne, poniewa¿ realizuj¹ szereg wa¿nych funkcji.;Przyjêcie odpowiedniej postawy cia³a lub wykonanie prostych ruchów.;Wdech odbywa siê przez nos, a wydech – przez usta.;Optymistyczne nastawienie do codziennoœci i koncentrowanie siê na pozytywnych aspektach w³asnego ¿ycia.
11.4.2025 15:34:32;Akceptujê;nauczycielem;1-5 lat;Specjalny Oœrodek Szkolno-Wychowawczy dla M³odzie¿y Niewidomej i S³abowidz¹cej w Chorzowie;Obie odpowiedzi s¹ poprawne.;mo¿na podzieliæ na dobre (pozytywne) i z³e (negatywne).;Przyjêcie odpowiedniej postawy cia³a lub wykonanie prostych ruchów.;Wdech odbywa siê przez nos, a wydech – przez usta.;Codzienna troska o fizycznoœæ, opieraj¹ca siê na trzech g³ównych filarach: w³aœciwej diecie, odpowiedniej iloœci snu i ruchu.
11.4.2025 15:35:29;Akceptujê;dyrektorem/wicedyrektorem;6-10 lat;Specjalny Oœrodek Szkolno-Wychowawczy dla M³odzie¿y Niewidomej i S³abowidz¹cej w Chorzowie;Obie odpowiedzi s¹ poprawne.;s¹ normalne i potrzebne, poniewa¿ realizuj¹ szereg wa¿nych funkcji.;Przyjêcie odpowiedniej postawy cia³a lub wykonanie prostych ruchów.;Wdech odbywa siê przez nos, a wydech – przez usta.;Codzienna troska o fizycznoœæ, opieraj¹ca siê na trzech g³ównych filarach: w³aœciwej diecie, odpowiedniej iloœci snu i ruchu.
11.4.2025 15:35:46;Akceptujê;nauczycielem;16-20 lat;Specjalny Oœrodek Szkolno-Wychowawczy dla M³odzie¿y Niewidomej i S³abowidz¹cej w Chorzowie;Obie odpowiedzi s¹ poprawne.;s¹ normalne i potrzebne, poniewa¿ realizuj¹ szereg wa¿nych funkcji.;Przyjêcie odpowiedniej postawy cia³a lub wykonanie prostych ruchów.;Wdech odbywa siê przez nos, a wydech – przez usta.;Codzienna troska o fizycznoœæ, opieraj¹ca siê na trzech g³ównych filarach: w³aœciwej diecie, odpowiedniej iloœci snu i ruchu.
11.4.2025 15:36:02;Akceptujê;Wychowawca internatu;16-20 lat;Specjalny Oœrodek Szkolno-Wychowawczy dla M³odzie¿y Niewidomej i S³abowidz¹cej w Chorzowie;To reakcje, które pojawiaj¹ siê w odpowiedzi na subiektywnie wa¿n¹ dla danej osoby sytuacjê.;s¹ abstrakcyjnym, metafizycznym doœwiadczeniem.;Nie wiem;Nie wiem;Optymistyczne nastawienie do codziennoœci i koncentrowanie siê na pozytywnych aspektach w³asnego ¿ycia.
11.4.2025 15:36:16;Akceptujê;wychowawca internatu;16-20 lat;Specjalny Oœrodek Szkolno-Wychowawczy dla M³odzie¿y Niewidomej i S³abowidz¹cej w Chorzowie;Obie odpowiedzi s¹ poprawne.;mo¿na podzieliæ na dobre (pozytywne) i z³e (negatywne).;Przyjêcie odpowiedniej postawy cia³a lub wykonanie prostych ruchów.;Wdech odbywa siê przez nos, a wydech – przez usta.;Codzienna troska o fizycznoœæ, opieraj¹ca siê na trzech g³ównych filarach: w³aœciwej diecie, odpowiedniej iloœci snu i ruchu.
11.4.2025 15:39:17;Akceptujê;nauczycielem;21 lat i wiêcej;Specjalny Oœrodek Szkolno-Wychowawczy dla M³odzie¿y Niewidomej i S³abowidz¹cej w Chorzowie;Obie odpowiedzi s¹ poprawne.;s¹ normalne i potrzebne, poniewa¿ realizuj¹ szereg wa¿nych funkcji.;Przyjêcie odpowiedniej postawy cia³a lub wykonanie prostych ruchów.;Wdech odbywa siê przez nos, a wydech – przez usta.;Optymistyczne nastawienie do codziennoœci i koncentrowanie siê na pozytywnych aspektach w³asnego ¿ycia.
11.4.2025 15:39:20;Akceptujê;nauczycielem;21 lat i wiêcej;Specjalny Oœrodek Szkolno-Wychowawczy dla M³odzie¿y Niewidomej i S³abowidz¹cej w Chorzowie;Obie odpowiedzi s¹ poprawne.;s¹ normalne i potrzebne, poniewa¿ realizuj¹ szereg wa¿nych funkcji.;Przyjêcie odpowiedniej postawy cia³a lub wykonanie prostych ruchów.;Wdech odbywa siê przez nos, a wydech – przez usta.;Optymistyczne nastawienie do codziennoœci i koncentrowanie siê na pozytywnych aspektach w³asnego ¿ycia.
11.4.2025 16:24:25;Akceptujê;nauczycielem;1-5 lat;Specjalny Oœrodek Szkolno-Wychowawczy dla M³odzie¿y Niewidomej i S³abowidz¹cej w Chorzowie;Obie odpowiedzi s¹ poprawne.;s¹ normalne i potrzebne, poniewa¿ realizuj¹ szereg wa¿nych funkcji.;Przyjêcie odpowiedniej postawy cia³a lub wykonanie prostych ruchów.;Wdech odbywa siê przez nos, a wydech – przez usta.;Codzienna troska o fizycznoœæ, opieraj¹ca siê na trzech g³ównych filarach: w³aœciwej diecie, odpowiedniej iloœci snu i ruchu.
11.4.2025 16:32:04;Akceptujê;nauczycielem;1-5 lat;Specjalny Oœrodek Szkolno-Wychowawczy dla M³odzie¿y Niewidomej i S³abowidz¹cej w Chorzowie;Obie odpowiedzi s¹ poprawne.;s¹ normalne i potrzebne, poniewa¿ realizuj¹ szereg wa¿nych funkcji.;Przyjêcie odpowiedniej postawy cia³a lub wykonanie prostych ruchów.;Wdech odbywa siê przez nos, a wydech – przez usta.;Codzienna troska o fizycznoœæ, opieraj¹ca siê na trzech g³ównych filarach: w³aœciwej diecie, odpowiedniej iloœci snu i ruchu.
11.4.2025 16:48:47;Akceptujê;nauczycielem;21 lat i wiêcej;Specjalny Oœrodek Szkolno-Wychowawczy dla M³odzie¿y Niewidomej i S³abowidz¹cej w Chorzowie;Obie odpowiedzi s¹ poprawne.;s¹ normalne i potrzebne, poniewa¿ realizuj¹ szereg wa¿nych funkcji.;Przyjêcie odpowiedniej postawy cia³a lub wykonanie prostych ruchów.;Wdech odbywa siê przez nos, a wydech – przez usta.;Codzienna troska o fizycznoœæ, opieraj¹ca siê na trzech g³ównych filarach: w³aœciwej diecie, odpowiedniej iloœci snu i ruchu.
11.4.2025 17:10:40;Akceptujê;nauczycielem;11-15 lat;Specjalny Oœrodek Szkolno-Wychowawczy dla M³odzie¿y Niewidomej i S³abowidz¹cej w Chorzowie;Obie odpowiedzi s¹ poprawne.;s¹ normalne i potrzebne, poniewa¿ realizuj¹ szereg wa¿nych funkcji.;Przyjêcie odpowiedniej postawy cia³a lub wykonanie prostych ruchów.;Wdech odbywa siê przez nos, a wydech – przez usta.;Codzienna troska o fizycznoœæ, opieraj¹ca siê na trzech g³ównych filarach: w³aœciwej diecie, odpowiedniej iloœci snu i ruchu.
11.5.2025 15:07:24;Akceptujê;nauczycielem;16-20 lat;Szko³a Podstawowa im ks. Paw³a Chmielewskiego w Klebarku Wielkim;Obie odpowiedzi s¹ poprawne.;mo¿na podzieliæ na dobre (pozytywne) i z³e (negatywne).;Przyjêcie odpowiedniej postawy cia³a lub wykonanie prostych ruchów.;Wdech odbywa siê przez nos, a wydech – przez usta.;Codzienna troska o fizycznoœæ, opieraj¹ca siê na trzech g³ównych filarach: w³aœciwej diecie, odpowiedniej iloœci snu i ruchu.
11.5.2025 15:08:55;Akceptujê;dyrektorem/wicedyrektorem;21 lat i wiêcej;Szko³a Podstawowa im ks. Paw³a Chmielewskiego w Klebarku Wielkim;Obie odpowiedzi s¹ poprawne.;s¹ normalne i potrzebne, poniewa¿ realizuj¹ szereg wa¿nych funkcji.;Przyjêcie odpowiedniej postawy cia³a lub wykonanie prostych ruchów.;Wdech odbywa siê przez nos, a wydech – przez usta.;Codzienna troska o fizycznoœæ, opieraj¹ca siê na trzech g³ównych filarach: w³aœciwej diecie, odpowiedniej iloœci snu i ruchu.
11.5.2025 15:11:37;Akceptujê;nauczycielem;6-10 lat;Szko³a Podstawowa im ks. Paw³a Chmielewskiego w Klebarku Wielkim;Obie odpowiedzi s¹ poprawne.;mo¿na podzieliæ na dobre (pozytywne) i z³e (negatywne).;Przyjêcie odpowiedniej postawy cia³a lub wykonanie prostych ruchów.;Wdech odbywa siê przez nos, a wydech – przez usta.;Codzienna troska o fizycznoœæ, opieraj¹ca siê na trzech g³ównych filarach: w³aœciwej diecie, odpowiedniej iloœci snu i ruchu.
11.5.2025 15:15:30;Akceptujê;psychologiem;21 lat i wiêcej;Szko³a Podstawowa im ks. Paw³a Chmielewskiego w Klebarku Wielkim;Obie odpowiedzi s¹ poprawne.;s¹ normalne i potrzebne, poniewa¿ realizuj¹ szereg wa¿nych funkcji.;Przyjêcie odpowiedniej postawy cia³a lub wykonanie prostych ruchów.;Wdech odbywa siê przez nos, a wydech – przez usta.;Codzienna troska o fizycznoœæ, opieraj¹ca siê na trzech g³ównych filarach: w³aœciwej diecie, odpowiedniej iloœci snu i ruchu.
11.5.2025 15:17:32;Akceptujê;nauczycielem;21 lat i wiêcej;Szko³a Podstawowa im ks. Paw³a Chmielewskiego w Klebarku Wielkim;Obie odpowiedzi s¹ poprawne.;mo¿na podzieliæ na dobre (pozytywne) i z³e (negatywne).;Przyjêcie odpowiedniej postawy cia³a lub wykonanie prostych ruchów.;Wdech odbywa siê przez nos, a wydech – przez usta.;Codzienna troska o fizycznoœæ, opieraj¹ca siê na trzech g³ównych filarach: w³aœciwej diecie, odpowiedniej iloœci snu i ruchu.
11.5.2025 15:18:24;Akceptujê;pedagogiem;21 lat i wiêcej;Szko³a Podstawowa im ks. Paw³a Chmielewskiego w Klebarku Wielkim;Obie odpowiedzi s¹ poprawne.;s¹ normalne i potrzebne, poniewa¿ realizuj¹ szereg wa¿nych funkcji.;Przyjêcie odpowiedniej postawy cia³a lub wykonanie prostych ruchów.;Wdech odbywa siê przez nos, a wydech – przez usta.;Codzienna troska o fizycznoœæ, opieraj¹ca siê na trzech g³ównych filarach: w³aœciwej diecie, odpowiedniej iloœci snu i ruchu.
11.5.2025 16:24:04;Akceptujê;nauczycielem;1-5 lat;Szko³a Podstawowa im ks. Paw³a Chmielewskiego w Klebarku Wielkim;Obie odpowiedzi s¹ poprawne.;s¹ normalne i potrzebne, poniewa¿ realizuj¹ szereg wa¿nych funkcji.;Przyjêcie odpowiedniej postawy cia³a lub wykonanie prostych ruchów.;Wdech odbywa siê przez nos, a wydech – przez usta.;Codzienna troska o fizycznoœæ, opieraj¹ca siê na trzech g³ównych filarach: w³aœciwej diecie, odpowiedniej iloœci snu i ruchu.
11.5.2025 16:25:14;Akceptujê;nauczycielem;21 lat i wiêcej;Szko³a Podstawowa im ks. Paw³a Chmielewskiego w Klebarku Wielkim;Obie odpowiedzi s¹ poprawne.;s¹ normalne i potrzebne, poniewa¿ realizuj¹ szereg wa¿nych funkcji.;Przyjêcie odpowiedniej postawy cia³a lub wykonanie prostych ruchów.;Wdech odbywa siê przez nos, a wydech – przez usta.;Codzienna troska o fizycznoœæ, opieraj¹ca siê na trzech g³ównych filarach: w³aœciwej diecie, odpowiedniej iloœci snu i ruchu.
11.5.2025 16:29:29;Akceptujê;nauczycielem;21 lat i wiêcej;Szko³a Podstawowa im ks. Paw³a Chmielewskiego w Klebarku Wielkim;Obie odpowiedzi s¹ poprawne.;s¹ normalne i potrzebne, poniewa¿ realizuj¹ szereg wa¿nych funkcji.;Przyjêcie odpowiedniej postawy cia³a lub wykonanie prostych ruchów.;Wdech i wydech odbywaj¹ siê przez nos.;Codzienna troska o fizycznoœæ, opieraj¹ca siê na trzech g³ównych filarach: w³aœciwej diecie, odpowiedniej iloœci snu i ruchu.
11.5.2025 16:35:33;Akceptujê;nauczycielem;1-5 lat;Szko³a Podstawowa im ks. Paw³a Chmielewskiego w Klebarku Wielkim;Obie odpowiedzi s¹ poprawne.;s¹ normalne i potrzebne, poniewa¿ realizuj¹ szereg wa¿nych funkcji.;Przyjêcie odpowiedniej postawy cia³a lub wykonanie prostych ruchów.;Wdech i wydech odbywaj¹ siê przez nos.;¯adna z powy¿szych.
11.5.2025 16:43:27;Akceptujê;nauczycielem;mniej ni¿ rok;Szko³a Podstawowa im ks. Paw³a Chmielewskiego w Klebarku Wielkim;Obie odpowiedzi s¹ poprawne.;s¹ normalne i potrzebne, poniewa¿ realizuj¹ szereg wa¿nych funkcji.;Przyjêcie odpowiedniej postawy cia³a lub wykonanie prostych ruchów.;Wdech odbywa siê przez nos, a wydech – przez usta.;Codzienna troska o fizycznoœæ, opieraj¹ca siê na trzech g³ównych filarach: w³aœciwej diecie, odpowiedniej iloœci snu i ruchu.
11.5.2025 17:05:12;Akceptujê;nauczycielem;16-20 lat;Szko³a Podstawowa im ks. Paw³a Chmielewskiego w Klebarku Wielkim;Obie odpowiedzi s¹ poprawne.;s¹ normalne i potrzebne, poniewa¿ realizuj¹ szereg wa¿nych funkcji.;Przyjêcie odpowiedniej postawy cia³a lub wykonanie prostych ruchów.;Wdech odbywa siê przez nos, a wydech – przez usta.;Codzienna troska o fizycznoœæ, opieraj¹ca siê na trzech g³ównych filarach: w³aœciwej diecie, odpowiedniej iloœci snu i ruchu.
11.5.2025 17:55:04;Akceptujê;nauczycielem;21 lat i wiêcej;II Liceum Ogólnokszta³c¹ce im. Mieszka I w Szczecinie;Obie odpowiedzi s¹ poprawne.;s¹ normalne i potrzebne, poniewa¿ realizuj¹ szereg wa¿nych funkcji.;Przyjêcie odpowiedniej postawy cia³a lub wykonanie prostych ruchów.;Wdech odbywa siê przez nos, a wydech – przez usta.;¯adna z powy¿szych.
11.5.2025 17:55:17;Akceptujê;nauczycielem;21 lat i wiêcej;II Liceum Ogólnokszta³c¹ce im. Mieszka I w Szczecinie;Obie odpowiedzi s¹ poprawne.;s¹ normalne i potrzebne, poniewa¿ realizuj¹ szereg wa¿nych funkcji.;Przyjêcie odpowiedniej postawy cia³a lub wykonanie prostych ruchów.;Wdech odbywa siê przez nos, a wydech – przez usta.;Codzienna troska o fizycznoœæ, opieraj¹ca siê na trzech g³ównych filarach: w³aœciwej diecie, odpowiedniej iloœci snu i ruchu.
11.5.2025 17:55:47;Akceptujê;nauczycielem;21 lat i wiêcej;II Liceum Ogólnokszta³c¹ce im. Mieszka I w Szczecinie;Obie odpowiedzi s¹ poprawne.;mo¿na podzieliæ na dobre (pozytywne) i z³e (negatywne).;Przyjêcie odpowiedniej postawy cia³a lub wykonanie prostych ruchów.;Wdech odbywa siê przez nos, a wydech – przez usta.;Codzienna troska o fizycznoœæ, opieraj¹ca siê na trzech g³ównych filarach: w³aœciwej diecie, odpowiedniej iloœci snu i ruchu.
11.5.2025 17:56:02;Akceptujê;nauczycielem;21 lat i wiêcej;II Liceum Ogólnokszta³c¹ce im. Mieszka I w Szczecinie;Obie odpowiedzi s¹ poprawne.;s¹ normalne i potrzebne, poniewa¿ realizuj¹ szereg wa¿nych funkcji.;Przyjêcie odpowiedniej postawy cia³a lub wykonanie prostych ruchów.;Wdech odbywa siê przez nos, a wydech – przez usta.;Optymistyczne nastawienie do codziennoœci i koncentrowanie siê na pozytywnych aspektach w³asnego ¿ycia.
11.5.2025 17:56:03;Akceptujê;nauczycielem;11-15 lat;II Liceum Ogólnokszta³c¹ce im. Mieszka I w Szczecinie;Obie odpowiedzi s¹ poprawne.;s¹ normalne i potrzebne, poniewa¿ realizuj¹ szereg wa¿nych funkcji.;Przyjêcie odpowiedniej postawy cia³a lub wykonanie prostych ruchów.;Wdech odbywa siê przez nos, a wydech – przez usta.;Codzienna troska o fizycznoœæ, opieraj¹ca siê na trzech g³ównych filarach: w³aœciwej diecie, odpowiedniej iloœci snu i ruchu.
11.5.2025 17:56:33;Akceptujê;nauczycielem;21 lat i wiêcej;II Liceum Ogólnokszta³c¹ce im. Mieszka I w Szczecinie;Obie odpowiedzi s¹ poprawne.;s¹ normalne i potrzebne, poniewa¿ realizuj¹ szereg wa¿nych funkcji.;Przyjêcie odpowiedniej postawy cia³a lub wykonanie prostych ruchów.;Wdech odbywa siê przez nos, a wydech – przez usta.;Codzienna troska o fizycznoœæ, opieraj¹ca siê na trzech g³ównych filarach: w³aœciwej diecie, odpowiedniej iloœci snu i ruchu.
11.5.2025 17:56:34;Akceptujê;nauczycielem;21 lat i wiêcej;II Liceum Ogólnokszta³c¹ce im. Mieszka I w Szczecinie;Obie odpowiedzi s¹ poprawne.;s¹ normalne i potrzebne, poniewa¿ realizuj¹ szereg wa¿nych funkcji.;Przyjêcie odpowiedniej postawy cia³a lub wykonanie prostych ruchów.;Wdech odbywa siê przez nos, a wydech – przez usta.;Codzienna troska o fizycznoœæ, opieraj¹ca siê na trzech g³ównych filarach: w³aœciwej diecie, odpowiedniej iloœci snu i ruchu.
11.5.2025 17:56:36;Akceptujê;nauczycielem;21 lat i wiêcej;II Liceum Ogólnokszta³c¹ce im. Mieszka I w Szczecinie;Uruchamiaj¹ ca³y zespó³ zmian w ciele, w sposobie myœlenia i zachowaniu cz³owieka.;s¹ normalne i potrzebne, poniewa¿ realizuj¹ szereg wa¿nych funkcji.;Przyjêcie odpowiedniej postawy cia³a lub wykonanie prostych ruchów.;Wdech i wydech odbywaj¹ siê przez nos.;Codzienna troska o fizycznoœæ, opieraj¹ca siê na trzech g³ównych filarach: w³aœciwej diecie, odpowiedniej iloœci snu i ruchu.
11.5.2025 17:56:38;Akceptujê;nauczycielem;21 lat i wiêcej;II Liceum Ogólnokszta³c¹ce im. Mieszka I w Szczecinie;Obie odpowiedzi s¹ poprawne.;s¹ normalne i potrzebne, poniewa¿ realizuj¹ szereg wa¿nych funkcji.;Przyjêcie odpowiedniej postawy cia³a lub wykonanie prostych ruchów.;Wdech odbywa siê przez nos, a wydech – przez usta.;Codzienna troska o fizycznoœæ, opieraj¹ca siê na trzech g³ównych filarach: w³aœciwej diecie, odpowiedniej iloœci snu i ruchu.
11.5.2025 17:59:32;Akceptujê;nauczycielem;21 lat i wiêcej;II Liceum Ogólnokszta³c¹ce im. Mieszka I w Szczecinie;Obie odpowiedzi s¹ poprawne.;s¹ normalne i potrzebne, poniewa¿ realizuj¹ szereg wa¿nych funkcji.;Przyjêcie odpowiedniej postawy cia³a lub wykonanie prostych ruchów.;Wdech odbywa siê przez nos, a wydech – przez usta.;Optymistyczne nastawienie do codziennoœci i koncentrowanie siê na pozytywnych aspektach w³asnego ¿ycia.
11.5.2025 18:02:35;Akceptujê;pedagogiem;21 lat i wiêcej;II Liceum Ogólnokszta³c¹ce im. Mieszka I w Szczecinie;Obie odpowiedzi s¹ poprawne.;s¹ normalne i potrzebne, poniewa¿ realizuj¹ szereg wa¿nych funkcji.;Przyjêcie odpowiedniej postawy cia³a lub wykonanie prostych ruchów.;Wdech odbywa siê przez nos, a wydech – przez usta.;Codzienna troska o fizycznoœæ, opieraj¹ca siê na trzech g³ównych filarach: w³aœciwej diecie, odpowiedniej iloœci snu i ruchu.
11.5.2025 18:24:44;Akceptujê;nauczycielem;11-15 lat;II Liceum Ogólnokszta³c¹ce im. Mieszka I w Szczecinie;Uruchamiaj¹ ca³y zespó³ zmian w ciele, w sposobie myœlenia i zachowaniu cz³owieka.;mo¿na podzieliæ na dobre (pozytywne) i z³e (negatywne).;Przyjêcie odpowiedniej postawy cia³a lub wykonanie prostych ruchów.;Wdech odbywa siê przez nos, a wydech – przez usta.;Codzienna troska o fizycznoœæ, opieraj¹ca siê na trzech g³ównych filarach: w³aœciwej diecie, odpowiedniej iloœci snu i ruchu.
11.6.2025 15:41:26;Akceptujê;sekretarzem;1-5 lat;Szko³a Podstawowa w Z³otorii;Nie wiem;Nie wiem;Nie wiem;Nie wiem;Nie wiem
11.6.2025 15:41:57;Akceptujê;nauczycielem;11-15 lat;Szko³a Podstawowa w Z³otorii;Obie odpowiedzi s¹ poprawne.;s¹ normalne i potrzebne, poniewa¿ realizuj¹ szereg wa¿nych funkcji.;Zjedzenie czegoœ s³odkiego.;Wdech odbywa siê przez nos, a wydech – przez usta.;Nie wiem
11.6.2025 15:42:22;Akceptujê;nauczycielem;16-20 lat;Szko³a Podstawowa w Z³otorii;Obie odpowiedzi s¹ poprawne.;s¹ normalne i potrzebne, poniewa¿ realizuj¹ szereg wa¿nych funkcji.;Przyjêcie odpowiedniej postawy cia³a lub wykonanie prostych ruchów.;Wdech odbywa siê przez nos, a wydech – przez usta.;Codzienna troska o fizycznoœæ, opieraj¹ca siê na trzech g³ównych filarach: w³aœciwej diecie, odpowiedniej iloœci snu i ruchu.
11.6.2025 15:42:44;Akceptujê;dyrektorem/wicedyrektorem;21 lat i wiêcej;Szko³a Podstawowa w Z³otorii;Obie odpowiedzi s¹ poprawne.;s¹ normalne i potrzebne, poniewa¿ realizuj¹ szereg wa¿nych funkcji.;Przyjêcie odpowiedniej postawy cia³a lub wykonanie prostych ruchów.;Wdech odbywa siê przez usta, a wydech – przez nos.;Codzienna troska o fizycznoœæ, opieraj¹ca siê na trzech g³ównych filarach: w³aœciwej diecie, odpowiedniej iloœci snu i ruchu.
11.6.2025 15:42:48;Akceptujê;nauczycielem;6-10 lat;Szko³a Podstawowa w Z³otorii;Obie odpowiedzi s¹ poprawne.;s¹ normalne i potrzebne, poniewa¿ realizuj¹ szereg wa¿nych funkcji.;Przyjêcie odpowiedniej postawy cia³a lub wykonanie prostych ruchów.;Wdech odbywa siê przez nos, a wydech – przez usta.;Codzienna troska o fizycznoœæ, opieraj¹ca siê na trzech g³ównych filarach: w³aœciwej diecie, odpowiedniej iloœci snu i ruchu.
11.6.2025 15:42:54;Akceptujê;nauczycielem;21 lat i wiêcej;Szko³a Podstawowa w Z³otorii;Obie odpowiedzi s¹ poprawne.;mo¿na podzieliæ na dobre (pozytywne) i z³e (negatywne).;Przyjêcie odpowiedniej postawy cia³a lub wykonanie prostych ruchów.;Wdech odbywa siê przez usta, a wydech – przez nos.;Optymistyczne nastawienie do codziennoœci i koncentrowanie siê na pozytywnych aspektach w³asnego ¿ycia.
11.6.2025 15:43:00;Akceptujê;nauczycielem;1-5 lat;Szko³a Podstawowa w Z³otorii;Obie odpowiedzi s¹ poprawne.;s¹ normalne i potrzebne, poniewa¿ realizuj¹ szereg wa¿nych funkcji.;Przyjêcie odpowiedniej postawy cia³a lub wykonanie prostych ruchów.;Wdech odbywa siê przez nos, a wydech – przez usta.;Codzienna troska o fizycznoœæ, opieraj¹ca siê na trzech g³ównych filarach: w³aœciwej diecie, odpowiedniej iloœci snu i ruchu.
11.6.2025 15:43:48;Akceptujê;nauczycielem;21 lat i wiêcej;Szko³a Podstawowa w Z³otorii;Obie odpowiedzi s¹ poprawne.;s¹ normalne i potrzebne, poniewa¿ realizuj¹ szereg wa¿nych funkcji.;Przyjêcie odpowiedniej postawy cia³a lub wykonanie prostych ruchów.;Wdech odbywa siê przez nos, a wydech – przez usta.;Codzienna troska o fizycznoœæ, opieraj¹ca siê na trzech g³ównych filarach: w³aœciwej diecie, odpowiedniej iloœci snu i ruchu.
11.6.2025 15:44:04;Akceptujê;nauczycielem;6-10 lat;Szko³a Podstawowa w Z³otorii;Obie odpowiedzi s¹ poprawne.;s¹ normalne i potrzebne, poniewa¿ realizuj¹ szereg wa¿nych funkcji.;Przyjêcie odpowiedniej postawy cia³a lub wykonanie prostych ruchów.;Wdech odbywa siê przez usta, a wydech – przez nos.;Codzienna troska o fizycznoœæ, opieraj¹ca siê na trzech g³ównych filarach: w³aœciwej diecie, odpowiedniej iloœci snu i ruchu.
11.6.2025 15:44:07;Akceptujê;nauczycielem;6-10 lat;Szko³a Podstawowa w Z³otorii;Obie odpowiedzi s¹ poprawne.;s¹ normalne i potrzebne, poniewa¿ realizuj¹ szereg wa¿nych funkcji.;Przyjêcie odpowiedniej postawy cia³a lub wykonanie prostych ruchów.;Wdech odbywa siê przez nos, a wydech – przez usta.;Codzienna troska o fizycznoœæ, opieraj¹ca siê na trzech g³ównych filarach: w³aœciwej diecie, odpowiedniej iloœci snu i ruchu.
11.6.2025 15:44:34;Akceptujê;nauczycielem;16-20 lat;Szko³a Podstawowa w Z³otorii;Obie odpowiedzi s¹ poprawne.;s¹ normalne i potrzebne, poniewa¿ realizuj¹ szereg wa¿nych funkcji.;Przyjêcie odpowiedniej postawy cia³a lub wykonanie prostych ruchów.;Wdech odbywa siê przez nos, a wydech – przez usta.;Optymistyczne nastawienie do codziennoœci i koncentrowanie siê na pozytywnych aspektach w³asnego ¿ycia.
11.6.2025 15:45:50;Akceptujê;nauczycielem;6-10 lat;Szko³a Podstawowa w Z³otorii;Uruchamiaj¹ ca³y zespó³ zmian w ciele, w sposobie myœlenia i zachowaniu cz³owieka.;s¹ normalne i potrzebne, poniewa¿ realizuj¹ szereg wa¿nych funkcji.;Przyjêcie odpowiedniej postawy cia³a lub wykonanie prostych ruchów.;Wdech odbywa siê przez nos, a wydech – przez usta.;Optymistyczne nastawienie do codziennoœci i koncentrowanie siê na pozytywnych aspektach w³asnego ¿ycia.
11.6.2025 15:46:19;Akceptujê;nauczycielem;11-15 lat;Szko³a Podstawowa w Z³otorii;Obie odpowiedzi s¹ poprawne.;s¹ normalne i potrzebne, poniewa¿ realizuj¹ szereg wa¿nych funkcji.;Przyjêcie odpowiedniej postawy cia³a lub wykonanie prostych ruchów.;Wdech odbywa siê przez nos, a wydech – przez usta.;Codzienna troska o fizycznoœæ, opieraj¹ca siê na trzech g³ównych filarach: w³aœciwej diecie, odpowiedniej iloœci snu i ruchu.
11.12.2025 15:59:57;Akceptujê;nauczycielem;21 lat i wiêcej;Zespó³ Szkó³ nr 4 w Suwa³kach;Obie odpowiedzi s¹ poprawne.;s¹ normalne i potrzebne, poniewa¿ realizuj¹ szereg wa¿nych funkcji.;Przyjêcie odpowiedniej postawy cia³a lub wykonanie prostych ruchów.;Wdech odbywa siê przez nos, a wydech – przez usta.;Codzienna troska o fizycznoœæ, opieraj¹ca siê na trzech g³ównych filarach: w³aœciwej diecie, odpowiedniej iloœci snu i ruchu.
11.12.2025 16:00:28;Akceptujê;nauczycielem;21 lat i wiêcej;Zespó³ Szkó³ nr 4 w Suwa³kach;Obie odpowiedzi s¹ poprawne.;s¹ abstrakcyjnym, metafizycznym doœwiadczeniem.;Przyjêcie odpowiedniej postawy cia³a lub wykonanie prostych ruchów.;Wdech odbywa siê przez nos, a wydech – przez usta.;Codzienna troska o fizycznoœæ, opieraj¹ca siê na trzech g³ównych filarach: w³aœciwej diecie, odpowiedniej iloœci snu i ruchu.
11.12.2025 16:00:40;Akceptujê;psychologiem;1-5 lat;Zespó³ Szkó³ nr 4 w Suwa³kach;To reakcje, które pojawiaj¹ siê w odpowiedzi na subiektywnie wa¿n¹ dla danej osoby sytuacjê.;s¹ normalne i potrzebne, poniewa¿ realizuj¹ szereg wa¿nych funkcji.;Przyjêcie odpowiedniej postawy cia³a lub wykonanie prostych ruchów.;Wdech odbywa siê przez nos, a wydech – przez usta.;Codzienna troska o fizycznoœæ, opieraj¹ca siê na trzech g³ównych filarach: w³aœciwej diecie, odpowiedniej iloœci snu i ruchu.
11.12.2025 16:01:00;Akceptujê;nauczycielem;21 lat i wiêcej;Zespó³ Szkó³ nr 4 w Suwa³kach;Obie odpowiedzi s¹ poprawne.;mo¿na podzieliæ na dobre (pozytywne) i z³e (negatywne).;Przyjêcie odpowiedniej postawy cia³a lub wykonanie prostych ruchów.;Wdech odbywa siê przez nos, a wydech – przez usta.;Optymistyczne nastawienie do codziennoœci i koncentrowanie siê na pozytywnych aspektach w³asnego ¿ycia.
11.12.2025 16:01:07;Akceptujê;nauczycielem;1-5 lat;Zespó³ Szkó³ nr 4 w Suwa³kach;Obie odpowiedzi s¹ poprawne.;s¹ normalne i potrzebne, poniewa¿ realizuj¹ szereg wa¿nych funkcji.;Przyjêcie odpowiedniej postawy cia³a lub wykonanie prostych ruchów.;Wdech odbywa siê przez nos, a wydech – przez usta.;Codzienna troska o fizycznoœæ, opieraj¹ca siê na trzech g³ównych filarach: w³aœciwej diecie, odpowiedniej iloœci snu i ruchu.
11.12.2025 16:01:25;Akceptujê;nauczycielem;21 lat i wiêcej;Zespó³ Szkó³ nr 4 w Suwa³kach;Obie odpowiedzi s¹ poprawne.;s¹ normalne i potrzebne, poniewa¿ realizuj¹ szereg wa¿nych funkcji.;Przyjêcie odpowiedniej postawy cia³a lub wykonanie prostych ruchów.;Wdech odbywa siê przez nos, a wydech – przez usta.;Codzienna troska o fizycznoœæ, opieraj¹ca siê na trzech g³ównych filarach: w³aœciwej diecie, odpowiedniej iloœci snu i ruchu.
11.12.2025 16:01:40;Akceptujê;pedagogiem;21 lat i wiêcej;Zespó³ Szkó³ nr 4 w Suwa³kach;Obie odpowiedzi s¹ poprawne.;s¹ normalne i potrzebne, poniewa¿ realizuj¹ szereg wa¿nych funkcji.;Przyjêcie odpowiedniej postawy cia³a lub wykonanie prostych ruchów.;Wdech odbywa siê przez nos, a wydech – przez usta.;Codzienna troska o fizycznoœæ, opieraj¹ca siê na trzech g³ównych filarach: w³aœciwej diecie, odpowiedniej iloœci snu i ruchu.
11.12.2025 16:02:34;Akceptujê;nauczycielem;21 lat i wiêcej;Zespó³ Szkó³ nr 4 w Suwa³kach;Obie odpowiedzi s¹ poprawne.;mo¿na podzieliæ na dobre (pozytywne) i z³e (negatywne).;Przyjêcie odpowiedniej postawy cia³a lub wykonanie prostych ruchów.;Wdech odbywa siê przez nos, a wydech – przez usta.;Optymistyczne nastawienie do codziennoœci i koncentrowanie siê na pozytywnych aspektach w³asnego ¿ycia.
11.12.2025 16:05:45;Akceptujê;nauczycielem;21 lat i wiêcej;Zespó³ Szkó³ nr 4 w Suwa³kach;To reakcje, które pojawiaj¹ siê w odpowiedzi na subiektywnie wa¿n¹ dla danej osoby sytuacjê.;s¹ normalne i potrzebne, poniewa¿ realizuj¹ szereg wa¿nych funkcji.;Przyjêcie odpowiedniej postawy cia³a lub wykonanie prostych ruchów.;Wdech odbywa siê przez nos, a wydech – przez usta.;Codzienna troska o fizycznoœæ, opieraj¹ca siê na trzech g³ównych filarach: w³aœciwej diecie, odpowiedniej iloœci snu i ruchu.
11.12.2025 16:06:18;Akceptujê;nauczycielem;1-5 lat;Zespó³ Szkó³ nr 4 w Suwa³kach;Obie odpowiedzi s¹ poprawne.;s¹ normalne i potrzebne, poniewa¿ realizuj¹ szereg wa¿nych funkcji.;Przyjêcie odpowiedniej postawy cia³a lub wykonanie prostych ruchów.;Wdech odbywa siê przez nos, a wydech – przez usta.;Optymistyczne nastawienie do codziennoœci i koncentrowanie siê na pozytywnych aspektach w³asnego ¿ycia.
11.12.2025 16:21:40;Akceptujê;dyrektorem/wicedyrektorem;11-15 lat;Zespó³ Szkó³ nr 4 w Suwa³kach;Obie odpowiedzi s¹ poprawne.;s¹ normalne i potrzebne, poniewa¿ realizuj¹ szereg wa¿nych funkcji.;Przyjêcie odpowiedniej postawy cia³a lub wykonanie prostych ruchów.;Wdech odbywa siê przez nos, a wydech – przez usta.;Codzienna troska o fizycznoœæ, opieraj¹ca siê na trzech g³ównych filarach: w³aœciwej diecie, odpowiedniej iloœci snu i ruchu.
11.12.2025 16:24:45;Akceptujê;nauczycielem;21 lat i wiêcej;Zespó³ Szkó³ nr 4 w Suwa³kach;To reakcje, które pojawiaj¹ siê w odpowiedzi na subiektywnie wa¿n¹ dla danej osoby sytuacjê.;mo¿na podzieliæ na dobre (pozytywne) i z³e (negatywne).;Przyjêcie odpowiedniej postawy cia³a lub wykonanie prostych ruchów.;Wdech odbywa siê przez nos, a wydech – przez usta.;Optymistyczne nastawienie do codziennoœci i koncentrowanie siê na pozytywnych aspektach w³asnego ¿ycia.
11.12.2025 16:26:27;Akceptujê;nauczycielem;21 lat i wiêcej;Zespó³ Szkó³ nr 4 w Suwa³kach;To reakcje, które pojawiaj¹ siê w odpowiedzi na subiektywnie wa¿n¹ dla danej osoby sytuacjê.;mo¿na podzieliæ na dobre (pozytywne) i z³e (negatywne).;Nie wiem;Wdech odbywa siê przez nos, a wydech – przez usta.;Codzienna troska o fizycznoœæ, opieraj¹ca siê na trzech g³ównych filarach: w³aœciwej diecie, odpowiedniej iloœci snu i ruchu.
11.12.2025 18:27:28;Akceptujê;nauczycielem;1-5 lat;Zespó³ Szkó³ nr 4 w Suwa³kach;To reakcje, które pojawiaj¹ siê w odpowiedzi na subiektywnie wa¿n¹ dla danej osoby sytuacjê.;mo¿na podzieliæ na dobre (pozytywne) i z³e (negatywne).;Przyjêcie odpowiedniej postawy cia³a lub wykonanie prostych ruchów.;Wdech odbywa siê przez nos, a wydech – przez usta.;Optymistyczne nastawienie do codziennoœci i koncentrowanie siê na pozytywnych aspektach w³asnego ¿ycia.
11.12.2025 18:28:51;Akceptujê;nauczycielem;21 lat i wiêcej;Zespó³ Szkó³ nr 4 w Suwa³kach;To reakcje, które pojawiaj¹ siê w odpowiedzi na subiektywnie wa¿n¹ dla danej osoby sytuacjê.;s¹ normalne i potrzebne, poniewa¿ realizuj¹ szereg wa¿nych funkcji.;Przyjêcie odpowiedniej postawy cia³a lub wykonanie prostych ruchów.;Wdech odbywa siê przez nos, a wydech – przez usta.;Codzienna troska o fizycznoœæ, opieraj¹ca siê na trzech g³ównych filarach: w³aœciwej diecie, odpowiedniej iloœci snu i ruchu.
11.17.2025 15:40:24;Akceptujê;nauczycielem;11-15 lat;VIII Liceum Ogólnokszta³c¹ce im. Stanis³awa Wyspiañskiego w Rzeszowie;Obie odpowiedzi s¹ poprawne.;s¹ normalne i potrzebne, poniewa¿ realizuj¹ szereg wa¿nych funkcji.;Przyjêcie odpowiedniej postawy cia³a lub wykonanie prostych ruchów.;Wdech odbywa siê przez nos, a wydech – przez usta.;Codzienna troska o fizycznoœæ, opieraj¹ca siê na trzech g³ównych filarach: w³aœciwej diecie, odpowiedniej iloœci snu i ruchu.
11.17.2025 15:40:35;Akceptujê;nauczycielem;11-15 lat;VIII Liceum Ogólnokszta³c¹ce im. Stanis³awa Wyspiañskiego w Rzeszowie;Obie odpowiedzi s¹ poprawne.;s¹ normalne i potrzebne, poniewa¿ realizuj¹ szereg wa¿nych funkcji.;Przyjêcie odpowiedniej postawy cia³a lub wykonanie prostych ruchów.;Wdech odbywa siê przez nos, a wydech – przez usta.;Codzienna troska o fizycznoœæ, opieraj¹ca siê na trzech g³ównych filarach: w³aœciwej diecie, odpowiedniej iloœci snu i ruchu.
11.17.2025 15:40:47;Akceptujê;nauczycielem;1-5 lat;VIII Liceum Ogólnokszta³c¹ce im. Stanis³awa Wyspiañskiego w Rzeszowie;To reakcje, które pojawiaj¹ siê w odpowiedzi na subiektywnie wa¿n¹ dla danej osoby sytuacjê.;s¹ normalne i potrzebne, poniewa¿ realizuj¹ szereg wa¿nych funkcji.;Nie wiem;Nie wiem;Codzienna troska o fizycznoœæ, opieraj¹ca siê na trzech g³ównych filarach: w³aœciwej diecie, odpowiedniej iloœci snu i ruchu.
11.17.2025 15:41:19;Akceptujê;nauczycielem;21 lat i wiêcej;VIII Liceum Ogólnokszta³c¹ce im. Stanis³awa Wyspiañskiego w Rzeszowie;Obie odpowiedzi s¹ poprawne.;s¹ normalne i potrzebne, poniewa¿ realizuj¹ szereg wa¿nych funkcji.;Odreagowanie emocji w k³ótni z inn¹ osob¹.;Wdech odbywa siê przez usta, a wydech – przez nos.;Optymistyczne nastawienie do codziennoœci i koncentrowanie siê na pozytywnych aspektach w³asnego ¿ycia.
11.17.2025 15:41:45;Akceptujê;nauczycielem;16-20 lat;VIII Liceum Ogólnokszta³c¹ce im. Stanis³awa Wyspiañskiego w Rzeszowie;Obie odpowiedzi s¹ poprawne.;s¹ normalne i potrzebne, poniewa¿ realizuj¹ szereg wa¿nych funkcji.;Przyjêcie odpowiedniej postawy cia³a lub wykonanie prostych ruchów.;Wdech odbywa siê przez nos, a wydech – przez usta.;Codzienna troska o fizycznoœæ, opieraj¹ca siê na trzech g³ównych filarach: w³aœciwej diecie, odpowiedniej iloœci snu i ruchu.
11.17.2025 15:42:22;Akceptujê;pedagog specjalny;21 lat i wiêcej;VIII Liceum Ogólnokszta³c¹ce im. Stanis³awa Wyspiañskiego w Rzeszowie;Obie odpowiedzi s¹ poprawne.;mo¿na podzieliæ na dobre (pozytywne) i z³e (negatywne).;Przyjêcie odpowiedniej postawy cia³a lub wykonanie prostych ruchów.;Wdech odbywa siê przez nos, a wydech – przez usta.;Codzienna troska o fizycznoœæ, opieraj¹ca siê na trzech g³ównych filarach: w³aœciwej diecie, odpowiedniej iloœci snu i ruchu.
11.17.2025 15:42:47;Akceptujê;nauczycielem;6-10 lat;VIII Liceum Ogólnokszta³c¹ce im. Stanis³awa Wyspiañskiego w Rzeszowie;Obie odpowiedzi s¹ poprawne.;s¹ normalne i potrzebne, poniewa¿ realizuj¹ szereg wa¿nych funkcji.;Przyjêcie odpowiedniej postawy cia³a lub wykonanie prostych ruchów.;Wdech odbywa siê przez nos, a wydech – przez usta.;Codzienna troska o fizycznoœæ, opieraj¹ca siê na trzech g³ównych filarach: w³aœciwej diecie, odpowiedniej iloœci snu i ruchu.
11.17.2025 15:43:02;Akceptujê;nauczycielem;21 lat i wiêcej;VIII Liceum Ogólnokszta³c¹ce im. Stanis³awa Wyspiañskiego w Rzeszowie;Uruchamiaj¹ ca³y zespó³ zmian w ciele, w sposobie myœlenia i zachowaniu cz³owieka.;s¹ normalne i potrzebne, poniewa¿ realizuj¹ szereg wa¿nych funkcji.;Przyjêcie odpowiedniej postawy cia³a lub wykonanie prostych ruchów.;Wdech odbywa siê przez nos, a wydech – przez usta.;Optymistyczne nastawienie do codziennoœci i koncentrowanie siê na pozytywnych aspektach w³asnego ¿ycia.
11.17.2025 15:43:37;Akceptujê;nauczycielem;11-15 lat;VIII Liceum Ogólnokszta³c¹ce im. Stanis³awa Wyspiañskiego w Rzeszowie;Obie odpowiedzi s¹ poprawne.;s¹ normalne i potrzebne, poniewa¿ realizuj¹ szereg wa¿nych funkcji.;Przyjêcie odpowiedniej postawy cia³a lub wykonanie prostych ruchów.;Wdech odbywa siê przez nos, a wydech – przez usta.;Codzienna troska o fizycznoœæ, opieraj¹ca siê na trzech g³ównych filarach: w³aœciwej diecie, odpowiedniej iloœci snu i ruchu.
11.17.2025 15:43:42;Akceptujê;nauczycielem;21 lat i wiêcej;VIII Liceum Ogólnokszta³c¹ce im. Stanis³awa Wyspiañskiego w Rzeszowie;Obie odpowiedzi s¹ poprawne.;s¹ normalne i potrzebne, poniewa¿ realizuj¹ szereg wa¿nych funkcji.;Przyjêcie odpowiedniej postawy cia³a lub wykonanie prostych ruchów.;Wdech odbywa siê przez nos, a wydech – przez usta.;Optymistyczne nastawienie do codziennoœci i koncentrowanie siê na pozytywnych aspektach w³asnego ¿ycia.
11.17.2025 15:44:18;Akceptujê;nauczycielem;21 lat i wiêcej;VIII Liceum Ogólnokszta³c¹ce im. Stanis³awa Wyspiañskiego w Rzeszowie;Obie odpowiedzi s¹ poprawne.;s¹ normalne i potrzebne, poniewa¿ realizuj¹ szereg wa¿nych funkcji.;Przyjêcie odpowiedniej postawy cia³a lub wykonanie prostych ruchów.;Wdech odbywa siê przez nos, a wydech – przez usta.;Codzienna troska o fizycznoœæ, opieraj¹ca siê na trzech g³ównych filarach: w³aœciwej diecie, odpowiedniej iloœci snu i ruchu.
11.17.2025 15:45:02;Akceptujê;nauczycielem;21 lat i wiêcej;VIII Liceum Ogólnokszta³c¹ce im. Stanis³awa Wyspiañskiego w Rzeszowie;Obie odpowiedzi s¹ poprawne.;s¹ normalne i potrzebne, poniewa¿ realizuj¹ szereg wa¿nych funkcji.;Odreagowanie emocji w k³ótni z inn¹ osob¹.;Wdech odbywa siê przez nos, a wydech – przez usta.;Codzienna troska o fizycznoœæ, opieraj¹ca siê na trzech g³ównych filarach: w³aœciwej diecie, odpowiedniej iloœci snu i ruchu.
11.17.2025 15:45:03;Akceptujê;nauczycielem;6-10 lat;VIII Liceum Ogólnokszta³c¹ce im. Stanis³awa Wyspiañskiego w Rzeszowie;To reakcje, które pojawiaj¹ siê w odpowiedzi na subiektywnie wa¿n¹ dla danej osoby sytuacjê.;s¹ normalne i potrzebne, poniewa¿ realizuj¹ szereg wa¿nych funkcji.;Przyjêcie odpowiedniej postawy cia³a lub wykonanie prostych ruchów.;Wdech odbywa siê przez nos, a wydech – przez usta.;Optymistyczne nastawienie do codziennoœci i koncentrowanie siê na pozytywnych aspektach w³asnego ¿ycia.
11.17.2025 15:45:09;Akceptujê;nauczycielem;16-20 lat;VIII Liceum Ogólnokszta³c¹ce im. Stanis³awa Wyspiañskiego w Rzeszowie;Obie odpowiedzi s¹ poprawne.;s¹ normalne i potrzebne, poniewa¿ realizuj¹ szereg wa¿nych funkcji.;Przyjêcie odpowiedniej postawy cia³a lub wykonanie prostych ruchów.;Wdech odbywa siê przez nos, a wydech – przez usta.;Codzienna troska o fizycznoœæ, opieraj¹ca siê na trzech g³ównych filarach: w³aœciwej diecie, odpowiedniej iloœci snu i ruchu.
11.17.2025 15:47:10;Akceptujê;nauczycielem;1-5 lat;VIII Liceum Ogólnokszta³c¹ce im. Stanis³awa Wyspiañskiego w Rzeszowie;Obie odpowiedzi s¹ poprawne.;s¹ normalne i potrzebne, poniewa¿ realizuj¹ szereg wa¿nych funkcji.;Przyjêcie odpowiedniej postawy cia³a lub wykonanie prostych ruchów.;Wdech odbywa siê przez nos, a wydech – przez usta.;Codzienna troska o fizycznoœæ, opieraj¹ca siê na trzech g³ównych filarach: w³aœciwej diecie, odpowiedniej iloœci snu i ruchu.
11.17.2025 15:47:56;Akceptujê;nauczycielem;16-20 lat;VIII Liceum Ogólnokszta³c¹ce im. Stanis³awa Wyspiañskiego w Rzeszowie;Obie odpowiedzi s¹ poprawne.;s¹ normalne i potrzebne, poniewa¿ realizuj¹ szereg wa¿nych funkcji.;Przyjêcie odpowiedniej postawy cia³a lub wykonanie prostych ruchów.;Wdech odbywa siê przez nos, a wydech – przez usta.;Codzienna troska o fizycznoœæ, opieraj¹ca siê na trzech g³ównych filarach: w³aœciwej diecie, odpowiedniej iloœci snu i ruchu.
11.17.2025 15:49:14;Akceptujê;psychologiem;1-5 lat;VIII Liceum Ogólnokszta³c¹ce im. Stanis³awa Wyspiañskiego w Rzeszowie;Obie odpowiedzi s¹ poprawne.;s¹ normalne i potrzebne, poniewa¿ realizuj¹ szereg wa¿nych funkcji.;Przyjêcie odpowiedniej postawy cia³a lub wykonanie prostych ruchów.;Wdech odbywa siê przez nos, a wydech – przez usta.;Codzienna troska o fizycznoœæ, opieraj¹ca siê na trzech g³ównych filarach: w³aœciwej diecie, odpowiedniej iloœci snu i ruchu.
11.17.2025 15:51:17;Akceptujê;nauczycielem;21 lat i wiêcej;VIII Liceum Ogólnokszta³c¹ce im. Stanis³awa Wyspiañskiego w Rzeszowie;Obie odpowiedzi s¹ poprawne.;s¹ normalne i potrzebne, poniewa¿ realizuj¹ szereg wa¿nych funkcji.;Przyjêcie odpowiedniej postawy cia³a lub wykonanie prostych ruchów.;Wdech odbywa siê przez usta, a wydech – przez nos.;Optymistyczne nastawienie do codziennoœci i koncentrowanie siê na pozytywnych aspektach w³asnego ¿ycia.
11.17.2025 15:51:32;Akceptujê;nauczycielem;11-15 lat;VIII Liceum Ogólnokszta³c¹ce im. Stanis³awa Wyspiañskiego w Rzeszowie;To reakcje, które pojawiaj¹ siê w odpowiedzi na subiektywnie wa¿n¹ dla danej osoby sytuacjê.;s¹ normalne i potrzebne, poniewa¿ realizuj¹ szereg wa¿nych funkcji.;Przyjêcie odpowiedniej postawy cia³a lub wykonanie prostych ruchów.;Wdech odbywa siê przez nos, a wydech – przez usta.;Optymistyczne nastawienie do codziennoœci i koncentrowanie siê na pozytywnych aspektach w³asnego ¿ycia.
11.17.2025 15:54:53;Akceptujê;nauczycielem;1-5 lat;VIII Liceum Ogólnokszta³c¹ce im. Stanis³awa Wyspiañskiego w Rzeszowie;Obie odpowiedzi s¹ poprawne.;s¹ normalne i potrzebne, poniewa¿ realizuj¹ szereg wa¿nych funkcji.;Odreagowanie emocji w k³ótni z inn¹ osob¹.;Wdech odbywa siê przez nos, a wydech – przez usta.;Optymistyczne nastawienie do codziennoœci i koncentrowanie siê na pozytywnych aspektach w³asnego ¿ycia.
11.17.2025 15:59:16;Akceptujê;nauczycielem;1-5 lat;VIII Liceum Ogólnokszta³c¹ce im. Stanis³awa Wyspiañskiego w Rzeszowie;Uruchamiaj¹ ca³y zespó³ zmian w ciele, w sposobie myœlenia i zachowaniu cz³owieka.;s¹ normalne i potrzebne, poniewa¿ realizuj¹ szereg wa¿nych funkcji.;Przyjêcie odpowiedniej postawy cia³a lub wykonanie prostych ruchów.;Wdech odbywa siê przez nos, a wydech – przez usta.;Codzienna troska o fizycznoœæ, opieraj¹ca siê na trzech g³ównych filarach: w³aœciwej diecie, odpowiedniej iloœci snu i ruchu.
11.17.2025 16:20:05;Akceptujê;pedagogiem;21 lat i wiêcej;VIII Liceum Ogólnokszta³c¹ce im. Stanis³awa Wyspiañskiego w Rzeszowie;Obie odpowiedzi s¹ poprawne.;s¹ normalne i potrzebne, poniewa¿ realizuj¹ szereg wa¿nych funkcji.;Przyjêcie odpowiedniej postawy cia³a lub wykonanie prostych ruchów.;Wdech odbywa siê przez nos, a wydech – przez usta.;Codzienna troska o fizycznoœæ, opieraj¹ca siê na trzech g³ównych filarach: w³aœciwej diecie, odpowiedniej iloœci snu i ruchu.
11.17.2025 16:29:33;Akceptujê;nauczycielem;21 lat i wiêcej;VIII Liceum Ogólnokszta³c¹ce im. Stanis³awa Wyspiañskiego w Rzeszowie;Obie odpowiedzi s¹ poprawne.;s¹ normalne i potrzebne, poniewa¿ realizuj¹ szereg wa¿nych funkcji.;Przyjêcie odpowiedniej postawy cia³a lub wykonanie prostych ruchów.;Wdech odbywa siê przez nos, a wydech – przez usta.;Optymistyczne nastawienie do codziennoœci i koncentrowanie siê na pozytywnych aspektach w³asnego ¿ycia.
11.17.2025 16:32:41;Akceptujê;nauczycielem;21 lat i wiêcej;VIII Liceum Ogólnokszta³c¹ce im. Stanis³awa Wyspiañskiego w Rzeszowie;Obie odpowiedzi s¹ poprawne.;s¹ normalne i potrzebne, poniewa¿ realizuj¹ szereg wa¿nych funkcji.;Przyjêcie odpowiedniej postawy cia³a lub wykonanie prostych ruchów.;Wdech odbywa siê przez nos, a wydech – przez usta.;Codzienna troska o fizycznoœæ, opieraj¹ca siê na trzech g³ównych filarach: w³aœciwej diecie, odpowiedniej iloœci snu i ruchu.
11.17.2025 16:36:02;Akceptujê;nauczycielem;21 lat i wiêcej;VIII Liceum Ogólnokszta³c¹ce im. Stanis³awa Wyspiañskiego w Rzeszowie;Obie odpowiedzi s¹ poprawne.;s¹ normalne i potrzebne, poniewa¿ realizuj¹ szereg wa¿nych funkcji.;Przyjêcie odpowiedniej postawy cia³a lub wykonanie prostych ruchów.;Wdech odbywa siê przez nos, a wydech – przez usta.;Codzienna troska o fizycznoœæ, opieraj¹ca siê na trzech g³ównych filarach: w³aœciwej diecie, odpowiedniej iloœci snu i ruchu.
11.17.2025 16:43:23;Akceptujê;nauczycielem;21 lat i wiêcej;VIII Liceum Ogólnokszta³c¹ce im. Stanis³awa Wyspiañskiego w Rzeszowie;Uruchamiaj¹ ca³y zespó³ zmian w ciele, w sposobie myœlenia i zachowaniu cz³owieka.;s¹ normalne i potrzebne, poniewa¿ realizuj¹ szereg wa¿nych funkcji.;Przyjêcie odpowiedniej postawy cia³a lub wykonanie prostych ruchów.;Wdech odbywa siê przez usta, a wydech – przez nos.;Codzienna troska o fizycznoœæ, opieraj¹ca siê na trzech g³ównych filarach: w³aœciwej diecie, odpowiedniej iloœci snu i ruchu.
11.17.2025 16:46:11;Akceptujê;nauczycielem;21 lat i wiêcej;VIII Liceum Ogólnokszta³c¹ce im. Stanis³awa Wyspiañskiego w Rzeszowie;Obie odpowiedzi s¹ poprawne.;s¹ normalne i potrzebne, poniewa¿ realizuj¹ szereg wa¿nych funkcji.;Przyjêcie odpowiedniej postawy cia³a lub wykonanie prostych ruchów.;Wdech odbywa siê przez nos, a wydech – przez usta.;Optymistyczne nastawienie do codziennoœci i koncentrowanie siê na pozytywnych aspektach w³asnego ¿ycia.
11.17.2025 16:46:45;Akceptujê;nauczycielem;11-15 lat;VIII Liceum Ogólnokszta³c¹ce im. Stanis³awa Wyspiañskiego w Rzeszowie;Obie odpowiedzi s¹ poprawne.;s¹ normalne i potrzebne, poniewa¿ realizuj¹ szereg wa¿nych funkcji.;Przyjêcie odpowiedniej postawy cia³a lub wykonanie prostych ruchów.;Wdech odbywa siê przez nos, a wydech – przez usta.;Optymistyczne nastawienie do codziennoœci i koncentrowanie siê na pozytywnych aspektach w³asnego ¿ycia.
11.17.2025 16:49:47;Akceptujê;nauczycielem;16-20 lat;VIII Liceum Ogólnokszta³c¹ce im. Stanis³awa Wyspiañskiego w Rzeszowie;Uruchamiaj¹ ca³y zespó³ zmian w ciele, w sposobie myœlenia i zachowaniu cz³owieka.;s¹ normalne i potrzebne, poniewa¿ realizuj¹ szereg wa¿nych funkcji.;Przyjêcie odpowiedniej postawy cia³a lub wykonanie prostych ruchów.;Wdech odbywa siê przez nos, a wydech – przez usta.;Codzienna troska o fizycznoœæ, opieraj¹ca siê na trzech g³ównych filarach: w³aœciwej diecie, odpowiedniej iloœci snu i ruchu.
11.17.2025 16:50:28;Akceptujê;nauczycielem;1-5 lat;VIII Liceum Ogólnokszta³c¹ce im. Stanis³awa Wyspiañskiego w Rzeszowie;Obie odpowiedzi s¹ poprawne.;s¹ normalne i potrzebne, poniewa¿ realizuj¹ szereg wa¿nych funkcji.;Przyjêcie odpowiedniej postawy cia³a lub wykonanie prostych ruchów.;Wdech odbywa siê przez nos, a wydech – przez usta.;Codzienna troska o fizycznoœæ, opieraj¹ca siê na trzech g³ównych filarach: w³aœciwej diecie, odpowiedniej iloœci snu i ruchu.
11.17.2025 17:06:47;Akceptujê;nauczycielem;16-20 lat;VIII Liceum Ogólnokszta³c¹ce im. Stanis³awa Wyspiañskiego w Rzeszowie;Obie odpowiedzi s¹ poprawne.;mo¿na podzieliæ na dobre (pozytywne) i z³e (negatywne).;Przyjêcie odpowiedniej postawy cia³a lub wykonanie prostych ruchów.;Wdech odbywa siê przez nos, a wydech – przez usta.;Codzienna troska o fizycznoœæ, opieraj¹ca siê na trzech g³ównych filarach: w³aœciwej diecie, odpowiedniej iloœci snu i ruchu.
11.17.2025 17:07:09;Akceptujê;nauczycielem;21 lat i wiêcej;VIII Liceum Ogólnokszta³c¹ce im. Stanis³awa Wyspiañskiego w Rzeszowie;Obie odpowiedzi s¹ poprawne.;mo¿na podzieliæ na dobre (pozytywne) i z³e (negatywne).;Przyjêcie odpowiedniej postawy cia³a lub wykonanie prostych ruchów.;Wdech odbywa siê przez nos, a wydech – przez usta.;Codzienna troska o fizycznoœæ, opieraj¹ca siê na trzech g³ównych filarach: w³aœciwej diecie, odpowiedniej iloœci snu i ruchu.
11.17.2025 17:08:21;Akceptujê;nauczycielem;21 lat i wiêcej;VIII Liceum Ogólnokszta³c¹ce im. Stanis³awa Wyspiañskiego w Rzeszowie;Obie odpowiedzi s¹ poprawne.;s¹ normalne i potrzebne, poniewa¿ realizuj¹ szereg wa¿nych funkcji.;Przyjêcie odpowiedniej postawy cia³a lub wykonanie prostych ruchów.;Wdech odbywa siê przez usta, a wydech – przez nos.;Codzienna troska o fizycznoœæ, opieraj¹ca siê na trzech g³ównych filarach: w³aœciwej diecie, odpowiedniej iloœci snu i ruchu.
11.17.2025 18:09:49;Akceptujê;nauczycielem;21 lat i wiêcej;VIII Liceum Ogólnokszta³c¹ce im. Stanis³awa Wyspiañskiego w Rzeszowie;Obie odpowiedzi s¹ poprawne.;s¹ normalne i potrzebne, poniewa¿ realizuj¹ szereg wa¿nych funkcji.;Przyjêcie odpowiedniej postawy cia³a lub wykonanie prostych ruchów.;Wdech odbywa siê przez nos, a wydech – przez usta.;Optymistyczne nastawienie do codziennoœci i koncentrowanie siê na pozytywnych aspektach w³asnego ¿ycia.
11.20.2025 15:32:30;Akceptujê;nauczycielem;11-15 lat;Szko³a Podstawowa nr 5 w Nowej Soli;Obie odpowiedzi s¹ poprawne.;s¹ normalne i potrzebne, poniewa¿ realizuj¹ szereg wa¿nych funkcji.;Przyjêcie odpowiedniej postawy cia³a lub wykonanie prostych ruchów.;Wdech odbywa siê przez nos, a wydech – przez usta.;Codzienna troska o fizycznoœæ, opieraj¹ca siê na trzech g³ównych filarach: w³aœciwej diecie, odpowiedniej iloœci snu i ruchu.
11.20.2025 15:32:44;Akceptujê;nauczycielem;21 lat i wiêcej;Szko³a Podstawowa nr 5 w Nowej Soli;Obie odpowiedzi s¹ poprawne.;s¹ normalne i potrzebne, poniewa¿ realizuj¹ szereg wa¿nych funkcji.;Przyjêcie odpowiedniej postawy cia³a lub wykonanie prostych ruchów.;Wdech odbywa siê przez nos, a wydech – przez usta.;Codzienna troska o fizycznoœæ, opieraj¹ca siê na trzech g³ównych filarach: w³aœciwej diecie, odpowiedniej iloœci snu i ruchu.
11.20.2025 15:34:26;Akceptujê;nauczycielem;21 lat i wiêcej;Szko³a Podstawowa nr 5 w Nowej Soli;To reakcje, które pojawiaj¹ siê w odpowiedzi na subiektywnie wa¿n¹ dla danej osoby sytuacjê.;s¹ normalne i potrzebne, poniewa¿ realizuj¹ szereg wa¿nych funkcji.;Przyjêcie odpowiedniej postawy cia³a lub wykonanie prostych ruchów.;Wdech odbywa siê przez nos, a wydech – przez usta.;Codzienna troska o fizycznoœæ, opieraj¹ca siê na trzech g³ównych filarach: w³aœciwej diecie, odpowiedniej iloœci snu i ruchu.
11.20.2025 15:43:06;Akceptujê;nauczycielem;21 lat i wiêcej;Szko³a Podstawowa nr 5 w Nowej Soli;Obie odpowiedzi s¹ poprawne.;mo¿na podzieliæ na dobre (pozytywne) i z³e (negatywne).;Przyjêcie odpowiedniej postawy cia³a lub wykonanie prostych ruchów.;Nie wiem;Optymistyczne nastawienie do codziennoœci i koncentrowanie siê na pozytywnych aspektach w³asnego ¿ycia.
11.20.2025 15:50:44;Akceptujê;nauczycielem;11-15 lat;Szko³a Podstawowa nr 5 w Nowej Soli;Obie odpowiedzi s¹ poprawne.;s¹ normalne i potrzebne, poniewa¿ realizuj¹ szereg wa¿nych funkcji.;Przyjêcie odpowiedniej postawy cia³a lub wykonanie prostych ruchów.;Wdech odbywa siê przez nos, a wydech – przez usta.;Codzienna troska o fizycznoœæ, opieraj¹ca siê na trzech g³ównych filarach: w³aœciwej diecie, odpowiedniej iloœci snu i ruchu.
11.20.2025 16:45:50;Akceptujê;nauczycielem;21 lat i wiêcej;Szko³a Podstawowa nr 5 w Nowej Soli;Obie odpowiedzi s¹ poprawne.;s¹ normalne i potrzebne, poniewa¿ realizuj¹ szereg wa¿nych funkcji.;Przyjêcie odpowiedniej postawy cia³a lub wykonanie prostych ruchów.;Wdech i wydech odbywaj¹ siê przez nos.;Codzienna troska o fizycznoœæ, opieraj¹ca siê na trzech g³ównych filarach: w³aœciwej diecie, odpowiedniej iloœci snu i ruchu.
11.20.2025 16:48:42;Akceptujê;psychologiem;6-10 lat;Szko³a Podstawowa nr 5 w Nowej Soli;Obie odpowiedzi s¹ poprawne.;s¹ normalne i potrzebne, poniewa¿ realizuj¹ szereg wa¿nych funkcji.;Przyjêcie odpowiedniej postawy cia³a lub wykonanie prostych ruchów.;Wdech odbywa siê przez nos, a wydech – przez usta.;Codzienna troska o fizycznoœæ, opieraj¹ca siê na trzech g³ównych filarach: w³aœciwej diecie, odpowiedniej iloœci snu i ruchu.
11.20.2025 16:50:41;Akceptujê;nauczycielem;21 lat i wiêcej;Szko³a Podstawowa nr 5 w Nowej Soli;Obie odpowiedzi s¹ poprawne.;s¹ normalne i potrzebne, poniewa¿ realizuj¹ szereg wa¿nych funkcji.;Przyjêcie odpowiedniej postawy cia³a lub wykonanie prostych ruchów.;Wdech i wydech odbywaj¹ siê przez nos.;Optymistyczne nastawienie do codziennoœci i koncentrowanie siê na pozytywnych aspektach w³asnego ¿ycia.
11.24.2025 15:14:38;Akceptujê;psychologiem;1-5 lat;IX Liceum Ogólnokszta³c¹ce im. Miko³aja Kopernika w Lublinie;Obie odpowiedzi s¹ poprawne.;s¹ normalne i potrzebne, poniewa¿ realizuj¹ szereg wa¿nych funkcji.;Przyjêcie odpowiedniej postawy cia³a lub wykonanie prostych ruchów.;Wdech odbywa siê przez nos, a wydech – przez usta.;Codzienna troska o fizycznoœæ, opieraj¹ca siê na trzech g³ównych filarach: w³aœciwej diecie, odpowiedniej iloœci snu i ruchu.
11.24.2025 15:14:44;Akceptujê;nauczycielem;21 lat i wiêcej;IX Liceum Ogólnokszta³c¹ce im. Miko³aja Kopernika w Lublinie;Obie odpowiedzi s¹ poprawne.;s¹ normalne i potrzebne, poniewa¿ realizuj¹ szereg wa¿nych funkcji.;Przyjêcie odpowiedniej postawy cia³a lub wykonanie prostych ruchów.;Wdech odbywa siê przez nos, a wydech – przez usta.;Codzienna troska o fizycznoœæ, opieraj¹ca siê na trzech g³ównych filarach: w³aœciwej diecie, odpowiedniej iloœci snu i ruchu.
11.24.2025 15:15:48;Akceptujê;nauczycielem;21 lat i wiêcej;IX Liceum Ogólnokszta³c¹ce im. Miko³aja Kopernika w Lublinie;Obie odpowiedzi s¹ poprawne.;s¹ normalne i potrzebne, poniewa¿ realizuj¹ szereg wa¿nych funkcji.;Odreagowanie emocji w k³ótni z inn¹ osob¹.;Wdech odbywa siê przez nos, a wydech – przez usta.;¯adna z powy¿szych.
11.24.2025 15:15:52;Akceptujê;nauczycielem;16-20 lat;IX Liceum Ogólnokszta³c¹ce im. Miko³aja Kopernika w Lublinie;Obie odpowiedzi s¹ poprawne.;s¹ normalne i potrzebne, poniewa¿ realizuj¹ szereg wa¿nych funkcji.;Przyjêcie odpowiedniej postawy cia³a lub wykonanie prostych ruchów.;Wdech odbywa siê przez nos, a wydech – przez usta.;Optymistyczne nastawienie do codziennoœci i koncentrowanie siê na pozytywnych aspektach w³asnego ¿ycia.
11.24.2025 15:31:52;Akceptujê;nauczycielem;21 lat i wiêcej;Szko³a Podstawowa im. Tadeusza Koœciuszki w Czernichowie;Obie odpowiedzi s¹ poprawne.;s¹ normalne i potrzebne, poniewa¿ realizuj¹ szereg wa¿nych funkcji.;Przyjêcie odpowiedniej postawy cia³a lub wykonanie prostych ruchów.;Wdech odbywa siê przez nos, a wydech – przez usta.;Codzienna troska o fizycznoœæ, opieraj¹ca siê na trzech g³ównych filarach: w³aœciwej diecie, odpowiedniej iloœci snu i ruchu.
11.24.2025 15:32:12;Akceptujê;nauczycielem;21 lat i wiêcej;Szko³a Podstawowa im. Tadeusza Koœciuszki w Czernichowie;Obie odpowiedzi s¹ poprawne.;mo¿na podzieliæ na dobre (pozytywne) i z³e (negatywne).;Przyjêcie odpowiedniej postawy cia³a lub wykonanie prostych ruchów.;Wdech odbywa siê przez nos, a wydech – przez usta.;Nie wiem
11.24.2025 15:32:14;Akceptujê;dyrektorem/wicedyrektorem;16-20 lat;Szko³a Podstawowa im. Tadeusza Koœciuszki w Czernichowie;Obie odpowiedzi s¹ poprawne.;s¹ normalne i potrzebne, poniewa¿ realizuj¹ szereg wa¿nych funkcji.;Przyjêcie odpowiedniej postawy cia³a lub wykonanie prostych ruchów.;Wdech odbywa siê przez nos, a wydech – przez usta.;Codzienna troska o fizycznoœæ, opieraj¹ca siê na trzech g³ównych filarach: w³aœciwej diecie, odpowiedniej iloœci snu i ruchu.
11.24.2025 15:32:28;Akceptujê;nauczycielem;21 lat i wiêcej;Szko³a Podstawowa im. Tadeusza Koœciuszki w Czernichowie;To reakcje, które pojawiaj¹ siê w odpowiedzi na subiektywnie wa¿n¹ dla danej osoby sytuacjê.;s¹ normalne i potrzebne, poniewa¿ realizuj¹ szereg wa¿nych funkcji.;Przyjêcie odpowiedniej postawy cia³a lub wykonanie prostych ruchów.;Wdech odbywa siê przez nos, a wydech – przez usta.;Optymistyczne nastawienie do codziennoœci i koncentrowanie siê na pozytywnych aspektach w³asnego ¿ycia.
11.24.2025 15:32:39;Akceptujê;nauczycielem;16-20 lat;Szko³a Podstawowa im. Tadeusza Koœciuszki w Czernichowie;Obie odpowiedzi s¹ poprawne.;s¹ normalne i potrzebne, poniewa¿ realizuj¹ szereg wa¿nych funkcji.;Przyjêcie odpowiedniej postawy cia³a lub wykonanie prostych ruchów.;Wdech odbywa siê przez nos, a wydech – przez usta.;Optymistyczne nastawienie do codziennoœci i koncentrowanie siê na pozytywnych aspektach w³asnego ¿ycia.
11.24.2025 15:33:17;Akceptujê;nauczycielem;21 lat i wiêcej;Szko³a Podstawowa im. Tadeusza Koœciuszki w Czernichowie;Obie odpowiedzi s¹ poprawne.;mo¿na podzieliæ na dobre (pozytywne) i z³e (negatywne).;Nie wiem;Wdech i wydech odbywaj¹ siê przez nos.;Optymistyczne nastawienie do codziennoœci i koncentrowanie siê na pozytywnych aspektach w³asnego ¿ycia.
11.24.2025 15:33:45;Akceptujê;nauczycielem;21 lat i wiêcej;Szko³a Podstawowa im. Tadeusza Koœciuszki w Czernichowie;Obie odpowiedzi s¹ poprawne.;s¹ normalne i potrzebne, poniewa¿ realizuj¹ szereg wa¿nych funkcji.;Przyjêcie odpowiedniej postawy cia³a lub wykonanie prostych ruchów.;Wdech odbywa siê przez nos, a wydech – przez usta.;Codzienna troska o fizycznoœæ, opieraj¹ca siê na trzech g³ównych filarach: w³aœciwej diecie, odpowiedniej iloœci snu i ruchu.
11.24.2025 15:33:45;Akceptujê;nauczycielem;16-20 lat;Szko³a Podstawowa im. Tadeusza Koœciuszki w Czernichowie;Obie odpowiedzi s¹ poprawne.;s¹ normalne i potrzebne, poniewa¿ realizuj¹ szereg wa¿nych funkcji.;Przyjêcie odpowiedniej postawy cia³a lub wykonanie prostych ruchów.;Wdech odbywa siê przez nos, a wydech – przez usta.;Codzienna troska o fizycznoœæ, opieraj¹ca siê na trzech g³ównych filarach: w³aœciwej diecie, odpowiedniej iloœci snu i ruchu.
11.24.2025 15:35:49;Akceptujê;nauczycielem;11-15 lat;Szko³a Podstawowa im. Tadeusza Koœciuszki w Czernichowie;Obie odpowiedzi s¹ poprawne.;s¹ normalne i potrzebne, poniewa¿ realizuj¹ szereg wa¿nych funkcji.;Przyjêcie odpowiedniej postawy cia³a lub wykonanie prostych ruchów.;Wdech odbywa siê przez nos, a wydech – przez usta.;Codzienna troska o fizycznoœæ, opieraj¹ca siê na trzech g³ównych filarach: w³aœciwej diecie, odpowiedniej iloœci snu i ruchu.
11.24.2025 15:36:06;Akceptujê;nauczycielem;11-15 lat;Szko³a Podstawowa im. Tadeusza Koœciuszki w Czernichowie;Obie odpowiedzi s¹ poprawne.;s¹ normalne i potrzebne, poniewa¿ realizuj¹ szereg wa¿nych funkcji.;Przyjêcie odpowiedniej postawy cia³a lub wykonanie prostych ruchów.;Wdech odbywa siê przez nos, a wydech – przez usta.;Codzienna troska o fizycznoœæ, opieraj¹ca siê na trzech g³ównych filarach: w³aœciwej diecie, odpowiedniej iloœci snu i ruchu.
11.24.2025 15:37:09;Akceptujê;nauczycielem;21 lat i wiêcej;Szko³a Podstawowa im. Tadeusza Koœciuszki w Czernichowie;Obie odpowiedzi s¹ poprawne.;s¹ normalne i potrzebne, poniewa¿ realizuj¹ szereg wa¿nych funkcji.;Przyjêcie odpowiedniej postawy cia³a lub wykonanie prostych ruchów.;Wdech odbywa siê przez nos, a wydech – przez usta.;Codzienna troska o fizycznoœæ, opieraj¹ca siê na trzech g³ównych filarach: w³aœciwej diecie, odpowiedniej iloœci snu i ruchu.
11.24.2025 15:37:27;Akceptujê;nauczycielem;1-5 lat;Szko³a Podstawowa im. Tadeusza Koœciuszki w Czernichowie;Obie odpowiedzi s¹ poprawne.;s¹ normalne i potrzebne, poniewa¿ realizuj¹ szereg wa¿nych funkcji.;Przyjêcie odpowiedniej postawy cia³a lub wykonanie prostych ruchów.;Wdech i wydech odbywaj¹ siê przez nos.;Codzienna troska o fizycznoœæ, opieraj¹ca siê na trzech g³ównych filarach: w³aœciwej diecie, odpowiedniej iloœci snu i ruchu.
11.24.2025 15:38:07;Akceptujê;nauczycielem;21 lat i wiêcej;Szko³a Podstawowa im. Tadeusza Koœciuszki w Czernichowie;Obie odpowiedzi s¹ poprawne.;mo¿na podzieliæ na dobre (pozytywne) i z³e (negatywne).;Przyjêcie odpowiedniej postawy cia³a lub wykonanie prostych ruchów.;Wdech odbywa siê przez nos, a wydech – przez usta.;Codzienna troska o fizycznoœæ, opieraj¹ca siê na trzech g³ównych filarach: w³aœciwej diecie, odpowiedniej iloœci snu i ruchu.
11.24.2025 15:39:30;Akceptujê;nauczycielem;16-20 lat;Szko³a Podstawowa im. Tadeusza Koœciuszki w Czernichowie;Obie odpowiedzi s¹ poprawne.;s¹ normalne i potrzebne, poniewa¿ realizuj¹ szereg wa¿nych funkcji.;Przyjêcie odpowiedniej postawy cia³a lub wykonanie prostych ruchów.;Wdech odbywa siê przez nos, a wydech – przez usta.;Codzienna troska o fizycznoœæ, opieraj¹ca siê na trzech g³ównych filarach: w³aœciwej diecie, odpowiedniej iloœci snu i ruchu.
11.24.2025 15:40:45;Akceptujê;nauczycielem;21 lat i wiêcej;Szko³a Podstawowa im. Tadeusza Koœciuszki w Czernichowie;To reakcje, które pojawiaj¹ siê w odpowiedzi na subiektywnie wa¿n¹ dla danej osoby sytuacjê.;mo¿na podzieliæ na dobre (pozytywne) i z³e (negatywne).;Przyjêcie odpowiedniej postawy cia³a lub wykonanie prostych ruchów.;Wdech odbywa siê przez usta, a wydech – przez nos.;Optymistyczne nastawienie do codziennoœci i koncentrowanie siê na pozytywnych aspektach w³asnego ¿ycia.
11.24.2025 15:47:54;Akceptujê;nauczycielem;6-10 lat;Szko³a Podstawowa im. Tadeusza Koœciuszki w Czernichowie;Obie odpowiedzi s¹ poprawne.;s¹ normalne i potrzebne, poniewa¿ realizuj¹ szereg wa¿nych funkcji.;Przyjêcie odpowiedniej postawy cia³a lub wykonanie prostych ruchów.;Wdech odbywa siê przez nos, a wydech – przez usta.;Optymistyczne nastawienie do codziennoœci i koncentrowanie siê na pozytywnych aspektach w³asnego ¿ycia.
11.24.2025 16:00:23;Akceptujê;nauczycielem;16-20 lat;IX Liceum Ogólnokszta³c¹ce im. Miko³aja Kopernika w Lublinie;Obie odpowiedzi s¹ poprawne.;s¹ normalne i potrzebne, poniewa¿ realizuj¹ szereg wa¿nych funkcji.;Przyjêcie odpowiedniej postawy cia³a lub wykonanie prostych ruchów.;Wdech odbywa siê przez nos, a wydech – przez usta.;Codzienna troska o fizycznoœæ, opieraj¹ca siê na trzech g³ównych filarach: w³aœciwej diecie, odpowiedniej iloœci snu i ruchu.
11.24.2025 16:01:27;Akceptujê;nauczycielem;21 lat i wiêcej;IX Liceum Ogólnokszta³c¹ce im. Miko³aja Kopernika w Lublinie;Obie odpowiedzi s¹ poprawne.;s¹ normalne i potrzebne, poniewa¿ realizuj¹ szereg wa¿nych funkcji.;Przyjêcie odpowiedniej postawy cia³a lub wykonanie prostych ruchów.;Wdech i wydech odbywaj¹ siê przez nos.;Codzienna troska o fizycznoœæ, opieraj¹ca siê na trzech g³ównych filarach: w³aœciwej diecie, odpowiedniej iloœci snu i ruchu.
11.24.2025 16:09:03;Akceptujê;nauczycielem;16-20 lat;Szko³a Podstawowa im. Tadeusza Koœciuszki w Czernichowie;Nie wiem;s¹ normalne i potrzebne, poniewa¿ realizuj¹ szereg wa¿nych funkcji.;Nie wiem;Wdech odbywa siê przez nos, a wydech – przez usta.;Codzienna troska o fizycznoœæ, opieraj¹ca siê na trzech g³ównych filarach: w³aœciwej diecie, odpowiedniej iloœci snu i ruchu.
11.24.2025 16:15:28;Akceptujê;nauczycielem;16-20 lat;Szko³a Podstawowa im. Tadeusza Koœciuszki w Czernichowie;Obie odpowiedzi s¹ poprawne.;s¹ normalne i potrzebne, poniewa¿ realizuj¹ szereg wa¿nych funkcji.;Przyjêcie odpowiedniej postawy cia³a lub wykonanie prostych ruchów.;Wdech odbywa siê przez usta, a wydech – przez nos.;Codzienna troska o fizycznoœæ, opieraj¹ca siê na trzech g³ównych filarach: w³aœciwej diecie, odpowiedniej iloœci snu i ruchu.
11.24.2025 16:25:31;Akceptujê;nauczycielem;mniej ni¿ rok;Szko³a Podstawowa im. Tadeusza Koœciuszki w Czernichowie;Obie odpowiedzi s¹ poprawne.;s¹ normalne i potrzebne, poniewa¿ realizuj¹ szereg wa¿nych funkcji.;Przyjêcie odpowiedniej postawy cia³a lub wykonanie prostych ruchów.;Wdech i wydech odbywaj¹ siê przez nos.;Codzienna troska o fizycznoœæ, opieraj¹ca siê na trzech g³ównych filarach: w³aœciwej diecie, odpowiedniej iloœci snu i ruchu.
11.24.2025 16:49:12;Akceptujê;nauczycielem;16-20 lat;Szko³a Podstawowa im. Tadeusza Koœciuszki w Czernichowie;Obie odpowiedzi s¹ poprawne.;s¹ normalne i potrzebne, poniewa¿ realizuj¹ szereg wa¿nych funkcji.;Przyjêcie odpowiedniej postawy cia³a lub wykonanie prostych ruchów.;Wdech odbywa siê przez nos, a wydech – przez usta.;Codzienna troska o fizycznoœæ, opieraj¹ca siê na trzech g³ównych filarach: w³aœciwej diecie, odpowiedniej iloœci snu i ruchu.
11.24.2025 17:12:01;Akceptujê;nauczycielem;16-20 lat;IX Liceum Ogólnokszta³c¹ce im. Miko³aja Kopernika w Lublinie;Obie odpowiedzi s¹ poprawne.;s¹ normalne i potrzebne, poniewa¿ realizuj¹ szereg wa¿nych funkcji.;Przyjêcie odpowiedniej postawy cia³a lub wykonanie prostych ruchów.;Wdech odbywa siê przez nos, a wydech – przez usta.;Codzienna troska o fizycznoœæ, opieraj¹ca siê na trzech g³ównych filarach: w³aœciwej diecie, odpowiedniej iloœci snu i ruchu.
12.2.2025 15:43:38;Akceptujê;dyrektorem/wicedyrektorem;21 lat i wiêcej;Szko³a Podstawowa nr 160 im. Powstañców Œl¹skich w £odzi;Obie odpowiedzi s¹ poprawne.;mo¿na podzieliæ na dobre (pozytywne) i z³e (negatywne).;Nie wiem;Wdech odbywa siê przez nos, a wydech – przez usta.;Codzienna troska o fizycznoœæ, opieraj¹ca siê na trzech g³ównych filarach: w³aœciwej diecie, odpowiedniej iloœci snu i ruchu.
12.2.2025 15:43:52;Akceptujê;nauczycielem;21 lat i wiêcej;Szko³a Podstawowa nr 160 im. Powstañców Œl¹skich w £odzi;Obie odpowiedzi s¹ poprawne.;s¹ normalne i potrzebne, poniewa¿ realizuj¹ szereg wa¿nych funkcji.;Nie wiem;Wdech odbywa siê przez nos, a wydech – przez usta.;Optymistyczne nastawienie do codziennoœci i koncentrowanie siê na pozytywnych aspektach w³asnego ¿ycia.
12.2.2025 15:44:12;Akceptujê;nauczycielem;21 lat i wiêcej;Szko³a Podstawowa nr 160 im. Powstañców Œl¹skich w £odzi;Obie odpowiedzi s¹ poprawne.;mo¿na podzieliæ na dobre (pozytywne) i z³e (negatywne).;Przyjêcie odpowiedniej postawy cia³a lub wykonanie prostych ruchów.;Wdech odbywa siê przez nos, a wydech – przez usta.;Codzienna troska o fizycznoœæ, opieraj¹ca siê na trzech g³ównych filarach: w³aœciwej diecie, odpowiedniej iloœci snu i ruchu.
12.2.2025 15:44:18;Akceptujê;nauczycielem;21 lat i wiêcej;Szko³a Podstawowa nr 160 im. Powstañców Œl¹skich w £odzi;Obie odpowiedzi s¹ poprawne.;s¹ normalne i potrzebne, poniewa¿ realizuj¹ szereg wa¿nych funkcji.;Nie wiem;Wdech odbywa siê przez nos, a wydech – przez usta.;Optymistyczne nastawienie do codziennoœci i koncentrowanie siê na pozytywnych aspektach w³asnego ¿ycia.
12.2.2025 15:44:25;Akceptujê;pedagogiem;16-20 lat;Szko³a Podstawowa nr 160 im. Powstañców Œl¹skich w £odzi;Nie wiem;s¹ normalne i potrzebne, poniewa¿ realizuj¹ szereg wa¿nych funkcji.;Przyjêcie odpowiedniej postawy cia³a lub wykonanie prostych ruchów.;Wdech odbywa siê przez nos, a wydech – przez usta.;Codzienna troska o fizycznoœæ, opieraj¹ca siê na trzech g³ównych filarach: w³aœciwej diecie, odpowiedniej iloœci snu i ruchu.
12.2.2025 15:44:51;Akceptujê;nauczycielk¹;21 lat i wiêcej;Szko³a Podstawowa nr 160 im. Powstañców Œl¹skich w £odzi;Obie odpowiedzi s¹ poprawne.;s¹ normalne i potrzebne, poniewa¿ realizuj¹ szereg wa¿nych funkcji.;Przyjêcie odpowiedniej postawy cia³a lub wykonanie prostych ruchów.;Wdech odbywa siê przez nos, a wydech – przez usta.;Optymistyczne nastawienie do codziennoœci i koncentrowanie siê na pozytywnych aspektach w³asnego ¿ycia.
12.2.2025 15:45:44;Akceptujê;nauczycielem;21 lat i wiêcej;Szko³a Podstawowa nr 160 im. Powstañców Œl¹skich w £odzi;Obie odpowiedzi s¹ poprawne.;s¹ normalne i potrzebne, poniewa¿ realizuj¹ szereg wa¿nych funkcji.;Przyjêcie odpowiedniej postawy cia³a lub wykonanie prostych ruchów.;Wdech odbywa siê przez usta, a wydech – przez nos.;Codzienna troska o fizycznoœæ, opieraj¹ca siê na trzech g³ównych filarach: w³aœciwej diecie, odpowiedniej iloœci snu i ruchu.
12.2.2025 15:45:54;Akceptujê;nauczycielem;21 lat i wiêcej;Szko³a Podstawowa nr 160 im. Powstañców Œl¹skich w £odzi;To reakcje, które pojawiaj¹ siê w odpowiedzi na subiektywnie wa¿n¹ dla danej osoby sytuacjê.;mo¿na podzieliæ na dobre (pozytywne) i z³e (negatywne).;Przyjêcie odpowiedniej postawy cia³a lub wykonanie prostych ruchów.;Wdech odbywa siê przez nos, a wydech – przez usta.;Codzienna troska o fizycznoœæ, opieraj¹ca siê na trzech g³ównych filarach: w³aœciwej diecie, odpowiedniej iloœci snu i ruchu.
12.2.2025 16:29:46;Akceptujê;nauczycielem;21 lat i wiêcej;Szko³a Podstawowa nr 160 im. Powstañców Œl¹skich w £odzi;Obie odpowiedzi s¹ poprawne.;s¹ normalne i potrzebne, poniewa¿ realizuj¹ szereg wa¿nych funkcji.;Przyjêcie odpowiedniej postawy cia³a lub wykonanie prostych ruchów.;Wdech odbywa siê przez nos, a wydech – przez usta.;Codzienna troska o fizycznoœæ, opieraj¹ca siê na trzech g³ównych filarach: w³aœciwej diecie, odpowiedniej iloœci snu i ruchu.
12.2.2025 16:30:28;Akceptujê;nauczycielem;21 lat i wiêcej;Szko³a Podstawowa nr 160 im. Powstañców Œl¹skich w £odzi;Obie odpowiedzi s¹ poprawne.;s¹ normalne i potrzebne, poniewa¿ realizuj¹ szereg wa¿nych funkcji.;Przyjêcie odpowiedniej postawy cia³a lub wykonanie prostych ruchów.;Wdech odbywa siê przez nos, a wydech – przez usta.;Optymistyczne nastawienie do codziennoœci i koncentrowanie siê na pozytywnych aspektach w³asnego ¿ycia.
12.2.2025 16:31:34;Akceptujê;nauczycielem;21 lat i wiêcej;Szko³a Podstawowa nr 160 im. Powstañców Œl¹skich w £odzi;Obie odpowiedzi s¹ poprawne.;mo¿na podzieliæ na dobre (pozytywne) i z³e (negatywne).;Przyjêcie odpowiedniej postawy cia³a lub wykonanie prostych ruchów.;Wdech odbywa siê przez nos, a wydech – przez usta.;Optymistyczne nastawienie do codziennoœci i koncentrowanie siê na pozytywnych aspektach w³asnego ¿ycia.
12.2.2025 16:32:23;Akceptujê;nauczycielem;21 lat i wiêcej;Szko³a Podstawowa nr 160 im. Powstañców Œl¹skich w £odzi;Obie odpowiedzi s¹ poprawne.;mo¿na podzieliæ na dobre (pozytywne) i z³e (negatywne).;Przyjêcie odpowiedniej postawy cia³a lub wykonanie prostych ruchów.;Wdech odbywa siê przez nos, a wydech – przez usta.;Codzienna troska o fizycznoœæ, opieraj¹ca siê na trzech g³ównych filarach: w³aœciwej diecie, odpowiedniej iloœci snu i ruchu.
12.2.2025 16:33:12;Akceptujê;nauczycielem;21 lat i wiêcej;Szko³a Podstawowa nr 160 im. Powstañców Œl¹skich w £odzi;Obie odpowiedzi s¹ poprawne.;mo¿na podzieliæ na dobre (pozytywne) i z³e (negatywne).;Przyjêcie odpowiedniej postawy cia³a lub wykonanie prostych ruchów.;Wdech odbywa siê przez nos, a wydech – przez usta.;Optymistyczne nastawienie do codziennoœci i koncentrowanie siê na pozytywnych aspektach w³asnego ¿ycia.
12.2.2025 16:33:12;Akceptujê;nauczycielem;6-10 lat;Szko³a Podstawowa nr 160 im. Powstañców Œl¹skich w £odzi;Obie odpowiedzi s¹ poprawne.;s¹ normalne i potrzebne, poniewa¿ realizuj¹ szereg wa¿nych funkcji.;Przyjêcie odpowiedniej postawy cia³a lub wykonanie prostych ruchów.;Wdech odbywa siê przez nos, a wydech – przez usta.;Codzienna troska o fizycznoœæ, opieraj¹ca siê na trzech g³ównych filarach: w³aœciwej diecie, odpowiedniej iloœci snu i ruchu.
12.2.2025 16:34:26;Akceptujê;nauczycielem;21 lat i wiêcej;Szko³a Podstawowa nr 160 im. Powstañców Œl¹skich w £odzi;To reakcje, które pojawiaj¹ siê w odpowiedzi na subiektywnie wa¿n¹ dla danej osoby sytuacjê.;mo¿na podzieliæ na dobre (pozytywne) i z³e (negatywne).;Przyjêcie odpowiedniej postawy cia³a lub wykonanie prostych ruchów.;Wdech odbywa siê przez nos, a wydech – przez usta.;Codzienna troska o fizycznoœæ, opieraj¹ca siê na trzech g³ównych filarach: w³aœciwej diecie, odpowiedniej iloœci snu i ruchu.
12.2.2025 16:53:52;Akceptujê;nauczycielem;21 lat i wiêcej;Szko³a Podstawowa nr 160 im. Powstañców Œl¹skich w £odzi;Obie odpowiedzi s¹ poprawne.;s¹ normalne i potrzebne, poniewa¿ realizuj¹ szereg wa¿nych funkcji.;Przyjêcie odpowiedniej postawy cia³a lub wykonanie prostych ruchów.;Wdech odbywa siê przez nos, a wydech – przez usta.;Codzienna troska o fizycznoœæ, opieraj¹ca siê na trzech g³ównych filarach: w³aœciwej diecie, odpowiedniej iloœci snu i ruchu.
12.2.2025 16:53:55;Akceptujê;nauczycielem;21 lat i wiêcej;Szko³a Podstawowa nr 160 im. Powstañców Œl¹skich w £odzi;Obie odpowiedzi s¹ poprawne.;s¹ normalne i potrzebne, poniewa¿ realizuj¹ szereg wa¿nych funkcji.;Przyjêcie odpowiedniej postawy cia³a lub wykonanie prostych ruchów.;Wdech odbywa siê przez nos, a wydech – przez usta.;Codzienna troska o fizycznoœæ, opieraj¹ca siê na trzech g³ównych filarach: w³aœciwej diecie, odpowiedniej iloœci snu i ruchu.
12.2.2025 17:34:40;Akceptujê;nauczycielem;11-15 lat;Szko³a Podstawowa nr 160 im. Powstañców Œl¹skich w £odzi;Obie odpowiedzi s¹ poprawne.;s¹ normalne i potrzebne, poniewa¿ realizuj¹ szereg wa¿nych funkcji.;Przyjêcie odpowiedniej postawy cia³a lub wykonanie prostych ruchów.;Wdech odbywa siê przez nos, a wydech – przez usta.;Codzienna troska o fizycznoœæ, opieraj¹ca siê na trzech g³ównych filarach: w³aœciwej diecie, odpowiedniej iloœci snu i ruchu.
12.4.2025 17:06:57;Akceptujê;nauczycielem;6-10 lat;Szko³a Podstawowa nr 4 im. Miko³aja Kopernika w Pu³awach;Obie odpowiedzi s¹ poprawne.;s¹ normalne i potrzebne, poniewa¿ realizuj¹ szereg wa¿nych funkcji.;Przyjêcie odpowiedniej postawy cia³a lub wykonanie prostych ruchów.;Wdech odbywa siê przez nos, a wydech – przez usta.;Optymistyczne nastawienie do codziennoœci i koncentrowanie siê na pozytywnych aspektach w³asnego ¿ycia.
12.4.2025 17:07:03;Akceptujê;nauczycielem;6-10 lat;Szko³a Podstawowa nr 4 im. Miko³aja Kopernika w Pu³awach;Obie odpowiedzi s¹ poprawne.;s¹ normalne i potrzebne, poniewa¿ realizuj¹ szereg wa¿nych funkcji.;Przyjêcie odpowiedniej postawy cia³a lub wykonanie prostych ruchów.;Wdech odbywa siê przez nos, a wydech – przez usta.;Optymistyczne nastawienie do codziennoœci i koncentrowanie siê na pozytywnych aspektach w³asnego ¿ycia.
12.4.2025 17:07:11;Akceptujê;nauczycielem;21 lat i wiêcej;Szko³a Podstawowa nr 4 im. Miko³aja Kopernika w Pu³awach;Obie odpowiedzi s¹ poprawne.;s¹ normalne i potrzebne, poniewa¿ realizuj¹ szereg wa¿nych funkcji.;Przyjêcie odpowiedniej postawy cia³a lub wykonanie prostych ruchów.;Wdech odbywa siê przez nos, a wydech – przez usta.;Codzienna troska o fizycznoœæ, opieraj¹ca siê na trzech g³ównych filarach: w³aœciwej diecie, odpowiedniej iloœci snu i ruchu.
12.4.2025 17:07:42;Akceptujê;nauczycielem;21 lat i wiêcej;Szko³a Podstawowa nr 4 im. Miko³aja Kopernika w Pu³awach;Obie odpowiedzi s¹ poprawne.;s¹ normalne i potrzebne, poniewa¿ realizuj¹ szereg wa¿nych funkcji.;Przyjêcie odpowiedniej postawy cia³a lub wykonanie prostych ruchów.;Wdech odbywa siê przez nos, a wydech – przez usta.;Codzienna troska o fizycznoœæ, opieraj¹ca siê na trzech g³ównych filarach: w³aœciwej diecie, odpowiedniej iloœci snu i ruchu.
12.4.2025 17:07:46;Akceptujê;nauczycielem;6-10 lat;Szko³a Podstawowa nr 4 im. Miko³aja Kopernika w Pu³awach;Obie odpowiedzi s¹ poprawne.;s¹ normalne i potrzebne, poniewa¿ realizuj¹ szereg wa¿nych funkcji.;Przyjêcie odpowiedniej postawy cia³a lub wykonanie prostych ruchów.;Wdech odbywa siê przez nos, a wydech – przez usta.;Codzienna troska o fizycznoœæ, opieraj¹ca siê na trzech g³ównych filarach: w³aœciwej diecie, odpowiedniej iloœci snu i ruchu.
12.4.2025 17:07:46;Akceptujê;nauczycielem;21 lat i wiêcej;Szko³a Podstawowa nr 4 im. Miko³aja Kopernika w Pu³awach;Obie odpowiedzi s¹ poprawne.;s¹ normalne i potrzebne, poniewa¿ realizuj¹ szereg wa¿nych funkcji.;Przyjêcie odpowiedniej postawy cia³a lub wykonanie prostych ruchów.;Wdech odbywa siê przez nos, a wydech – przez usta.;Optymistyczne nastawienie do codziennoœci i koncentrowanie siê na pozytywnych aspektach w³asnego ¿ycia.
12.4.2025 17:08:08;Akceptujê;nauczycielem;21 lat i wiêcej;Szko³a Podstawowa nr 4 im. Miko³aja Kopernika w Pu³awach;Obie odpowiedzi s¹ poprawne.;s¹ normalne i potrzebne, poniewa¿ realizuj¹ szereg wa¿nych funkcji.;Przyjêcie odpowiedniej postawy cia³a lub wykonanie prostych ruchów.;Wdech odbywa siê przez nos, a wydech – przez usta.;Optymistyczne nastawienie do codziennoœci i koncentrowanie siê na pozytywnych aspektach w³asnego ¿ycia.
12.4.2025 17:08:08;Akceptujê;psychologiem;1-5 lat;Szko³a Podstawowa nr 4 im. Miko³aja Kopernika w Pu³awach;Obie odpowiedzi s¹ poprawne.;s¹ normalne i potrzebne, poniewa¿ realizuj¹ szereg wa¿nych funkcji.;Przyjêcie odpowiedniej postawy cia³a lub wykonanie prostych ruchów.;Wdech odbywa siê przez nos, a wydech – przez usta.;Codzienna troska o fizycznoœæ, opieraj¹ca siê na trzech g³ównych filarach: w³aœciwej diecie, odpowiedniej iloœci snu i ruchu.
12.4.2025 17:08:21;Akceptujê;pedagogiem;1-5 lat;Szko³a Podstawowa nr 4 im. Miko³aja Kopernika w Pu³awach;Obie odpowiedzi s¹ poprawne.;s¹ normalne i potrzebne, poniewa¿ realizuj¹ szereg wa¿nych funkcji.;Przyjêcie odpowiedniej postawy cia³a lub wykonanie prostych ruchów.;Wdech odbywa siê przez nos, a wydech – przez usta.;Codzienna troska o fizycznoœæ, opieraj¹ca siê na trzech g³ównych filarach: w³aœciwej diecie, odpowiedniej iloœci snu i ruchu.
12.4.2025 17:08:23;Akceptujê;nauczycielem;16-20 lat;Szko³a Podstawowa nr 4 im. Miko³aja Kopernika w Pu³awach;Obie odpowiedzi s¹ poprawne.;mo¿na podzieliæ na dobre (pozytywne) i z³e (negatywne).;Przyjêcie odpowiedniej postawy cia³a lub wykonanie prostych ruchów.;Wdech odbywa siê przez nos, a wydech – przez usta.;Optymistyczne nastawienie do codziennoœci i koncentrowanie siê na pozytywnych aspektach w³asnego ¿ycia.
12.4.2025 17:08:23;Akceptujê;nauczycielem;21 lat i wiêcej;Szko³a Podstawowa nr 4 im. Miko³aja Kopernika w Pu³awach;Obie odpowiedzi s¹ poprawne.;s¹ normalne i potrzebne, poniewa¿ realizuj¹ szereg wa¿nych funkcji.;Przyjêcie odpowiedniej postawy cia³a lub wykonanie prostych ruchów.;Wdech odbywa siê przez nos, a wydech – przez usta.;¯adna z powy¿szych.
12.4.2025 17:08:37;Akceptujê;nauczycielem;16-20 lat;Szko³a Podstawowa nr 4 im. Miko³aja Kopernika w Pu³awach;To reakcje, które pojawiaj¹ siê w odpowiedzi na subiektywnie wa¿n¹ dla danej osoby sytuacjê.;s¹ normalne i potrzebne, poniewa¿ realizuj¹ szereg wa¿nych funkcji.;Przyjêcie odpowiedniej postawy cia³a lub wykonanie prostych ruchów.;Wdech odbywa siê przez nos, a wydech – przez usta.;Optymistyczne nastawienie do codziennoœci i koncentrowanie siê na pozytywnych aspektach w³asnego ¿ycia.
12.4.2025 17:08:48;Akceptujê;nauczycielem;11-15 lat;Szko³a Podstawowa nr 4 im. Miko³aja Kopernika w Pu³awach;Obie odpowiedzi s¹ poprawne.;s¹ normalne i potrzebne, poniewa¿ realizuj¹ szereg wa¿nych funkcji.;Przyjêcie odpowiedniej postawy cia³a lub wykonanie prostych ruchów.;Wdech odbywa siê przez nos, a wydech – przez usta.;¯adna z powy¿szych.
12.4.2025 17:08:56;Akceptujê;nauczycielem;16-20 lat;Szko³a Podstawowa nr 4 im. Miko³aja Kopernika w Pu³awach;To reakcje, które pojawiaj¹ siê w odpowiedzi na subiektywnie wa¿n¹ dla danej osoby sytuacjê.;s¹ abstrakcyjnym, metafizycznym doœwiadczeniem.;Przyjêcie odpowiedniej postawy cia³a lub wykonanie prostych ruchów.;Wdech odbywa siê przez nos, a wydech – przez usta.;Optymistyczne nastawienie do codziennoœci i koncentrowanie siê na pozytywnych aspektach w³asnego ¿ycia.
12.4.2025 17:09:08;Akceptujê;nauczycielem;6-10 lat;Szko³a Podstawowa nr 4 im. Miko³aja Kopernika w Pu³awach;To reakcje, które pojawiaj¹ siê w odpowiedzi na subiektywnie wa¿n¹ dla danej osoby sytuacjê.;s¹ normalne i potrzebne, poniewa¿ realizuj¹ szereg wa¿nych funkcji.;Przyjêcie odpowiedniej postawy cia³a lub wykonanie prostych ruchów.;Wdech odbywa siê przez nos, a wydech – przez usta.;Codzienna troska o fizycznoœæ, opieraj¹ca siê na trzech g³ównych filarach: w³aœciwej diecie, odpowiedniej iloœci snu i ruchu.
12.4.2025 17:09:11;Akceptujê;nauczycielem;21 lat i wiêcej;Szko³a Podstawowa nr 4 im. Miko³aja Kopernika w Pu³awach;Obie odpowiedzi s¹ poprawne.;s¹ normalne i potrzebne, poniewa¿ realizuj¹ szereg wa¿nych funkcji.;Przyjêcie odpowiedniej postawy cia³a lub wykonanie prostych ruchów.;Wdech odbywa siê przez nos, a wydech – przez usta.;Codzienna troska o fizycznoœæ, opieraj¹ca siê na trzech g³ównych filarach: w³aœciwej diecie, odpowiedniej iloœci snu i ruchu.
12.4.2025 17:09:23;Akceptujê;nauczycielem;11-15 lat;Szko³a Podstawowa nr 4 im. Miko³aja Kopernika w Pu³awach;Obie odpowiedzi s¹ poprawne.;mo¿na podzieliæ na dobre (pozytywne) i z³e (negatywne).;Przyjêcie odpowiedniej postawy cia³a lub wykonanie prostych ruchów.;Wdech odbywa siê przez nos, a wydech – przez usta.;Optymistyczne nastawienie do codziennoœci i koncentrowanie siê na pozytywnych aspektach w³asnego ¿ycia.
12.4.2025 17:09:24;Akceptujê;nauczycielem;16-20 lat;Szko³a Podstawowa nr 4 im. Miko³aja Kopernika w Pu³awach;Obie odpowiedzi s¹ poprawne.;mo¿na podzieliæ na dobre (pozytywne) i z³e (negatywne).;Przyjêcie odpowiedniej postawy cia³a lub wykonanie prostych ruchów.;Wdech odbywa siê przez nos, a wydech – przez usta.;Codzienna troska o fizycznoœæ, opieraj¹ca siê na trzech g³ównych filarach: w³aœciwej diecie, odpowiedniej iloœci snu i ruchu.
12.4.2025 17:10:34;Akceptujê;dyrektorem/wicedyrektorem;21 lat i wiêcej;Szko³a Podstawowa nr 4 im. Miko³aja Kopernika w Pu³awach;Uruchamiaj¹ ca³y zespó³ zmian w ciele, w sposobie myœlenia i zachowaniu cz³owieka.;mo¿na podzieliæ na dobre (pozytywne) i z³e (negatywne).;Przyjêcie odpowiedniej postawy cia³a lub wykonanie prostych ruchów.;Wdech odbywa siê przez nos, a wydech – przez usta.;Optymistyczne nastawienie do codziennoœci i koncentrowanie siê na pozytywnych aspektach w³asnego ¿ycia.
12.4.2025 17:10:40;Akceptujê;nauczycielem;mniej ni¿ rok;Szko³a Podstawowa nr 4 im. Miko³aja Kopernika w Pu³awach;Obie odpowiedzi s¹ poprawne.;s¹ normalne i potrzebne, poniewa¿ realizuj¹ szereg wa¿nych funkcji.;Przyjêcie odpowiedniej postawy cia³a lub wykonanie prostych ruchów.;Wdech odbywa siê przez nos, a wydech – przez usta.;Codzienna troska o fizycznoœæ, opieraj¹ca siê na trzech g³ównych filarach: w³aœciwej diecie, odpowiedniej iloœci snu i ruchu.
12.4.2025 17:10:46;Akceptujê;pedagogiem;11-15 lat;Szko³a Podstawowa nr 4 im. Miko³aja Kopernika w Pu³awach;Obie odpowiedzi s¹ poprawne.;s¹ normalne i potrzebne, poniewa¿ realizuj¹ szereg wa¿nych funkcji.;Przyjêcie odpowiedniej postawy cia³a lub wykonanie prostych ruchów.;Wdech odbywa siê przez nos, a wydech – przez usta.;Codzienna troska o fizycznoœæ, opieraj¹ca siê na trzech g³ównych filarach: w³aœciwej diecie, odpowiedniej iloœci snu i ruchu.
12.4.2025 17:11:06;Akceptujê;nauczycielem;16-20 lat;Szko³a Podstawowa nr 4 im. Miko³aja Kopernika w Pu³awach;Obie odpowiedzi s¹ poprawne.;s¹ normalne i potrzebne, poniewa¿ realizuj¹ szereg wa¿nych funkcji.;Przyjêcie odpowiedniej postawy cia³a lub wykonanie prostych ruchów.;Wdech i wydech odbywaj¹ siê przez nos.;Optymistyczne nastawienie do codziennoœci i koncentrowanie siê na pozytywnych aspektach w³asnego ¿ycia.
12.4.2025 17:12:43;Akceptujê;nauczycielem;1-5 lat;Szko³a Podstawowa nr 4 im. Miko³aja Kopernika w Pu³awach;Obie odpowiedzi s¹ poprawne.;s¹ normalne i potrzebne, poniewa¿ realizuj¹ szereg wa¿nych funkcji.;Przyjêcie odpowiedniej postawy cia³a lub wykonanie prostych ruchów.;Wdech odbywa siê przez nos, a wydech – przez usta.;Codzienna troska o fizycznoœæ, opieraj¹ca siê na trzech g³ównych filarach: w³aœciwej diecie, odpowiedniej iloœci snu i ruchu.
12.4.2025 17:13:07;Akceptujê;nauczycielem;16-20 lat;Szko³a Podstawowa nr 4 im. Miko³aja Kopernika w Pu³awach;Obie odpowiedzi s¹ poprawne.;s¹ normalne i potrzebne, poniewa¿ realizuj¹ szereg wa¿nych funkcji.;Nie wiem;Wdech i wydech odbywaj¹ siê przez nos.;Codzienna troska o fizycznoœæ, opieraj¹ca siê na trzech g³ównych filarach: w³aœciwej diecie, odpowiedniej iloœci snu i ruchu.
12.4.2025 17:13:08;Akceptujê;Nauczycielem wspó³organizuj¹cym;11-15 lat;Szko³a Podstawowa nr 4 im. Miko³aja Kopernika w Pu³awach;Obie odpowiedzi s¹ poprawne.;s¹ normalne i potrzebne, poniewa¿ realizuj¹ szereg wa¿nych funkcji.;Przyjêcie odpowiedniej postawy cia³a lub wykonanie prostych ruchów.;Wdech i wydech odbywaj¹ siê przez nos.;Codzienna troska o fizycznoœæ, opieraj¹ca siê na trzech g³ównych filarach: w³aœciwej diecie, odpowiedniej iloœci snu i ruchu.
12.4.2025 17:36:51;Akceptujê;dyrektorem/wicedyrektorem;21 lat i wiêcej;Szko³a Podstawowa nr 4 im. Miko³aja Kopernika w Pu³awach;Obie odpowiedzi s¹ poprawne.;mo¿na podzieliæ na dobre (pozytywne) i z³e (negatywne).;Przyjêcie odpowiedniej postawy cia³a lub wykonanie prostych ruchów.;Wdech odbywa siê przez nos, a wydech – przez usta.;Optymistyczne nastawienie do codziennoœci i koncentrowanie siê na pozytywnych aspektach w³asnego ¿ycia.
12.4.2025 17:37:23;Akceptujê;nauczycielem;1-5 lat;Szko³a Podstawowa nr 4 im. Miko³aja Kopernika w Pu³awach;Obie odpowiedzi s¹ poprawne.;mo¿na podzieliæ na dobre (pozytywne) i z³e (negatywne).;Przyjêcie odpowiedniej postawy cia³a lub wykonanie prostych ruchów.;Wdech i wydech odbywaj¹ siê przez nos.;Codzienna troska o fizycznoœæ, opieraj¹ca siê na trzech g³ównych filarach: w³aœciwej diecie, odpowiedniej iloœci snu i ruchu.
12.4.2025 19:09:56;Akceptujê;nauczycielem;21 lat i wiêcej;Szko³a Podstawowa nr 4 im. Miko³aja Kopernika w Pu³awach;Obie odpowiedzi s¹ poprawne.;s¹ normalne i potrzebne, poniewa¿ realizuj¹ szereg wa¿nych funkcji.;Nie wiem;Wdech odbywa siê przez usta, a wydech – przez nos.;Optymistyczne nastawienie do codziennoœci i koncentrowanie siê na pozytywnych aspektach w³asnego ¿ycia.
12.4.2025 19:46:33;Akceptujê;nauczycielem;6-10 lat;Szko³a Podstawowa nr 4 im. Miko³aja Kopernika w Pu³awach;To reakcje, które pojawiaj¹ siê w odpowiedzi na subiektywnie wa¿n¹ dla danej osoby sytuacjê.;s¹ normalne i potrzebne, poniewa¿ realizuj¹ szereg wa¿nych funkcji.;Przyjêcie odpowiedniej postawy cia³a lub wykonanie prostych ruchów.;Wdech odbywa siê przez nos, a wydech – przez usta.;Codzienna troska o fizycznoœæ, opieraj¹ca siê na trzech g³ównych filarach: w³aœciwej diecie, odpowiedniej iloœci snu i ruchu.
12.17.2025 15:34:43;Akceptujê;psychologiem;6-10 lat;Uniwersyteckie Liceum Ogólnokszta³c¹ce z Oddzia³ami Dwujêzycznymi im. Paw³a Adamowicza w Gdañsku;Obie odpowiedzi s¹ poprawne.;s¹ normalne i potrzebne, poniewa¿ realizuj¹ szereg wa¿nych funkcji.;Przyjêcie odpowiedniej postawy cia³a lub wykonanie prostych ruchów.;Wdech odbywa siê przez nos, a wydech – przez usta.;Codzienna troska o fizycznoœæ, opieraj¹ca siê na trzech g³ównych filarach: w³aœciwej diecie, odpowiedniej iloœci snu i ruchu.
12.17.2025 15:34:50;Akceptujê;psychologiem;11-15 lat;Szko³a Podstawowa im. Tadeusza Koœciuszki w Czernichowie;Obie odpowiedzi s¹ poprawne.;s¹ normalne i potrzebne, poniewa¿ realizuj¹ szereg wa¿nych funkcji.;Przyjêcie odpowiedniej postawy cia³a lub wykonanie prostych ruchów.;Wdech odbywa siê przez nos, a wydech – przez usta.;Codzienna troska o fizycznoœæ, opieraj¹ca siê na trzech g³ównych filarach: w³aœciwej diecie, odpowiedniej iloœci snu i ruchu.
12.17.2025 15:35:48;Akceptujê;nauczycielem;21 lat i wiêcej;Uniwersyteckie Liceum Ogólnokszta³c¹ce z Oddzia³ami Dwujêzycznymi im. Paw³a Adamowicza w Gdañsku;Obie odpowiedzi s¹ poprawne.;s¹ normalne i potrzebne, poniewa¿ realizuj¹ szereg wa¿nych funkcji.;Nie wiem;Wdech odbywa siê przez nos, a wydech – przez usta.;Codzienna troska o fizycznoœæ, opieraj¹ca siê na trzech g³ównych filarach: w³aœciwej diecie, odpowiedniej iloœci snu i ruchu.
12.17.2025 15:36:56;Akceptujê;nauczycielem;6-10 lat;Uniwersyteckie Liceum Ogólnokszta³c¹ce z Oddzia³ami Dwujêzycznymi im. Paw³a Adamowicza w Gdañsku;Obie odpowiedzi s¹ poprawne.;s¹ normalne i potrzebne, poniewa¿ realizuj¹ szereg wa¿nych funkcji.;Przyjêcie odpowiedniej postawy cia³a lub wykonanie prostych ruchów.;Wdech odbywa siê przez nos, a wydech – przez usta.;Codzienna troska o fizycznoœæ, opieraj¹ca siê na trzech g³ównych filarach: w³aœciwej diecie, odpowiedniej iloœci snu i ruchu.
12.17.2025 15:37:35;Akceptujê;nauczycielem;21 lat i wiêcej;Uniwersyteckie Liceum Ogólnokszta³c¹ce z Oddzia³ami Dwujêzycznymi im. Paw³a Adamowicza w Gdañsku;Obie odpowiedzi s¹ poprawne.;s¹ normalne i potrzebne, poniewa¿ realizuj¹ szereg wa¿nych funkcji.;Przyjêcie odpowiedniej postawy cia³a lub wykonanie prostych ruchów.;Wdech i wydech odbywaj¹ siê przez nos.;Codzienna troska o fizycznoœæ, opieraj¹ca siê na trzech g³ównych filarach: w³aœciwej diecie, odpowiedniej iloœci snu i ruchu.
12.17.2025 15:38:50;Akceptujê;nauczycielem;11-15 lat;Uniwersyteckie Liceum Ogólnokszta³c¹ce z Oddzia³ami Dwujêzycznymi im. Paw³a Adamowicza w Gdañsku;Obie odpowiedzi s¹ poprawne.;s¹ normalne i potrzebne, poniewa¿ realizuj¹ szereg wa¿nych funkcji.;Przyjêcie odpowiedniej postawy cia³a lub wykonanie prostych ruchów.;Wdech odbywa siê przez nos, a wydech – przez usta.;Codzienna troska o fizycznoœæ, opieraj¹ca siê na trzech g³ównych filarach: w³aœciwej diecie, odpowiedniej iloœci snu i ruchu.
12.17.2025 15:38:50;Akceptujê;dyrektorem/wicedyrektorem;6-10 lat;Uniwersyteckie Liceum Ogólnokszta³c¹ce z Oddzia³ami Dwujêzycznymi im. Paw³a Adamowicza w Gdañsku;Obie odpowiedzi s¹ poprawne.;s¹ normalne i potrzebne, poniewa¿ realizuj¹ szereg wa¿nych funkcji.;Przyjêcie odpowiedniej postawy cia³a lub wykonanie prostych ruchów.;Wdech odbywa siê przez nos, a wydech – przez usta.;Codzienna troska o fizycznoœæ, opieraj¹ca siê na trzech g³ównych filarach: w³aœciwej diecie, odpowiedniej iloœci snu i ruchu.
12.17.2025 15:40:46;Akceptujê;nauczycielem;16-20 lat;Uniwersyteckie Liceum Ogólnokszta³c¹ce z Oddzia³ami Dwujêzycznymi im. Paw³a Adamowicza w Gdañsku;Obie odpowiedzi s¹ poprawne.;mo¿na podzieliæ na dobre (pozytywne) i z³e (negatywne).;Przyjêcie odpowiedniej postawy cia³a lub wykonanie prostych ruchów.;Wdech odbywa siê przez nos, a wydech – przez usta.;Nie wiem
12.17.2025 16:30:54;Akceptujê;nauczycielem;1-5 lat;Uniwersyteckie Liceum Ogólnokszta³c¹ce z Oddzia³ami Dwujêzycznymi im. Paw³a Adamowicza w Gdañsku;Obie odpowiedzi s¹ poprawne.;s¹ normalne i potrzebne, poniewa¿ realizuj¹ szereg wa¿nych funkcji.;Przyjêcie odpowiedniej postawy cia³a lub wykonanie prostych ruchów.;Wdech odbywa siê przez nos, a wydech – przez usta.;Codzienna troska o fizycznoœæ, opieraj¹ca siê na trzech g³ównych filarach: w³aœciwej diecie, odpowiedniej iloœci snu i ruchu.
12.17.2025 17:36:42;Akceptujê;nauczycielem;21 lat i wiêcej;Uniwersyteckie Liceum Ogólnokszta³c¹ce z Oddzia³ami Dwujêzycznymi im. Paw³a Adamowicza w Gdañsku;Obie odpowiedzi s¹ poprawne.;s¹ normalne i potrzebne, poniewa¿ realizuj¹ szereg wa¿nych funkcji.;Przyjêcie odpowiedniej postawy cia³a lub wykonanie prostych ruchów.;Wdech odbywa siê przez nos, a wydech – przez usta.;Codzienna troska o fizycznoœæ, opieraj¹ca siê na trzech g³ównych filarach: w³aœciwej diecie, odpowiedniej iloœci snu i ruchu.
1.8.2026 15:36:34;Akceptujê;nauczycielem;1-5 lat;Publiczne Liceum Ogólnokszta³c¹ce Nr VIII im. Aleksandra Kamiñskiego w Opolu;Obie odpowiedzi s¹ poprawne.;s¹ normalne i potrzebne, poniewa¿ realizuj¹ szereg wa¿nych funkcji.;Odreagowanie emocji w k³ótni z inn¹ osob¹.;Wdech odbywa siê przez nos, a wydech – przez usta.;Codzienna troska o fizycznoœæ, opieraj¹ca siê na trzech g³ównych filarach: w³aœciwej diecie, odpowiedniej iloœci snu i ruchu.
1.8.2026 15:37:26;Akceptujê;nauczycielem;11-15 lat;Publiczne Liceum Ogólnokszta³c¹ce Nr VIII im. Aleksandra Kamiñskiego w Opolu;Obie odpowiedzi s¹ poprawne.;mo¿na podzieliæ na dobre (pozytywne) i z³e (negatywne).;Przyjêcie odpowiedniej postawy cia³a lub wykonanie prostych ruchów.;Wdech odbywa siê przez usta, a wydech – przez nos.;Codzienna troska o fizycznoœæ, opieraj¹ca siê na trzech g³ównych filarach: w³aœciwej diecie, odpowiedniej iloœci snu i ruchu.
1.8.2026 15:39:46;Akceptujê;pedagogiem;21 lat i wiêcej;Publiczne Liceum Ogólnokszta³c¹ce Nr VIII im. Aleksandra Kamiñskiego w Opolu;Obie odpowiedzi s¹ poprawne.;s¹ normalne i potrzebne, poniewa¿ realizuj¹ szereg wa¿nych funkcji.;Przyjêcie odpowiedniej postawy cia³a lub wykonanie prostych ruchów.;Wdech odbywa siê przez nos, a wydech – przez usta.;Optymistyczne nastawienie do codziennoœci i koncentrowanie siê na pozytywnych aspektach w³asnego ¿ycia.
1.8.2026 15:39:51;Akceptujê;nauczycielem;21 lat i wiêcej;Publiczne Liceum Ogólnokszta³c¹ce Nr VIII im. Aleksandra Kamiñskiego w Opolu;Obie odpowiedzi s¹ poprawne.;s¹ normalne i potrzebne, poniewa¿ realizuj¹ szereg wa¿nych funkcji.;Przyjêcie odpowiedniej postawy cia³a lub wykonanie prostych ruchów.;Wdech odbywa siê przez nos, a wydech – przez usta.;Codzienna troska o fizycznoœæ, opieraj¹ca siê na trzech g³ównych filarach: w³aœciwej diecie, odpowiedniej iloœci snu i ruchu.
1.8.2026 15:40:13;Akceptujê;dyrektorem/wicedyrektorem;11-15 lat;Publiczne Liceum Ogólnokszta³c¹ce Nr VIII im. Aleksandra Kamiñskiego w Opolu;To reakcje, które pojawiaj¹ siê w odpowiedzi na subiektywnie wa¿n¹ dla danej osoby sytuacjê.;s¹ normalne i potrzebne, poniewa¿ realizuj¹ szereg wa¿nych funkcji.;Nie wiem;Wdech odbywa siê przez nos, a wydech – przez usta.;Codzienna troska o fizycznoœæ, opieraj¹ca siê na trzech g³ównych filarach: w³aœciwej diecie, odpowiedniej iloœci snu i ruchu.
1.8.2026 15:41:27;Akceptujê;nauczycielem;11-15 lat;Publiczne Liceum Ogólnokszta³c¹ce Nr VIII im. Aleksandra Kamiñskiego w Opolu;Obie odpowiedzi s¹ poprawne.;s¹ normalne i potrzebne, poniewa¿ realizuj¹ szereg wa¿nych funkcji.;Przyjêcie odpowiedniej postawy cia³a lub wykonanie prostych ruchów.;Wdech odbywa siê przez nos, a wydech – przez usta.;Optymistyczne nastawienie do codziennoœci i koncentrowanie siê na pozytywnych aspektach w³asnego ¿ycia.
1.8.2026 15:46:37;Akceptujê;dyrektorem/wicedyrektorem;21 lat i wiêcej;Publiczne Liceum Ogólnokszta³c¹ce Nr VIII im. Aleksandra Kamiñskiego w Opolu;Obie odpowiedzi s¹ poprawne.;s¹ normalne i potrzebne, poniewa¿ realizuj¹ szereg wa¿nych funkcji.;Przyjêcie odpowiedniej postawy cia³a lub wykonanie prostych ruchów.;Wdech odbywa siê przez nos, a wydech – przez usta.;Codzienna troska o fizycznoœæ, opieraj¹ca siê na trzech g³ównych filarach: w³aœciwej diecie, odpowiedniej iloœci snu i ruchu.
1.8.2026 15:48:26;Akceptujê;nauczycielem;16-20 lat;Publiczne Liceum Ogólnokszta³c¹ce Nr VIII im. Aleksandra Kamiñskiego w Opolu;Obie odpowiedzi s¹ poprawne.;s¹ normalne i potrzebne, poniewa¿ realizuj¹ szereg wa¿nych funkcji.;Przyjêcie odpowiedniej postawy cia³a lub wykonanie prostych ruchów.;Wdech odbywa siê przez nos, a wydech – przez usta.;Codzienna troska o fizycznoœæ, opieraj¹ca siê na trzech g³ównych filarach: w³aœciwej diecie, odpowiedniej iloœci snu i ruchu.
1.8.2026 16:06:17;Akceptujê;nauczycielem;21 lat i wiêcej;Publiczne Liceum Ogólnokszta³c¹ce Nr VIII im. Aleksandra Kamiñskiego w Opolu;Obie odpowiedzi s¹ poprawne.;s¹ normalne i potrzebne, poniewa¿ realizuj¹ szereg wa¿nych funkcji.;Przyjêcie odpowiedniej postawy cia³a lub wykonanie prostych ruchów.;Wdech odbywa siê przez nos, a wydech – przez usta.;Nie wiem
1.8.2026 16:14:10;Akceptujê;nauczycielem;21 lat i wiêcej;Publiczne Liceum Ogólnokszta³c¹ce Nr VIII im. Aleksandra Kamiñskiego w Opolu;Obie odpowiedzi s¹ poprawne.;s¹ normalne i potrzebne, poniewa¿ realizuj¹ szereg wa¿nych funkcji.;Przyjêcie odpowiedniej postawy cia³a lub wykonanie prostych ruchów.;Wdech odbywa siê przez nos, a wydech – przez usta.;Codzienna troska o fizycznoœæ, opieraj¹ca siê na trzech g³ównych filarach: w³aœciwej diecie, odpowiedniej iloœci snu i ruchu.
1.8.2026 16:20:29;Akceptujê;nauczycielem;21 lat i wiêcej;Publiczne Liceum Ogólnokszta³c¹ce Nr VIII im. Aleksandra Kamiñskiego w Opolu;Uruchamiaj¹ ca³y zespó³ zmian w ciele, w sposobie myœlenia i zachowaniu cz³owieka.;mo¿na podzieliæ na dobre (pozytywne) i z³e (negatywne).;Przyjêcie odpowiedniej postawy cia³a lub wykonanie prostych ruchów.;Wdech odbywa siê przez nos, a wydech – przez usta.;Codzienna troska o fizycznoœæ, opieraj¹ca siê na trzech g³ównych filarach: w³aœciwej diecie, odpowiedniej iloœci snu i ruchu.
1.8.2026 16:31:49;Akceptujê;psychologiem;11-15 lat;Publiczne Liceum Ogólnokszta³c¹ce Nr VIII im. Aleksandra Kamiñskiego w Opolu;Obie odpowiedzi s¹ poprawne.;s¹ normalne i potrzebne, poniewa¿ realizuj¹ szereg wa¿nych funkcji.;Przyjêcie odpowiedniej postawy cia³a lub wykonanie prostych ruchów.;Wdech odbywa siê przez nos, a wydech – przez usta.;¯adna z powy¿szych.
1.8.2026 16:35:01;Akceptujê;nauczycielem;21 lat i wiêcej;Publiczne Liceum Ogólnokszta³c¹ce Nr VIII im. Aleksandra Kamiñskiego w Opolu;To reakcje, które pojawiaj¹ siê w odpowiedzi na subiektywnie wa¿n¹ dla danej osoby sytuacjê.;s¹ normalne i potrzebne, poniewa¿ realizuj¹ szereg wa¿nych funkcji.;Przyjêcie odpowiedniej postawy cia³a lub wykonanie prostych ruchów.;Wdech odbywa siê przez nos, a wydech – przez usta.;Codzienna troska o fizycznoœæ, opieraj¹ca siê na trzech g³ównych filarach: w³aœciwej diecie, odpowiedniej iloœci snu i ruchu.
1.8.2026 16:53:13;Akceptujê;nauczycielem;11-15 lat;Publiczne Liceum Ogólnokszta³c¹ce Nr VIII im. Aleksandra Kamiñskiego w Opolu;Obie odpowiedzi s¹ poprawne.;s¹ normalne i potrzebne, poniewa¿ realizuj¹ szereg wa¿nych funkcji.;Przyjêcie odpowiedniej postawy cia³a lub wykonanie prostych ruchów.;Wdech odbywa siê przez nos, a wydech – przez usta.;Codzienna troska o fizycznoœæ, opieraj¹ca siê na trzech g³ównych filarach: w³aœciwej diecie, odpowiedniej iloœci snu i ruchu.
1.8.2026 16:59:55;Akceptujê;nauczycielem;21 lat i wiêcej;Publiczne Liceum Ogólnokszta³c¹ce Nr VIII im. Aleksandra Kamiñskiego w Opolu;Obie odpowiedzi s¹ poprawne.;mo¿na podzieliæ na dobre (pozytywne) i z³e (negatywne).;Przyjêcie odpowiedniej postawy cia³a lub wykonanie prostych ruchów.;Wdech i wydech odbywaj¹ siê przez nos.;Optymistyczne nastawienie do codziennoœci i koncentrowanie siê na pozytywnych aspektach w³asnego ¿ycia.
1.8.2026 17:10:17;Akceptujê;nauczycielem;1-5 lat;Publiczne Liceum Ogólnokszta³c¹ce Nr VIII im. Aleksandra Kamiñskiego w Opolu;Obie odpowiedzi s¹ poprawne.;s¹ normalne i potrzebne, poniewa¿ realizuj¹ szereg wa¿nych funkcji.;Przyjêcie odpowiedniej postawy cia³a lub wykonanie prostych ruchów.;Wdech odbywa siê przez nos, a wydech – przez usta.;Optymistyczne nastawienie do codziennoœci i koncentrowanie siê na pozytywnych aspektach w³asnego ¿ycia.
1.8.2026 18:20:06;Akceptujê;nauczycielem;1-5 lat;Publiczne Liceum Ogólnokszta³c¹ce Nr VIII im. Aleksandra Kamiñskiego w Opolu;Obie odpowiedzi s¹ poprawne.;s¹ normalne i potrzebne, poniewa¿ realizuj¹ szereg wa¿nych funkcji.;Przyjêcie odpowiedniej postawy cia³a lub wykonanie prostych ruchów.;Wdech odbywa siê przez nos, a wydech – przez usta.;Optymistyczne nastawienie do codziennoœci i koncentrowanie siê na pozytywnych aspektach w³asnego ¿ycia.
